"","name","Team","position","playerid","PA","AB","R","HR","RBI","SB","AVG","marginal.total.points","dollar.value","status"
"1","Mike Trout","Angels","outfield","10155",651,530,114,39,115,22,0.31,14.16,38.97,"drafted"
"2","Giancarlo Stanton","Yankees","outfield","4949",630,537,110,53,131,3,0.281,12.17,33.49,"drafted"
"3","Trea Turner","Nationals","shortstop","16252",616,587,94,16,65,49,0.296,12,33.03,"drafted"
"4","Jose Altuve","Astros","second_base","5417",651,597,95,20,90,27,0.318,11.67,32.12,"drafted"
"5","Nolan Arenado","Rockies","third_base","9777",665,591,101,39,116,4,0.296,11.37,31.31,"drafted"
"6","Bryce Harper","Nationals","outfield","11579",616,508,101,36,108,8,0.305,11.26,31,"drafted"
"7","Mookie Betts","Red Sox","outfield","13611",630,570,103,25,88,21,0.3,10.87,29.94,"drafted"
"8","Manny Machado","Orioles","third_base","11493",665,599,102,37,106,7,0.29,10.79,29.71,"drafted"
"9","Kris Bryant","Cubs","third_base","15429",672,565,108,34,105,7,0.288,10.76,29.63,"drafted"
"10","Paul Goldschmidt","Diamondbacks","first_base","9218",665,552,99,33,106,17,0.295,10.69,29.43,"drafted"
"11","Carlos Correa","Astros","shortstop","14162",651,564,95,32,111,8,0.297,10.54,29.03,"drafted"
"12","Jose Ramirez","Indians","third_base","13510",665,604,96,22,92,17,0.3,10.38,28.58,"drafted"
"13","Charlie Blackmon","Rockies","outfield","7859",630,597,103,26,80,16,0.302,10.11,27.83,"drafted"
"14","Josh Donaldson","Blue Jays","third_base","5038",644,535,106,36,105,4,0.277,9.94,27.37,"drafted"
"15","Francisco Lindor","Indians","shortstop","12916",665,605,104,25,88,15,0.292,9.94,27.37,"drafted"
"16","J.D. Martinez",NA,"outfield","6184",630,528,95,39,113,4,0.284,9.77,26.89,"drafted"
"17","Anthony Rizzo","Cubs","first_base","3473",665,552,100,34,110,7,0.283,9.27,25.51,"drafted"
"18","Joey Votto","Reds","first_base","4314",665,530,99,29,102,4,0.304,9.15,25.19,"drafted"
"19","Aaron Judge","Yankees","outfield","15640",630,529,104,39,105,6,0.26,8.95,24.64,"drafted"
"20","George Springer","Astros","outfield","12856",630,545,109,31,86,9,0.276,8.92,24.56,"drafted"
"21","Starling Marte","Pirates","outfield","9241",630,578,80,17,69,32,0.288,8.9,24.51,"drafted"
"22","Nelson Cruz","Mariners","outfield","2434",637,556,91,37,109,2,0.277,8.77,24.14,"drafted"
"23","Cody Bellinger","Dodgers","outfield","15998",630,543,90,38,108,10,0.258,8.73,24.04,"drafted"
"24","A.J. Pollock","Diamondbacks","outfield","9256",630,542,96,20,68,25,0.281,8.65,23.8,"drafted"
"25","Andrew Benintendi","Red Sox","outfield","17901",630,577,93,20,82,17,0.288,8.64,23.79,"drafted"
"26","Gary Sanchez","Yankees","catcher","11442",515,469,77,31,89,3,0.273,8.6,23.69,"drafted"
"27","Alex Bregman","Astros","third_base","17678",630,576,87,22,85,14,0.282,8.5,23.4,"drafted"
"28","Freddie Freeman","Braves","first_base","5361",630,537,90,30,99,6,0.292,8.37,23.04,"drafted"
"29","Marcell Ozuna","Cardinals","outfield","10324",616,548,84,31,98,3,0.291,8.28,22.8,"drafted"
"30","Corey Seager","Dodgers","shortstop","13624",630,554,98,25,84,4,0.292,8.26,22.73,"drafted"
"31","Rhys Hoskins","Phillies","outfield","16472",630,543,91,36,105,5,0.265,8.23,22.66,"drafted"
"32","Tommy Pham","Cardinals","outfield","2967",615,532,91,22,76,21,0.273,8.09,22.28,"drafted"
"33","Brian Dozier","Twins","second_base","9810",651,577,105,30,83,13,0.259,8.06,22.2,"drafted"
"34","Christian Yelich","Marlins","outfield","11477",644,574,89,18,74,15,0.294,7.96,21.92,"drafted"
"35","Ian Desmond","Rockies","shortstop","6885",610,486,78,23,81,16,0.283,7.92,21.8,"drafted"
"36","Dee Gordon","Mariners","second_base","8203",623,615,70,4,44,46,0.287,7.9,21.76,"drafted"
"37","Anthony Rendon","Nationals","third_base","12861",616,515,83,22,89,7,0.286,7.82,21.54,"drafted"
"38","Daniel Murphy","Nationals","second_base","4316",595,514,80,20,87,3,0.312,7.8,21.46,"drafted"
"39","Rougned Odor","Rangers","second_base","12282",644,575,82,32,97,14,0.256,7.74,21.31,"drafted"
"40","Evan Gattis","Astros","catcher","11003",580,455,77,30,89,2,0.259,7.71,21.24,"drafted"
"41","Byron Buxton","Twins","outfield","14161",630,554,77,21,81,27,0.26,7.62,20.99,"drafted"
"42","Willson Contreras","Cubs","catcher","11609",542,474,71,21,81,5,0.275,7.56,20.81,"drafted"
"43","Joey Gallo","Rangers","third_base","14128",637,518,91,43,103,7,0.228,7.48,20.6,"drafted"
"44","Ryan Braun","Brewers","outfield","3410",581,464,77,27,84,13,0.276,7.44,20.48,"drafted"
"45","Adrian Beltre","Rangers","third_base","639",623,532,80,24,90,2,0.288,7.39,20.36,"drafted"
"46","Buster Posey","Giants","catcher","9166",540,483,66,14,69,4,0.301,7.39,20.34,"drafted"
"47","Xander Bogaerts","Red Sox","shortstop","12161",630,561,78,16,81,12,0.292,7.38,20.32,""
"48","Jean Segura","Mariners","shortstop","5933",616,560,82,14,63,22,0.284,7.34,20.21,""
"49","Elvis Andrus","Rangers","shortstop","8709",644,599,75,12,70,23,0.283,7.32,20.16,"drafted"
"50","Yoenis Cespedes","Mets","outfield","13110",602,537,85,31,91,3,0.276,7.3,20.08,"drafted"
"51","Justin Upton","Angels","outfield","5222",630,554,85,31,96,12,0.253,7.29,20.07,"drafted"
"52","Eric Hosmer",NA,"first_base","3516",651,590,85,26,92,5,0.291,7.28,20.05,"drafted"
"53","Eddie Rosario","Twins","outfield","12155",630,569,77,24,89,11,0.276,7.26,19.98,"drafted"
"54","Jonathan Schoop","Orioles","second_base","11265",644,522,83,31,95,2,0.277,7.24,19.94,"drafted"
"55","Justin Turner","Dodgers","third_base","5235",560,507,79,20,78,4,0.296,7.22,19.88,"drafted"
"56","Jose Abreu","White Sox","first_base","15676",609,493,81,30,94,2,0.292,7.2,19.81,"drafted"
"57","Willie Calhoun","Rangers","outfield","17838",623,494,82,29,90,4,0.278,7.13,19.63,"drafted"
"58","Lorenzo Cain",NA,"outfield","9077",595,556,82,14,64,19,0.29,7.12,19.61,""
"59","Miguel Sano","Twins","third_base","12164",595,454,86,34,99,1,0.255,7.11,19.56,"drafted"
"60","Khris Davis","Athletics","outfield","9112",630,554,89,38,105,3,0.245,7.1,19.56,"drafted"
"61","DJ LeMahieu","Rockies","second_base","9874",665,529,87,10,65,10,0.31,7.08,19.48,""
"62","Jake Lamb","Diamondbacks","third_base","13329",658,536,87,30,96,6,0.253,7.06,19.43,"drafted"
"63","Yasiel Puig","Dodgers","outfield","14225",560,488,75,25,84,11,0.278,7.02,19.34,"drafted"
"64","Rafael Devers","Red Sox","third_base","17350",560,500,74,22,83,6,0.286,7,19.27,"drafted"
"65","Nick Castellanos","Tigers","third_base","11737",630,552,79,25,90,5,0.272,6.97,19.18,"drafted"
"66","Jose Peraza","Reds","shortstop","13593",665,586,73,9,57,30,0.278,6.95,19.14,"drafted"
"67","Kyle Seager","Mariners","third_base","9785",637,563,83,28,91,4,0.265,6.92,19.06,"drafted"
"68","Miguel Cabrera","Tigers","first_base","1744",630,521,85,28,92,1,0.29,6.89,18.98,"drafted"
"69","Edwin Encarnacion","Indians","first_base","2151",651,539,94,36,107,2,0.254,6.89,18.98,"drafted"
"70","Trevor Story","Rockies","shortstop","12564",644,540,80,29,92,11,0.253,6.89,18.97,"drafted"
"71","Robinson Cano","Mariners","second_base","3269",637,592,83,25,89,2,0.285,6.87,18.92,"drafted"
"72","Adam Jones","Orioles","outfield","6368",630,526,83,29,87,3,0.274,6.71,18.47,"drafted"
"73","Wil Myers","Padres","first_base","10047",644,577,85,29,85,17,0.253,6.69,18.43,"drafted"
"74","Andrew McCutchen","Giants","outfield","9847",616,554,89,23,76,9,0.272,6.64,18.27,"drafted"
"75","David Dahl","Rockies","outfield","13744",545,438,68,20,75,13,0.283,6.47,17.8,""
"76","Javier Baez","Cubs","shortstop","12979",590,518,70,25,80,12,0.265,6.38,17.56,"drafted"
"77","Paul DeJong","Cardinals","shortstop","18015",630,555,77,28,92,4,0.264,6.36,17.51,"drafted"
"78","Eduardo Nunez",NA,"third_base","6848",490,396,59,14,57,20,0.288,6.3,17.35,"drafted"
"79","Domingo Santana","Brewers","outfield","10348",609,522,77,28,84,10,0.258,6.3,17.34,"drafted"
"80","Jorge Polanco","Twins","shortstop","13152",644,556,75,16,74,14,0.274,6.29,17.3,""
"81","Yulieski Gurriel","Astros","first_base","19198",609,513,76,21,85,4,0.295,6.2,17.08,"drafted"
"82","Evan Longoria","Giants","third_base","9368",630,513,76,24,85,4,0.267,6.18,17.02,"drafted"
"83","Jonathan Villar","Brewers","shortstop","10071",562,446,69,15,53,34,0.25,6.18,17.01,"drafted"
"84","Mike Moustakas",NA,"third_base","4892",560,490,73,30,84,1,0.266,6.11,16.82,"drafted"
"85","Trey Mancini","Orioles","outfield","15149",644,514,78,24,85,2,0.275,6.02,16.59,"drafted"
"86","Didi Gregorius","Yankees","shortstop","6012",616,562,75,23,81,5,0.273,6.01,16.54,"drafted"
"87","Ender Inciarte","Braves","outfield","4922",630,599,77,9,54,19,0.287,5.99,16.49,"drafted"
"88","Nomar Mazara","Rangers","outfield","14553",630,570,81,24,83,4,0.27,5.98,16.47,"drafted"
"89","Salvador Perez","Royals","catcher","7304",525,483,61,24,75,1,0.263,5.98,16.46,"drafted"
"90","Eugenio Suarez","Reds","third_base","12552",623,544,79,25,82,6,0.257,5.95,16.38,"drafted"
"91","Billy Hamilton","Reds","outfield","10199",560,492,52,6,45,51,0.247,5.93,16.33,"drafted"
"92","Odubel Herrera","Phillies","outfield","11476",630,574,78,15,66,14,0.277,5.93,16.33,"drafted"
"93","Matt Olson","Athletics","outfield","14344",616,534,86,34,95,3,0.241,5.92,16.29,"drafted"
"94","Chris Taylor","Dodgers","outfield","13757",630,572,86,15,62,16,0.268,5.92,16.29,"drafted"
"95","Kevin Kiermaier","Rays","outfield","11038",630,501,76,19,68,20,0.257,5.88,16.18,"drafted"
"96","Gregory Bird","Yankees","first_base","14131",588,470,85,31,94,2,0.26,5.86,16.13,"drafted"
"97","Shin-Soo Choo","Rangers","outfield","3174",630,484,87,22,71,10,0.26,5.84,16.07,"drafted"
"98","Hanley Ramirez","Red Sox","first_base","8001",595,480,79,27,91,4,0.27,5.83,16.05,""
"99","Adam Eaton","Nationals","outfield","11205",595,541,80,11,59,14,0.285,5.81,16,"drafted"
"100","Jedd Gyorko","Cardinals","third_base","10816",604,491,74,26,83,5,0.257,5.78,15.92,"drafted"
"101","Matt Carpenter","Cardinals","third_base","8090",595,492,91,20,72,3,0.263,5.74,15.8,"drafted"
"102","Michael Brantley","Indians","outfield","4106",504,404,65,15,68,10,0.292,5.73,15.79,""
"103","Travis Shaw","Brewers","third_base","11982",616,534,74,28,85,6,0.25,5.73,15.78,"drafted"
"104","Wilmer Flores","Mets","third_base","5827",560,478,67,25,78,3,0.273,5.7,15.69,""
"105","Jackie Bradley Jr.","Red Sox","outfield","12984",630,519,79,22,83,8,0.259,5.67,15.61,"drafted"
"106","Mitch Haniger","Mariners","outfield","14274",609,514,76,22,81,8,0.262,5.62,15.46,"drafted"
"107","David Peralta","Diamondbacks","outfield","2136",595,479,75,17,69,8,0.281,5.61,15.46,""
"108","Whit Merrifield","Royals","second_base","11281",588,566,71,12,53,23,0.272,5.61,15.44,"drafted"
"109","Dexter Fowler","Cardinals","outfield","4062",623,503,85,17,71,11,0.262,5.59,15.38,""
"110","Gregory Polanco","Pirates","outfield","12907",595,522,68,19,75,13,0.268,5.58,15.35,""
"111","J.T. Realmuto","Marlins","catcher","11739",512,414,55,14,61,7,0.275,5.56,15.31,""
"112","Kevin Pillar","Blue Jays","outfield","12434",630,522,72,15,70,16,0.267,5.52,15.19,"drafted"
"113","Maikel Franco","Phillies","third_base","12179",574,506,68,27,83,1,0.265,5.51,15.17,""
"114","Justin Smoak","Blue Jays","first_base","9054",630,547,85,31,95,1,0.253,5.5,15.13,"drafted"
"115","Yadier Molina","Cardinals","catcher","7007",550,469,56,13,62,5,0.277,5.48,15.09,"drafted"
"116","Scott Schebler","Reds","outfield","12225",616,506,72,29,86,7,0.248,5.39,14.85,"drafted"
"117","Cesar Hernandez","Phillies","second_base","10556",630,572,83,9,51,16,0.279,5.38,14.81,"drafted"
"118","Corey Dickerson","Rays","outfield","10762",630,512,77,26,80,4,0.26,5.37,14.78,"drafted"
"119","Josh Reddick","Astros","outfield","3892",560,484,69,17,72,6,0.282,5.33,14.66,""
"120","Dustin Pedroia","Red Sox","second_base","8370",595,480,70,12,67,6,0.293,5.27,14.5,""
"121","Mark Trumbo","Orioles","outfield","6876",581,463,74,31,87,1,0.253,5.25,14.45,""
"122","Avisail Garcia","White Sox","outfield","5760",560,444,65,20,73,5,0.281,5.23,14.4,"drafted"
"123","Delino DeShields","Rangers","outfield","11379",595,464,74,10,51,31,0.247,5.21,14.33,"drafted"
"124","Matt Chapman","Athletics","third_base","16505",630,536,79,29,86,6,0.229,5.16,14.21,"drafted"
"125","Neil Walker",NA,"second_base","7539",595,462,74,22,77,3,0.27,5.16,14.2,""
"126","Andrelton Simmons","Angels","shortstop","10847",644,555,67,12,67,14,0.271,5.13,14.13,"drafted"
"127","Ian Happ","Cubs","outfield","17919",560,493,71,25,77,9,0.252,5.13,14.12,"drafted"
"128","Tim Anderson","White Sox","shortstop","15172",630,528,67,15,65,16,0.263,5.12,14.11,"drafted"
"129","Carlos Santana","Phillies","first_base","2396",610,508,83,27,83,4,0.258,5.12,14.09,"drafted"
"130","Marcus Semien","Athletics","shortstop","12533",595,542,74,21,68,13,0.252,5.11,14.07,""
"131","Jay Bruce","Mets","outfield","9892",623,531,76,31,90,3,0.241,5.08,13.97,""
"132","Justin Bour","Marlins","first_base","9744",595,457,73,29,86,2,0.266,5.06,13.93,"drafted"
"133","Aaron Hicks","Yankees","outfield","5297",560,468,71,19,71,13,0.257,5.05,13.9,"drafted"
"134","Raimel Tapia","Rockies","outfield","14350",490,396,54,8,55,16,0.296,5.02,13.83,""
"135","Kole Calhoun","Angels","outfield","11200",644,539,79,21,79,4,0.259,5,13.76,""
"136","Ozzie Albies","Braves","second_base","16556",560,539,68,10,54,20,0.273,4.99,13.75,"drafted"
"137","Austin Hays","Orioles","outfield","19363",525,426,65,19,68,7,0.277,4.96,13.64,""
"138","Michael Conforto","Mets","outfield","16376",504,437,73,24,72,3,0.267,4.95,13.64,"drafted"
"139","Tim Beckham","Orioles","shortstop","7949",637,507,74,21,74,8,0.255,4.94,13.61,"drafted"
"140","Brandon Belt","Giants","first_base","10264",602,500,78,22,85,5,0.264,4.92,13.55,""
"141","Josh Bell","Pirates","first_base","13145",595,549,74,22,80,4,0.272,4.91,13.51,"drafted"
"142","Manuel Margot","Padres","outfield","14712",560,571,70,13,51,20,0.266,4.9,13.49,"drafted"
"143","Ian Kinsler","Angels","second_base","6195",595,548,80,18,62,11,0.26,4.86,13.37,""
"144","Ryan Zimmerman","Nationals","first_base","4220",534,471,70,26,83,2,0.27,4.85,13.35,"drafted"
"145","Kolten Wong","Cardinals","second_base","12532",588,466,68,13,68,11,0.272,4.83,13.3,""
"146","Ketel Marte","Diamondbacks","shortstop","13613",560,440,62,8,57,12,0.288,4.81,13.25,"drafted"
"147","Brett Gardner","Yankees","outfield","9927",560,501,79,15,56,14,0.262,4.76,13.09,"drafted"
"148","Ryon Healy","Mariners","third_base","15447",588,502,68,23,77,1,0.262,4.74,13.06,"drafted"
"149","Josh Harrison","Pirates","third_base","8202",560,533,65,11,53,12,0.277,4.71,12.98,""
"150","Bradley Zimmer","Indians","outfield","16221",525,486,62,16,61,24,0.246,4.69,12.92,"drafted"
"151","Yasmany Tomas","Diamondbacks","outfield","17171",525,422,63,24,78,4,0.265,4.68,12.89,""
"152","Raul Mondesi","Royals","second_base","13769",574,482,60,14,59,30,0.239,4.66,12.84,""
"153","Todd Frazier",NA,"third_base","785",595,511,72,28,82,7,0.229,4.65,12.81,"drafted"
"154","Orlando Arcia","Brewers","shortstop","13185",595,463,59,15,65,15,0.261,4.62,12.71,"drafted"
"155","Starlin Castro","Marlins","shortstop","4579",595,550,67,17,69,3,0.276,4.61,12.68,"drafted"
"156","Steven Souza Jr.","Rays","outfield","5667",630,480,75,25,75,12,0.234,4.6,12.66,"drafted"
"157","Zack Cozart","Angels","shortstop","2616",595,509,72,19,74,4,0.259,4.52,12.45,"drafted"
"158","Michael Taylor","Nationals","outfield","11489",520,457,58,19,64,20,0.249,4.52,12.44,"drafted"
"159","Cheslor Cuthbert","Royals","third_base","10473",651,542,70,18,72,3,0.262,4.51,12.43,""
"160","Max Kepler","Twins","outfield","12144",560,474,67,20,72,7,0.26,4.42,12.17,"drafted"
"161","Robinson Chirinos","Rangers","catcher","3142",515,386,64,22,66,4,0.232,4.35,11.98,""
"162","Yoan Moncada","White Sox","second_base","17232",595,458,69,18,62,20,0.237,4.31,11.87,"drafted"
"163","Christian Vazquez","Red Sox","catcher","9774",448,379,53,8,50,6,0.273,4.3,11.85,""
"164","Amed Rosario","Mets","shortstop","15518",630,554,61,10,59,18,0.259,4.3,11.83,"drafted"
"165","Mike Zunino","Mariners","catcher","13265",480,425,63,25,70,1,0.229,4.28,11.77,"drafted"
"166","Mikie Mahtook","Tigers","outfield","13130",630,502,69,16,72,8,0.259,4.26,11.74,""
"167","Chris Davis","Orioles","first_base","9272",602,497,81,36,90,2,0.227,4.24,11.67,""
"168","Wilson Ramos","Rays","catcher","1433",480,389,53,20,62,1,0.253,4.24,11.67,""
"169","Adam Duvall","Reds","outfield","10950",602,531,69,29,86,5,0.232,4.23,11.65,"drafted"
"170","Eric Thames","Brewers","first_base","3711",546,490,75,26,75,6,0.249,4.13,11.38,"drafted"
"171","Hunter Pence","Giants","outfield","8252",595,508,64,19,74,4,0.264,4.13,11.37,""
"172","Jose Iglesias","Tigers","shortstop","10231",595,463,63,8,58,12,0.274,4.12,11.35,""
"173","Jason Kipnis","Indians","second_base","9776",560,450,73,15,60,10,0.259,4.07,11.2,""
"174","Asdrubal Cabrera","Mets","shortstop","4962",595,502,66,18,67,4,0.262,3.99,10.99,""
"175","Jarrod Dyson",NA,"outfield","4866",455,351,49,6,43,29,0.263,3.91,10.76,""
"176","Joe Panik","Giants","second_base","11936",581,524,70,11,58,4,0.281,3.9,10.72,""
"177","Brandon Moss","Royals","outfield","4467",595,462,70,30,82,3,0.231,3.89,10.7,""
"178","Steve Pearce","Blue Jays","outfield","9957",539,383,67,22,73,2,0.257,3.86,10.63,""
"179","Jason Heyward","Cubs","outfield","4940",560,475,61,14,63,9,0.266,3.85,10.61,""
"180","Derek Dietrich","Marlins","third_base","10542",617,465,67,18,71,3,0.253,3.85,10.61,""
"181","Jose Pirela","Padres","outfield","5485",560,456,61,16,60,10,0.263,3.81,10.5,""
"182","Yonder Alonso","Indians","first_base","2530",560,428,71,20,73,3,0.266,3.81,10.49,"drafted"
"183","Scooter Gennett","Reds","second_base","10339",574,498,61,19,71,5,0.26,3.76,10.36,"drafted"
"184","Brandon Crawford","Giants","shortstop","5343",630,546,64,15,70,5,0.258,3.76,10.35,"drafted"
"185","Brian McCann","Astros","catcher","4810",448,364,57,20,61,2,0.238,3.7,10.19,"drafted"
"186","Devon Travis","Blue Jays","second_base","13862",455,434,61,12,51,7,0.282,3.65,10.06,""
"187","Mitch Moreland","Red Sox","first_base","3086",595,497,73,23,79,1,0.254,3.62,9.96,""
"188","Troy Tulowitzki","Blue Jays","shortstop","3531",546,426,62,20,68,2,0.259,3.57,9.84,""
"189","Martin Prado","Marlins","third_base","3312",560,458,62,11,56,2,0.277,3.55,9.77,""
"190","Ben Gamel","Mariners","outfield","12160",602,459,66,12,64,8,0.262,3.53,9.71,"drafted"
"191","Hunter Renfroe","Padres","outfield","15464",560,454,60,25,75,3,0.247,3.51,9.67,"drafted"
"192","Aaron Altherr","Phillies","outfield","11270",501,430,60,19,66,8,0.251,3.46,9.52,"drafted"
"193","Austin Meadows","Pirates","outfield","sa737440",581,462,57,13,60,16,0.251,3.45,9.51,"drafted"
"194","Jason Castro","Twins","catcher","8722",576,387,66,15,63,2,0.231,3.44,9.47,""
"195","Addison Russell","Cubs","shortstop","14106",525,480,61,19,69,4,0.251,3.43,9.43,""
"196","Marwin Gonzalez","Astros","first_base","5497",518,461,62,17,66,6,0.269,3.42,9.43,"drafted"
"197","Kendrys Morales","Blue Jays","dh","8610",560,481,71,26,81,1,0.258,3.42,9.41,"drafted"
"198","Ben Zobrist","Cubs","outfield","7435",570,459,66,14,66,4,0.261,3.37,9.27,"drafted"
"199","Brandon Phillips",NA,"second_base","791",490,437,52,10,51,10,0.28,3.37,9.27,""
"200","Joe Mauer","Twins","first_base","1857",574,483,66,10,63,2,0.287,3.36,9.24,""
"201","Jonathan Lucroy",NA,"catcher","7870",416,326,46,10,47,2,0.269,3.35,9.21,""
"202","Kyle Schwarber","Cubs","outfield","16478",455,436,64,25,69,2,0.244,3.28,9.03,"drafted"
"203","Victor Martinez","Tigers","dh","393",595,472,68,20,76,1,0.27,3.27,9,""
"204","Logan Morrison",NA,"first_base","9205",560,426,69,26,78,3,0.243,3.27,9,"drafted"
"205","Lucas Duda",NA,"first_base","2502",525,396,70,28,76,1,0.244,3.23,8.89,""
"206","Cory Spangenberg","Padres","third_base","12294",555,440,54,12,55,11,0.257,3.22,8.87,""
"207","Chris Owings","Diamondbacks","shortstop","10030",485,395,51,10,53,13,0.263,3.17,8.73,""
"208","Brad Miller","Rays","shortstop","12775",560,426,65,20,66,7,0.238,3.15,8.66,""
"209","Boog Powell","Athletics","outfield","15103",511,394,57,8,49,12,0.27,3.14,8.65,""
"210","Jorge Bonifacio","Royals","outfield","12174",595,498,63,20,68,3,0.249,3.09,8.51,"drafted"
"211","James McCann","Tigers","catcher","12859",480,404,50,13,53,3,0.248,3.06,8.43,""
"212","Jeimer Candelario","Tigers","third_base","13621",574,448,65,16,65,2,0.25,3.06,8.42,"drafted"
"213","Nick Delmonico","White Sox","outfield","13157",539,416,62,19,67,4,0.249,3.06,8.41,""
"214","Stephen Piscotty","Athletics","outfield","13367",532,460,62,16,62,6,0.254,3.05,8.39,""
"215","Jorge Soler","Royals","outfield","14221",574,469,65,24,70,2,0.241,3.03,8.34,""
"216","Jordy Mercer","Pirates","shortstop","6547",595,456,59,13,62,3,0.262,2.97,8.17,""
"217","Dixon Machado","Tigers","shortstop","11472",574,449,60,7,52,10,0.263,2.94,8.08,""
"218","J.P. Crawford","Phillies","third_base","15491",616,455,62,14,61,8,0.24,2.86,7.88,""
"219","Hernan Perez","Brewers","third_base","5751",432,356,45,11,48,14,0.258,2.86,7.88,""
"220","Alex Gordon","Royals","outfield","5209",616,494,65,18,64,8,0.238,2.85,7.83,""
"221","Randal Grichuk","Blue Jays","outfield","10243",455,401,57,23,66,5,0.243,2.83,7.8,""
"222","Ronald Acuna","Braves","outfield","sa877503",350,283,38,11,42,17,0.272,2.82,7.76,"drafted"
"223","Russell Martin","Blue Jays","catcher","4616",448,381,54,17,55,3,0.231,2.82,7.75,""
"224","Matt Duffy","Rays","third_base","13836",490,397,50,9,51,8,0.266,2.75,7.58,""
"225","Alcides Escobar",NA,"shortstop","6310",630,528,58,7,59,12,0.251,2.73,7.51,""
"226","Jed Lowrie","Athletics","second_base","4418",595,519,63,11,65,1,0.264,2.71,7.45,""
"227","Joc Pederson","Dodgers","outfield","11899",465,372,59,22,64,5,0.241,2.69,7.41,"drafted"
"228","Miguel Andujar","Yankees","third_base","15878",420,340,49,13,52,4,0.266,2.6,7.14,""
"229","Welington Castillo","White Sox","catcher","3256",384,306,43,16,49,1,0.247,2.58,7.1,"drafted"
"230","Tyler Flowers","Braves","catcher","9134",384,335,41,11,46,1,0.26,2.55,7.02,"drafted"
"231","Carlos Gonzalez",NA,"outfield","7287",455,364,54,18,62,2,0.257,2.54,6.99,""
"232","Travis d'Arnaud","Mets","catcher","7739",384,324,40,14,47,1,0.253,2.52,6.94,""
"233","Matt Wieters","Nationals","catcher","4298",448,353,45,13,51,2,0.245,2.47,6.81,""
"234","Melky Cabrera",NA,"outfield","4022",420,350,50,10,49,1,0.286,2.47,6.81,""
"235","Albert Almora Jr.","Cubs","outfield","14109",420,380,46,11,50,4,0.279,2.44,6.72,""
"236","Austin Barnes","Dodgers","catcher","12158",350,302,37,8,38,6,0.259,2.39,6.58,"drafted"
"237","Nick Markakis","Braves","outfield","5930",595,503,58,10,59,2,0.265,2.34,6.44,""
"238","Austin Hedges","Padres","catcher","12976",448,406,42,17,53,4,0.23,2.33,6.42,""
"239","Chris Iannetta","Rockies","catcher","8267",320,242,39,13,41,1,0.255,2.24,6.17,""
"240","Seth Smith",NA,"outfield","7331",490,377,62,16,55,3,0.252,2.24,6.17,""
"241","C.J. Cron","Angels","first_base","12546",455,377,54,19,62,4,0.257,2.19,6.02,""
"242","Colin Moran","Pirates","third_base","16909",434,357,47,13,52,3,0.262,2.13,5.87,""
"243","Logan Forsythe","Dodgers","second_base","7185",560,428,59,15,61,5,0.243,2.12,5.83,"drafted"
"244","Kennys Vargas","Twins","first_base","12101",546,304,65,22,69,1,0.242,2.12,5.83,""
"245","Francisco Cervelli","Pirates","catcher","5275",384,292,37,6,37,3,0.266,2.1,5.79,""
"246","Gerardo Parra","Rockies","outfield","8553",371,306,42,9,45,5,0.281,2.07,5.7,""
"247","Lonnie Chisenhall","Indians","outfield","7571",420,364,48,13,52,4,0.264,2.03,5.6,""
"248","Dansby Swanson","Braves","shortstop","18314",560,460,51,10,55,6,0.254,1.97,5.43,""
"249","Freddy Galvis","Padres","shortstop","6609",525,426,51,12,50,10,0.245,1.86,5.12,""
"250","Ronald Torreyes","Yankees","third_base","11400",455,362,48,6,45,5,0.267,1.85,5.11,""
"251","Chase Headley","Padres","third_base","4720",525,401,49,12,53,5,0.25,1.83,5.03,""
"252","Albert Pujols","Angels","first_base","1177",455,429,53,20,62,2,0.253,1.83,5.02,""
"253","Adam Engel","White Sox","outfield","15082",595,454,58,12,53,23,0.208,1.79,4.93,""
"254","Paulo Orlando","Royals","outfield","8628",490,400,47,8,47,9,0.262,1.75,4.82,""
"255","Bruce Maxwell","Athletics","catcher","13866",416,320,43,8,41,2,0.249,1.75,4.82,""
"256","Nick Williams","Phillies","outfield","14330",410,376,45,15,55,4,0.256,1.75,4.81,""
"257","Carlos Gomez",NA,"outfield","4881",420,333,48,14,48,11,0.243,1.7,4.67,""
"258","Chad Pinder","Athletics","shortstop","15191",469,406,50,15,54,5,0.245,1.68,4.61,""
"259","Matt Davidson","White Sox","third_base","7226",560,440,59,25,68,2,0.211,1.67,4.59,"drafted"
"260","Jose Reyes",NA,"third_base","1736",350,310,43,8,34,12,0.258,1.64,4.52,""
"261","Leonys Martin","Tigers","outfield","11846",420,334,44,9,42,18,0.243,1.62,4.47,""
"262","Yunel Escobar",NA,"third_base","4191",350,290,42,7,33,3,0.281,1.57,4.32,""
"263","Adeiny Hechavarria","Rays","shortstop","10459",560,443,51,8,52,5,0.252,1.51,4.16,""
"264","Chance Sisco","Orioles","catcher","15694",307,248,34,7,32,2,0.259,1.51,4.15,"drafted"
"265","Denard Span","Rays","outfield","8347",371,307,45,8,34,9,0.269,1.48,4.07,""
"266","Brandon Drury","Diamondbacks","outfield","11615",380,306,41,11,47,2,0.269,1.34,3.7,""
"267","Tucker Barnhart","Reds","catcher","10200",352,312,33,7,35,2,0.255,1.3,3.59,""
"268","Stephen Vogt","Brewers","catcher","5000",256,210,29,10,33,1,0.257,1.29,3.54,""
"269","Jose Martinez","Cardinals","outfield","7996",277,295,33,8,36,3,0.286,1.2,3.29,""
"270","Cameron Maybin",NA,"outfield","5223",350,279,41,7,32,16,0.253,1.18,3.25,""
"271","Derek Fisher","Astros","outfield","16192",308,287,43,11,41,11,0.248,1.14,3.13,""
"272","Matt Holliday",NA,"outfield","1873",420,318,47,16,53,1,0.248,1.11,3.06,""
"273","Yandy Diaz","Indians","third_base","16578",280,216,32,4,29,2,0.289,1.07,2.96,""
"274","Yolmer Sanchez","White Sox","second_base","11602",441,354,46,9,44,9,0.249,1.06,2.92,""
"275","Kurt Suzuki","Braves","catcher","8259",286,246,28,8,34,1,0.255,1.05,2.89,""
"276","Matt Joyce","Athletics","outfield","3353",413,418,54,15,48,3,0.243,1.05,2.88,""
"277","J.T. Riddle","Marlins","shortstop","17642",490,390,42,7,47,4,0.26,1.03,2.82,""
"278","Mike Tauchman","Rockies","outfield","15274",285,226,31,5,30,9,0.277,0.88,2.42,""
"279","Yasmani Grandal","Dodgers","catcher","11368",288,263,34,13,39,1,0.235,0.86,2.37,"drafted"
"280","Rio Ruiz","Braves","third_base","14103",495,376,48,14,53,4,0.23,0.85,2.34,""
"281","Enrique Hernandez","Dodgers","outfield","10472",473,392,50,15,55,4,0.234,0.81,2.24,""
"282","Curtis Granderson","Blue Jays","outfield","4747",399,325,51,16,52,3,0.233,0.76,2.08,""
"283","Martin Maldonado","Angels","catcher","6887",384,344,41,11,40,2,0.225,0.73,2.01,""
"284","Caleb Joseph","Orioles","catcher","7087",320,256,34,9,35,2,0.238,0.71,1.96,""
"285","Jon Jay",NA,"outfield","5227",420,334,45,4,35,5,0.268,0.71,1.95,""
"286","Robbie Grossman","Twins","outfield","5254",371,288,44,8,41,4,0.258,0.57,1.58,""
"287","Steven Duggar","Giants","outfield","sa827165",455,354,43,7,42,11,0.242,0.5,1.38,""
"288","Roberto Perez","Indians","catcher","2900",320,240,37,9,35,3,0.228,0.41,1.14,""
"289","John Hicks","Tigers","catcher","12547",233,196,23,6,26,3,0.25,0.32,0.87,""
"290","Steve Clevenger",NA,"catcher","9542",256,207,24,4,25,2,0.256,0.31,0.84,""
"291","Manny Pina","Brewers","catcher","2829",256,209,24,6,27,2,0.251,0.28,0.78,""
"292","Gleyber Torres","Yankees","shortstop","sa830372",329,259,37,7,35,10,0.246,0.27,0.75,"drafted"
"293","Daniel Robertson","Rays","shortstop","14145",476,358,47,9,45,4,0.239,0.26,0.7,""
"294","Mallex Smith","Rays","outfield","13608",280,224,30,3,24,18,0.252,0.2,0.54,""
"295","Miguel Rojas","Marlins","shortstop","7802",361,282,32,4,33,3,0.269,0.07,0.19,""
"296","Lane Adams","Braves","outfield","10767",355,278,35,8,36,18,0.227,0.05,0.15,""
"297","Cameron Rupp","Phillies","catcher","11146",320,252,32,12,38,1,0.222,0.05,0.15,""
"298","Devin Mesoraco","Reds","catcher","5666",256,199,28,10,32,2,0.231,0.05,0.13,""
"299","Alex Avila",NA,"catcher","7476",320,236,36,10,34,1,0.224,0,0.01,""
"300","Magneuris Sierra","Marlins","outfield","17023",357,292,30,3,31,12,0.257,-0.01,-0.03,""
"301","Yan Gomes","Indians","catcher","9627",256,232,29,9,32,1,0.233,-0.03,-0.09,""
"302","Christian Arroyo","Rays","third_base","16434",315,260,31,6,33,3,0.26,-0.04,-0.12,""
"303","Elias Diaz","Pirates","catcher","11680",192,161,17,3,19,2,0.263,-0.1,-0.27,""
"304","Yangervis Solarte","Blue Jays","third_base","5352",210,214,25,7,27,1,0.272,-0.11,-0.31,""
"305","Dawel Lugo","Tigers","shortstop","sa659207",308,258,31,6,33,2,0.264,-0.13,-0.37,""
"306","Dominic Smith","Mets","first_base","15653",385,310,40,13,46,1,0.253,-0.16,-0.44,""
"307","Joey Rickard","Orioles","outfield","13277",336,270,37,6,31,7,0.253,-0.19,-0.53,""
"308","Matt Adams","Nationals","first_base","9393",245,200,31,11,37,1,0.271,-0.21,-0.58,""
"309","Adam Frazier","Pirates","outfield","15223",228,189,25,2,19,6,0.281,-0.25,-0.68,""
"310","Jacoby Ellsbury","Yankees","outfield","4727",231,261,28,4,24,10,0.262,-0.25,-0.69,""
"311","Adonis Garcia","Braves","third_base","13777",240,204,25,7,28,2,0.266,-0.27,-0.73,""
"312","Kevin Plawecki","Mets","catcher","13807",224,182,21,6,24,1,0.248,-0.27,-0.75,""
"313","Lewis Brinson","Brewers","outfield","14352",245,197,28,9,30,6,0.257,-0.27,-0.75,"drafted"
"314","Garrett Cooper","Marlins","first_base","15279",318,252,32,8,36,1,0.274,-0.29,-0.8,""
"315","Howie Kendrick","Nationals","outfield","4229",179,166,19,4,20,4,0.286,-0.33,-0.91,""
"316","Tyler Ladendorf",NA,"second_base","3211",560,443,49,5,46,8,0.225,-0.34,-0.94,""
"317","Mike Napoli",NA,"first_base","3057",420,320,49,20,57,2,0.218,-0.38,-1.03,""
"318","Chris Herrmann","Diamondbacks","catcher","9284",256,202,26,8,28,4,0.227,-0.4,-1.1,""
"319","Josh Phegley","Athletics","catcher","9308",192,158,21,6,23,1,0.244,-0.47,-1.28,""
"320","Dioner Navarro",NA,"catcher","3179",256,206,24,7,27,2,0.234,-0.48,-1.33,""
"321","Andrew Toles","Dodgers","outfield","13414",175,149,21,5,21,4,0.277,-0.53,-1.46,""
"322","Danny Jansen","Blue Jays","catcher","sa738162",160,134,18,4,17,1,0.254,-0.56,-1.54,""
"323","David Freese","Pirates","third_base","9549",280,220,29,7,31,1,0.254,-0.6,-1.66,""
"324","Wilmer Difo","Nationals","shortstop","14320",248,204,26,4,24,7,0.26,-0.63,-1.72,""
"325","Ramon Torres","Royals","third_base","14113",252,212,24,3,22,7,0.259,-0.65,-1.79,""
"326","Willy Garcia","White Sox","outfield","12956",350,276,37,10,38,4,0.237,-0.69,-1.89,""
"327","Marco Hernandez","Red Sox","third_base","13154",189,132,20,3,20,4,0.272,-0.7,-1.93,""
"328","Victor Caratini","Cubs","catcher","14968",96,84,11,2,11,0,0.266,-0.76,-2.1,""
"329","Omar Narvaez","White Sox","catcher","13338",160,128,16,2,14,0,0.258,-0.77,-2.12,""
"330","Ben Revere",NA,"outfield","4712",175,152,18,1,15,9,0.276,-0.79,-2.17,""
"331","Jesus Sucre","Rays","catcher","5942",160,135,16,4,16,2,0.249,-0.81,-2.23,""
"332","Tyler Wade","Yankees","second_base","15730",266,212,29,4,26,11,0.247,-0.84,-2.3,""
"333","Francisco Mejia","Indians","catcher","16403",86,77,10,2,11,1,0.264,-0.85,-2.33,"drafted"
"334","Jeff Mathis","Diamondbacks","catcher","3448",320,255,28,7,31,2,0.221,-0.85,-2.33,""
"335","Greg Garcia","Cardinals","third_base","10951",304,244,30,3,27,4,0.252,-0.87,-2.4,""
"336","Pedro Severino","Nationals","catcher","14523",160,135,15,3,17,2,0.25,-0.87,-2.4,""
"337","Allen Cordoba","Padres","shortstop","15722",305,243,29,6,28,7,0.246,-0.88,-2.43,""
"338","Chris Young",NA,"outfield","3882",280,211,31,9,34,4,0.242,-0.93,-2.57,""
"339","Alex Dickerson","Padres","outfield","12649",231,188,24,7,28,2,0.261,-0.94,-2.59,""
"340","Aledmys Diaz","Blue Jays","shortstop","15937",182,172,22,6,22,2,0.265,-0.97,-2.68,""
"341","Tom Murphy","Rockies","catcher","13499",160,135,18,6,21,1,0.239,-0.98,-2.7,""
"342","Zack Granite","Twins","outfield","15343",140,134,16,2,14,6,0.279,-1.01,-2.78,""
"343","Eric Sogard","Brewers","second_base","7927",257,202,28,3,21,4,0.263,-1.07,-2.93,""
"344","Leury Garcia","White Sox","outfield","5913",210,178,23,5,20,7,0.259,-1.07,-2.96,""
"345","Jorge Alfaro","Phillies","catcher","12180",206,172,19,6,23,1,0.234,-1.09,-2.99,""
"346","Brian Anderson","Marlins","third_base","18289",250,201,25,7,28,1,0.25,-1.11,-3.07,""
"347","Tyler Saladino","White Sox","third_base","10807",280,228,28,5,25,8,0.238,-1.12,-3.1,""
"348","Keon Broxton","Brewers","outfield","9253",315,278,35,10,32,14,0.213,-1.14,-3.13,""
"349","Brett Nicholas","Rangers","catcher","11192",115,100,12,3,12,1,0.253,-1.18,-3.25,""
"350","Jesse Winker","Reds","outfield","13590",160,184,20,4,16,2,0.276,-1.2,-3.31,""
"351","Gorkys Hernandez","Giants","outfield","4146",275,219,26,3,24,7,0.253,-1.23,-3.4,""
"352","Ryan McMahon","Rockies","second_base","15112",113,98,13,3,14,2,0.284,-1.25,-3.44,"drafted"
"353","Tony Wolters","Rockies","catcher","11470",160,128,15,2,15,1,0.247,-1.28,-3.53,""
"354","Rafael Ortega","Marlins","outfield","10323",231,188,21,3,21,7,0.258,-1.31,-3.61,""
"355","Brandon Nimmo","Mets","outfield","12927",321,247,33,7,31,3,0.242,-1.34,-3.68,""
"356","Phillip Ervin","Reds","outfield","14738",244,195,26,7,25,11,0.234,-1.35,-3.71,""
"357","Sandy Leon","Red Sox","catcher","5273",192,162,20,4,20,1,0.234,-1.37,-3.76,""
"358","Eduardo Escobar","Twins","third_base","6153",175,264,20,5,21,1,0.258,-1.39,-3.83,""
"359","Rene Rivera","Angels","catcher","3648",192,157,20,6,21,1,0.229,-1.4,-3.86,""
"360","Bryce Brentz","Red Sox","outfield","10607",245,198,29,9,31,1,0.245,-1.41,-3.88,""
"361","Tomas Telis","Marlins","catcher","10067",39,34,4,0,4,0,0.268,-1.46,-4.01,""
"362","Brandon Guyer","Indians","outfield","2636",210,168,25,5,22,2,0.258,-1.5,-4.13,""
"363","Danny Valencia",NA,"third_base","6364",140,120,16,5,18,1,0.263,-1.5,-4.14,""
"364","Alex Verdugo","Dodgers","outfield","17027",210,173,21,4,22,3,0.262,-1.52,-4.17,"drafted"
"365","Guillermo Heredia","Mariners","outfield","18721",196,220,22,3,20,3,0.265,-1.55,-4.26,""
"366","Alejandro De Aza",NA,"outfield","3371",280,221,30,6,28,4,0.241,-1.57,-4.32,""
"367","T.J. Rivera","Mets","third_base","12495",114,102,11,2,12,1,0.276,-1.58,-4.35,""
"368","Austin Romine","Yankees","catcher","5491",128,110,13,3,14,1,0.242,-1.6,-4.4,""
"369","Drew Robinson","Rangers","third_base","11761",238,184,28,7,27,5,0.229,-1.61,-4.44,""
"370","Kevan Smith","White Sox","catcher","12284",90,79,9,2,9,0,0.253,-1.63,-4.48,""
"371","Daniel Descalso","Diamondbacks","shortstop","8392",281,215,29,6,29,3,0.238,-1.65,-4.53,""
"372","Victor Reyes","Tigers","outfield","sa657236",175,151,17,2,16,4,0.267,-1.65,-4.53,""
"373","Adrian Gonzalez","Mets","first_base","1908",240,196,27,8,30,1,0.256,-1.68,-4.63,""
"374","Juan Lagares","Mets","outfield","5384",210,176,20,4,20,4,0.256,-1.74,-4.78,""
"375","Jayson Werth",NA,"outfield","1327",245,196,29,8,26,3,0.239,-1.77,-4.88,""
"376","Carson Kelly","Cardinals","catcher","13620",96,100,9,2,10,0,0.248,-1.78,-4.91,"drafted"
"377","Brian Goodwin","Nationals","outfield","12858",206,172,25,6,21,4,0.247,-1.79,-4.94,""
"378","Andrew Knapp","Phillies","catcher","14942",128,106,12,3,13,1,0.24,-1.8,-4.96,""
"379","Nick Hundley","Giants","catcher","3376",115,101,11,3,13,1,0.24,-1.8,-4.96,""
"380","Luis Valbuena","Angels","third_base","4969",252,196,30,10,32,1,0.224,-1.82,-5.02,""
"381","Preston Tucker","Braves","outfield","13633",310,248,32,10,35,2,0.227,-1.84,-5.07,""
"382","Mike Marjama","Mariners","catcher","12594",147,123,15,3,15,2,0.231,-1.85,-5.09,""
"383","Luis Torrens","Padres","catcher","15905",128,107,11,2,12,1,0.241,-1.88,-5.17,""
"384","Johan Camargo","Braves","third_base","14950",135,154,12,2,14,1,0.267,-1.92,-5.28,""
"385","Dilson Herrera","Reds","second_base","14335",193,160,20,6,22,3,0.25,-1.93,-5.3,""
"386","Teoscar Hernandez","Blue Jays","outfield","13066",168,243,21,7,22,4,0.246,-1.95,-5.37,""
"387","Jake Marisnick","Astros","outfield","11339",217,198,26,7,26,8,0.228,-1.96,-5.39,""
"388","Victor Robles","Nationals","outfield","18363",90,85,10,2,9,4,0.273,-2.03,-5.59,"drafted"
"389","Jose Osuna","Pirates","outfield","12937",153,130,16,4,18,2,0.261,-2.04,-5.61,""
"390","Angel Pagan",NA,"outfield","2918",140,122,16,3,14,3,0.262,-2.1,-5.78,""
"391","Tommy La Stella","Cubs","third_base","12371",125,103,14,2,12,1,0.262,-2.13,-5.87,""
"392","Juan Centeno","Rangers","catcher","7168",32,28,3,0,3,0,0.256,-2.16,-5.96,""
"393","Tyler White","Astros","first_base","15564",231,174,28,8,29,2,0.243,-2.17,-5.97,""
"394","Pat Valaika","Rockies","third_base","14885",98,86,11,3,12,2,0.26,-2.23,-6.14,""
"395","Mitch Garver","Twins","catcher","15161",64,108,7,2,7,0,0.244,-2.25,-6.18,""
"396","Eloy Jimenez","White Sox","outfield","sa830373",98,86,12,4,12,1,0.267,-2.26,-6.23,"drafted"
"397","Billy Burns","Royals","outfield","12701",175,152,18,1,12,7,0.252,-2.27,-6.26,""
"398","Kelby Tomlinson","Giants","second_base","13005",162,132,15,1,13,5,0.259,-2.29,-6.3,""
"399","Luke Voit","Cardinals","first_base","14811",160,145,18,5,20,1,0.266,-2.31,-6.37,""
"400","Blake Swihart","Red Sox","catcher","13176",70,54,8,1,7,1,0.241,-2.32,-6.38,""
"401","Kyle Farmer","Dodgers","catcher","14813",53,47,5,1,5,0,0.247,-2.35,-6.47,""
"402","Charlie Culberson","Braves","shortstop","3298",310,254,26,4,27,4,0.228,-2.41,-6.64,""
"403","Raudy Read","Nationals","catcher","15766",32,29,3,1,4,0,0.249,-2.42,-6.65,""
"404","Tommy Joseph","Phillies","first_base","10349",171,145,20,8,25,1,0.251,-2.46,-6.78,""
"405","Jose Lobaton",NA,"catcher","4243",96,81,9,3,10,1,0.232,-2.48,-6.84,""
"406","Cam Gallagher","Royals","catcher","12981",32,28,3,1,3,0,0.248,-2.49,-6.85,""
"407","Isiah Kiner-Falefa","Rangers","catcher","sa737855",13,12,1,0,1,0,0.253,-2.5,-6.89,""
"408","Mike Gerber","Tigers","outfield","sa550125",140,118,15,4,16,3,0.253,-2.51,-6.91,""
"409","Jeremy Hazelbaker","Diamondbacks","outfield","9399",190,154,21,5,21,5,0.236,-2.52,-6.92,""
"410","Juan Graterol","Angels","catcher","5398",32,28,3,0,3,0,0.249,-2.52,-6.93,""
"411","Miguel Gomez","Giants","second_base","17075",56,50,6,1,6,0,0.28,-2.54,-7,""
"412","Carlos Perez","Angels","catcher","10642",32,28,3,1,3,0,0.246,-2.58,-7.11,""
"413","Taylor Motter","Mariners","shortstop","12399",154,128,17,4,17,5,0.237,-2.59,-7.14,""
"414","Dustin Fowler","Athletics","outfield","17098",119,107,13,3,13,4,0.253,-2.6,-7.17,""
"415","Jacob Stallings","Pirates","catcher","13723",64,58,6,1,6,1,0.238,-2.62,-7.21,""
"416","Abraham Almonte","Indians","outfield","5486",126,104,14,3,14,3,0.255,-2.64,-7.27,""
"417","Ramon Cabrera",NA,"catcher","10327",96,84,8,1,9,1,0.233,-2.65,-7.3,""
"418","Alexi Amarista",NA,"shortstop","9063",210,172,19,3,19,4,0.238,-2.67,-7.35,""
"419","Cole Gillespie",NA,"outfield","5888",210,170,20,3,20,4,0.238,-2.73,-7.53,""
"420","Jake Smolinski","Athletics","outfield","5408",161,134,18,4,17,2,0.246,-2.76,-7.59,""
"421","Matt Szczur","Padres","outfield","11255",224,176,20,4,20,4,0.237,-2.76,-7.59,""
"422","Jesus Aguilar","Brewers","first_base","11342",216,176,25,9,28,1,0.237,-2.77,-7.64,""
"423","Giovanny Urshela","Indians","third_base","10681",105,94,11,2,12,0,0.255,-2.78,-7.64,""
"424","Drew Butera","Royals","catcher","3411",77,67,7,2,8,1,0.23,-2.79,-7.67,""
"425","Jonathan Herrera",NA,"third_base","4182",210,176,18,2,18,3,0.236,-2.79,-7.69,""
"426","Ruben Tejada","Orioles","shortstop","5519",105,89,11,1,10,1,0.26,-2.81,-7.72,""
"427","Gregor Blanco",NA,"outfield","3123",140,116,15,2,12,5,0.248,-2.82,-7.78,""
"428","Noel Cuevas","Rockies","outfield","sa549566",35,32,4,1,4,1,0.275,-2.85,-7.85,""
"429","Ehire Adrianza","Twins","shortstop","8418",70,119,8,1,7,2,0.262,-2.85,-7.86,""
"430","Justin Williams","Rays","outfield","sa737559",84,75,9,2,9,1,0.263,-2.91,-8,""
"431","James Loney",NA,"first_base","4556",105,94,11,2,12,0,0.273,-2.97,-8.18,""
"432","Ryan Schimpf","Rays","third_base","9953",280,218,31,13,34,1,0.193,-3.01,-8.28,""
"433","Gavin Cecchini","Mets","second_base","17005",159,132,14,2,15,2,0.25,-3.04,-8.36,""
"434","Matt Reynolds","Mets","third_base","13788",200,162,18,3,17,3,0.231,-3.04,-8.36,""
"435","Pedro Alvarez",NA,"first_base","2495",140,118,17,8,21,0,0.247,-3.05,-8.4,""
"436","Melvin Upton Jr.","Indians","outfield","5015",175,146,19,5,20,5,0.228,-3.06,-8.43,""
"437","Rusney Castillo","Red Sox","outfield","17016",35,32,4,1,4,1,0.27,-3.07,-8.45,""
"438","Tomas Nido","Mets","catcher","13755",32,30,3,1,3,0,0.236,-3.1,-8.53,""
"439","Braxton Lee","Marlins","outfield","sa829053",140,118,12,1,11,4,0.25,-3.11,-8.55,""
"440","Austin Slater","Giants","outfield","16153",70,60,7,2,8,1,0.262,-3.11,-8.56,""
"441","Cliff Pennington",NA,"shortstop","3395",210,168,19,3,19,3,0.232,-3.11,-8.57,""
"442","Anthony Santander","Orioles","outfield","14551",70,62,8,3,9,1,0.259,-3.11,-8.57,""
"443","Sean Rodriguez","Pirates","first_base","6589",258,205,26,9,29,2,0.225,-3.14,-8.64,""
"444","Jordan Luplow","Pirates","outfield","16424",98,86,11,3,11,1,0.253,-3.16,-8.69,""
"445","Austin Wynns","Orioles","catcher","sa707785",13,12,1,0,1,0,0.24,-3.16,-8.69,""
"446","Jose Trevino","Rangers","catcher","sa827368",6,6,1,0,1,0,0.24,-3.16,-8.7,""
"447","Rob Segedin","Dodgers","third_base","11446",139,116,14,4,15,1,0.236,-3.17,-8.74,""
"448","Mark Canha","Athletics","outfield","11445",133,112,15,4,15,1,0.243,-3.18,-8.75,""
"449","Mac Williamson","Giants","outfield","14158",220,176,21,7,24,2,0.223,-3.2,-8.81,""
"450","Brett Phillips","Brewers","outfield","14735",177,142,18,5,19,3,0.229,-3.22,-8.88,""
"451","Ildemaro Vargas","Diamondbacks","third_base","13324",14,12,1,0,1,0,0.267,-3.25,-8.94,""
"452","Meibrys Viloria","Royals","catcher","sa830182",6,6,1,0,1,0,0.238,-3.26,-8.98,""
"453","Franklin Barreto","Athletics","shortstop","15519",112,100,11,2,11,3,0.242,-3.32,-9.13,""
"454","Adrian Sanchez","Nationals","third_base","11338",49,44,5,1,5,1,0.255,-3.32,-9.15,""
"455","Kyle Higashioka","Yankees","catcher","5517",32,28,4,1,4,0,0.23,-3.33,-9.16,""
"456","JaCoby Jones","Tigers","outfield","14818",175,145,17,4,18,4,0.229,-3.34,-9.21,""
"457","Reese McGuire","Blue Jays","catcher","sa737505",13,12,1,0,1,0,0.236,-3.36,-9.24,""
"458","Breyvic Valera","Cardinals","second_base","12758",28,25,3,0,3,1,0.269,-3.36,-9.26,""
"459","Harrison Bader","Cardinals","outfield","18030",91,94,10,3,11,2,0.247,-3.37,-9.28,""
"460","Jordan Patterson","Rockies","outfield","15119",49,43,6,2,6,1,0.259,-3.39,-9.32,""
"461","Grayson Greiner","Tigers","catcher","sa828801",32,28,3,1,3,0,0.23,-3.39,-9.34,""
"462","Rey Fuentes","Diamondbacks","outfield","10329",49,43,5,1,5,2,0.26,-3.41,-9.38,""
"463","Kaleb Cowart","Angels","third_base","11494",98,84,10,2,10,3,0.238,-3.44,-9.46,""
"464","Jett Bandy","Brewers","catcher","12508",26,22,2,1,3,0,0.23,-3.44,-9.46,""
"465","Andrew Romine","Mariners","third_base","1159",112,98,11,1,10,2,0.24,-3.45,-9.49,""
"466","Jaycob Brugman","Orioles","outfield","14936",77,66,8,2,8,1,0.254,-3.49,-9.6,""
"467","Andrew Stevenson","Nationals","outfield","17932",63,56,6,1,6,2,0.256,-3.5,-9.63,""
"468","Hunter Dozier","Royals","outfield","15117",210,171,21,5,20,2,0.223,-3.51,-9.66,""
"469","Matt Kemp","Dodgers","outfield","5631",15,14,2,1,2,0,0.267,-3.53,-9.72,""
"470","Tony Kemp","Astros","outfield","14894",14,12,2,0,1,0,0.27,-3.53,-9.72,""
"471","Andrew Susac","Brewers","catcher","13132",96,82,9,3,10,1,0.21,-3.53,-9.73,""
"472","Mauricio Dubon","Brewers","shortstop","sa738378",49,44,5,1,5,2,0.253,-3.56,-9.79,""
"473","Rocky Gale","Padres","catcher","10533",64,58,5,1,5,0,0.224,-3.56,-9.8,""
"474","Clint Frazier","Yankees","outfield","15983",77,74,9,3,10,1,0.247,-3.57,-9.84,""
"475","Brock Holt","Red Sox","outfield","9345",70,70,8,1,7,1,0.255,-3.59,-9.87,""
"476","Shane Robinson","Angels","outfield","4249",91,80,9,1,8,2,0.25,-3.59,-9.87,""
"477","Carlos Asuaje","Padres","second_base","15197",105,94,11,1,9,1,0.25,-3.62,-9.97,""
"478","Chad Wallach","Marlins","catcher","17161",64,56,6,1,6,0,0.22,-3.65,-10.05,""
"479","Erik Gonzalez","Indians","shortstop","13369",70,64,7,2,7,2,0.245,-3.69,-10.16,""
"480","Christian Villanueva","Padres","third_base","11738",105,92,10,3,12,1,0.233,-3.69,-10.17,""
"481","Rafael Bautista","Nationals","outfield","15769",21,18,2,0,2,1,0.262,-3.74,-10.29,""
"482","Pablo Sandoval","Giants","third_base","5409",43,38,4,1,5,0,0.249,-3.75,-10.32,""
"483","David Freitas","Mariners","catcher","10619",13,12,1,0,1,0,0.228,-3.76,-10.35,""
"484","J.J. Hardy","Orioles","shortstop","3797",84,73,9,2,9,0,0.244,-3.78,-10.4,""
"485","Travis Jankowski","Padres","outfield","13768",112,96,11,1,8,5,0.237,-3.78,-10.42,""
"486","Sam Travis","Red Sox","first_base","16263",35,32,4,1,4,1,0.269,-3.81,-10.48,""
"487","Alen Hanson","White Sox","outfield","12926",70,62,7,1,7,4,0.244,-3.83,-10.53,""
"488","Nick Ahmed","Diamondbacks","shortstop","12147",91,79,9,2,9,2,0.238,-3.84,-10.56,""
"489","Stuart Turner","Reds","catcher","15207",32,28,3,1,3,0,0.221,-3.85,-10.59,""
"490","Alfredo Gonzalez","White Sox","catcher","sa505301",6,6,1,0,1,0,0.226,-3.86,-10.64,""
"491","Franchy Cordero","Padres","outfield","14567",84,76,8,2,9,2,0.242,-3.9,-10.74,""
"492","Ryder Jones","Giants","third_base","15982",91,80,9,2,10,1,0.233,-3.93,-10.81,""
"493","Tzu-Wei Lin","Red Sox","third_base","14678",14,13,2,0,1,0,0.253,-3.93,-10.83,""
"494","Max Moroff","Pirates","shortstop","14556",151,120,15,3,14,2,0.224,-3.93,-10.83,""
"495","Kevin Newman","Pirates","shortstop","sa827183",14,12,1,0,1,0,0.258,-3.95,-10.87,""
"496","Ezequiel Carrera","Blue Jays","outfield","9048",49,66,5,1,5,1,0.251,-3.95,-10.88,""
"497","Dalton Pompey","Blue Jays","outfield","12797",35,30,4,1,4,1,0.253,-3.95,-10.89,""
"498","Carlos Tocci","Rangers","outfield","sa660101",35,32,3,0,3,0,0.258,-3.97,-10.94,""
"499","Charlie Tilson","White Sox","outfield","12983",28,25,3,0,3,1,0.256,-3.98,-10.94,""
"500","Taylor Davis","Cubs","third_base","12782",32,28,3,0,3,0,0.247,-4.03,-11.1,""
"501","Tyler Naquin","Indians","outfield","13359",14,12,2,0,2,0,0.259,-4.06,-11.18,""
"502","Alberto Callaspo",NA,"third_base","3336",105,92,9,1,9,1,0.232,-4.07,-11.22,""
"503","Tim Locastro","Dodgers","outfield","15124",42,38,4,0,4,1,0.251,-4.08,-11.22,""
"504","Tyler Austin","Yankees","first_base","11850",147,122,17,5,18,1,0.232,-4.08,-11.24,""
"505","Max Stassi","Astros","catcher","10059",32,38,4,1,4,0,0.215,-4.09,-11.25,""
"506","Roman Quinn","Phillies","outfield","13546",79,70,8,1,7,4,0.237,-4.14,-11.38,""
"507","Jarrett Parker","Giants","outfield","11624",139,114,14,4,15,2,0.225,-4.14,-11.39,""
"508","Dustin Garneau","Athletics","catcher","9433",32,28,3,1,3,0,0.215,-4.14,-11.4,""
"509","Luke Maile","Blue Jays","catcher","13355",19,17,2,0,2,0,0.218,-4.17,-11.47,""
"510","Hanser Alberto",NA,"second_base","11902",70,64,6,1,7,1,0.244,-4.19,-11.52,""
"511","Chris Bostick","Pirates","outfield","13718",28,24,3,0,3,1,0.252,-4.2,-11.56,""
"512","J.D. Davis","Astros","third_base","16219",35,36,4,1,5,0,0.24,-4.2,-11.56,""
"513","Jacob Nottingham","Brewers","catcher","sa737809",6,6,1,0,1,0,0.218,-4.27,-11.74,""
"514","Socrates Brito","Diamondbacks","outfield","12944",56,50,5,1,6,1,0.244,-4.27,-11.74,""
"515","Jose Bautista","Blue Jays","outfield","1887",214,184,13,4,13,1,0.224,-4.38,-12.07,""
"516","Sergio Alcantara","Tigers","shortstop","sa739641",49,44,4,0,4,1,0.241,-4.41,-12.13,""
"517","Micah Johnson","Rays","second_base","13809",70,60,7,1,6,3,0.236,-4.43,-12.19,""
"518","Ryan Rua","Rangers","outfield","12409",91,79,10,3,10,1,0.228,-4.48,-12.35,""
"519","Greg Allen","Indians","outfield","16623",35,30,4,0,3,1,0.245,-4.48,-12.35,""
"520","Edmundo Sosa","Cardinals","shortstop","sa736859",14,12,1,0,1,0,0.247,-4.5,-12.39,""
"521","Stephen Drew",NA,"second_base","4251",70,60,7,2,8,1,0.234,-4.5,-12.4,""
"522","Dwight Smith","Blue Jays","outfield","13473",7,6,1,0,1,0,0.251,-4.5,-12.4,""
"523","Deven Marrero","Red Sox","third_base","13325",77,65,7,1,7,2,0.225,-4.55,-12.51,""
"524","Cam Perkins","Mariners","outfield","13444",7,6,1,0,1,0,0.25,-4.55,-12.54,""
"525","Jake Cave","Yankees","outfield","sa597983",21,18,2,1,2,0,0.246,-4.58,-12.61,""
"526","Eric Young","Angels","outfield","7158",42,36,4,1,4,2,0.238,-4.58,-12.62,""
"527","Yairo Munoz","Cardinals","shortstop","sa657210",7,6,1,0,1,0,0.245,-4.6,-12.65,""
"528","Ryan Howard",NA,"first_base","2154",175,149,19,7,23,1,0.213,-4.61,-12.69,""
"529","Jose Rondon","Padres","shortstop","14140",35,25,3,0,3,0,0.241,-4.63,-12.76,""
"530","Alex Blandino","Reds","shortstop","sa602521",28,24,3,1,3,0,0.239,-4.63,-12.76,""
"531","Kyle Tucker","Astros","outfield","sa874240",21,18,3,1,3,1,0.241,-4.66,-12.84,"drafted"
"532","Billy McKinney","Yankees","outfield","sa737528",14,12,2,0,2,0,0.247,-4.66,-12.84,""
"533","Jefry Marte","Angels","first_base","5107",98,86,11,3,12,1,0.235,-4.67,-12.86,""
"534","Bubba Starling","Royals","outfield","sa597751",140,120,13,3,13,2,0.217,-4.7,-12.95,""
"535","Luis Guillorme","Mets","shortstop","sa737882",42,37,3,0,3,0,0.239,-4.72,-13,""
"536","Zach Vincej","Mariners","shortstop","13269",42,36,4,0,3,1,0.235,-4.75,-13.08,""
"537","Anthony Alford","Blue Jays","outfield","14329",7,19,1,0,1,0,0.246,-4.76,-13.09,"drafted"
"538","Jose Rondon","Padres","shortstop","14140",14,25,1,0,1,0,0.241,-4.79,-13.19,""
"539","Gordon Beckham",NA,"third_base","9015",35,31,3,1,3,0,0.231,-4.79,-13.19,""
"540","Jack Reinheimer","Diamondbacks","shortstop","14938",7,6,1,0,1,0,0.241,-4.8,-13.21,""
"541","Willy Adames","Rays","shortstop","sa736655",35,30,3,0,3,1,0.234,-4.8,-13.23,"drafted"
"542","Jose Siri","Reds","outfield","sa736940",42,38,4,1,4,2,0.233,-4.82,-13.27,""
"543","Richard Urena","Blue Jays","shortstop","16411",14,12,1,0,1,0,0.24,-4.85,-13.36,""
"544","Trevor Brown","Giants","catcher","13895",13,12,1,0,1,0,0.206,-4.86,-13.39,""
"545","Eric Haase","Indians","catcher","sa601042",13,12,1,0,2,0,0.205,-4.89,-13.47,""
"546","Austin Nola","Marlins","shortstop","sa577789",67,58,5,1,5,1,0.227,-4.94,-13.6,""
"547","Joey Wendle","Rays","second_base","13853",14,13,1,0,1,0,0.241,-5.03,-13.84,""
"548","A.J. Reed","Astros","first_base","16246",105,74,13,4,13,0,0.225,-5.04,-13.88,""
"549","Tyler O'Neill","Cardinals","outfield","sa737633",21,18,2,1,3,0,0.235,-5.1,-14.03,""
"550","Christian Walker","Diamondbacks","first_base","13419",14,12,2,1,2,0,0.249,-5.1,-14.03,""
"551","Renato Nunez","Athletics","outfield","14503",70,62,8,3,9,0,0.221,-5.13,-14.12,""
"552","Oscar Mercado","Cardinals","shortstop","sa737612",14,12,1,0,1,1,0.232,-5.13,-14.13,""
"553","Tyler Smith","Rangers","shortstop","12490",7,6,1,0,1,0,0.234,-5.16,-14.2,""
"554","Dan Vogelbach","Mariners","first_base","14130",42,35,5,1,5,0,0.242,-5.2,-14.3,""
"555","Ramon Laureano","Athletics","outfield","sa829185",7,6,1,0,1,0,0.237,-5.21,-14.34,""
"556","Jorge Mateo","Athletics","shortstop","sa657910",7,6,1,0,1,0,0.232,-5.25,-14.45,""
"557","Michael Hermosillo","Angels","outfield","sa738413",7,6,1,0,1,0,0.235,-5.31,-14.61,""
"558","Niko Goodrum","Twins","second_base","12092",14,16,1,0,1,0,0.234,-5.32,-14.66,""
"559","David Wright","Mets","third_base","3787",15,13,2,0,1,0,0.224,-5.37,-14.78,""
"560","Trayce Thompson","Dodgers","outfield","9952",60,52,6,2,7,1,0.218,-5.39,-14.84,""
"561","Terrance Gore","Royals","outfield","13658",35,31,3,0,3,2,0.225,-5.42,-14.91,""
"562","Mark Zagunis","Cubs","outfield","16565",21,17,2,0,2,0,0.23,-5.43,-14.94,""
"563","Patrick Kivlehan","Reds","outfield","13910",42,36,4,1,5,1,0.222,-5.45,-15.02,""
"564","Dylan Cozens","Phillies","outfield","sa657955",69,60,7,3,8,1,0.212,-5.51,-15.16,"drafted"
"565","Aristides Aquino","Reds","outfield","sa597058",21,18,2,1,2,0,0.226,-5.59,-15.4,""
"566","Ryan Cordell","White Sox","outfield","sa737938",7,6,1,0,1,0,0.228,-5.67,-15.6,""
"567","Engelb Vielma","Giants","shortstop","sa657416",7,6,0,0,0,0,0.224,-5.7,-15.7,""
"568","Daniel Palka","White Sox","outfield","sa549449",7,6,1,0,1,0,0.227,-5.71,-15.72,""
"569","Nolan Fontana","Angels","second_base","13267",63,53,6,1,5,1,0.204,-6.27,-17.26,""
"570","Jabari Blash","Yankees","outfield","11247",7,6,1,0,1,0,0.208,-6.66,-18.35,""
"571","Javier Guerra","Padres","shortstop","sa736916",35,32,3,1,3,0,0.198,-6.72,-18.5,""
"572","Gift Ngoepe","Blue Jays","second_base","10340",35,30,3,1,3,0,0.196,-7.02,-19.32,""
