"","name","Team","position","playerid","IP","ERA","WHIP","SV","W","K","marginal.total.points","dollar.value","status"
"1","Clayton Kershaw","Dodgers","pitcher","2036",215,2.29,0.93,0,17,258,12.66,34.86,"drafted"
"2","Max Scherzer","Nationals","pitcher","3137",211,3.08,1.02,0,15,255,9.57,26.36,"drafted"
"3","Noah Syndergaard","Mets","pitcher","11762",199,3.04,1.07,0,13,234,7.89,21.73,"drafted"
"4","Madison Bumgarner","Giants","pitcher","5524",209,3.1,1.08,0,14,218,7.79,21.44,"drafted"
"5","Chris Sale","Red Sox","pitcher","10603",213,3.42,1.09,0,15,221,7.51,20.69,"drafted"
"6","Aroldis Chapman","Yankees","pitcher","10233",65,2.28,0.99,35,4,104,7.27,20,"drafted"
"7","Corey Kluber","Indians","pitcher","2429",211,3.36,1.11,0,14,221,7.09,19.52,"drafted"
"8","Stephen Strasburg","Nationals","pitcher","10131",177,3.21,1.09,0,13,206,6.5,17.89,"drafted"
"9","Kenley Jansen","Dodgers","pitcher","3096",65,2.5,0.91,31,4,91,6.5,17.88,"drafted"
"10","Jon Lester","Cubs","pitcher","4930",204,3.33,1.13,0,14,204,6.47,17.82,"drafted"
"11","David Price","Red Sox","pitcher","3184",208,3.46,1.12,0,14,200,6.35,17.47,"drafted"
"12","Justin Verlander","Tigers","pitcher","8700",208,3.57,1.14,0,14,213,6.19,17.05,"drafted"
"13","Edwin Diaz","Mariners","pitcher","14710",65,2.76,1.05,34,4,80,6.14,16.91,"drafted"
"14","Carlos Carrasco","Indians","pitcher","6632",193,3.32,1.14,0,14,197,6.11,16.81,"drafted"
"15","Yu Darvish","Rangers","pitcher","13074",195,3.54,1.15,0,13,228,6.05,16.66,"drafted"
"16","Johnny Cueto","Giants","pitcher","6893",209,3.19,1.14,0,13,185,6.01,16.54,"drafted"
"17","Chris Archer","Rays","pitcher","6345",199,3.33,1.16,0,13,211,5.96,16.41,"drafted"
"18","Zach Britton","Orioles","pitcher","3240",65,2.5,1.13,34,4,74,5.86,16.13,"drafted"
"19","Craig Kimbrel","Red Sox","pitcher","6655",65,3.01,1.13,32,4,87,5.52,15.19,"drafted"
"20","Jake Arrieta","Cubs","pitcher","4153",195,3.32,1.18,0,13,192,5.33,14.68,"drafted"
"21","Roberto Osuna","Blue Jays","pitcher","13764",65,3.43,1.1,33,3,74,5.06,13.94,"drafted"
"22","Kelvin Herrera","Royals","pitcher","6033",65,3.12,1.14,33,3,70,5,13.75,"drafted"
"23","Mark Melancon","Giants","pitcher","4264",65,2.85,1.12,31,4,62,4.96,13.65,"drafted"
"24","Jacob deGrom","Mets","pitcher","10954",190,3.49,1.16,0,12,187,4.89,13.45,"drafted"
"25","Ken Giles","Astros","pitcher","12910",65,2.93,1.1,27,4,85,4.77,13.13,"drafted"
"26","Shawn Kelley","Nationals","pitcher","7773",65,3.13,1.11,28,4,78,4.66,12.83,"drafted"
"27","Andrew Miller","Indians","pitcher","6785",65,2.16,0.92,18,4,97,4.52,12.45,"drafted"
"28","Lance McCullers","Astros","pitcher","14120",184,3.45,1.26,0,13,207,4.51,12.42,"drafted"
"29","Dallas Keuchel","Astros","pitcher","9434",209,3.5,1.23,0,14,174,4.47,12.3,"drafted"
"30","Cam Bedrosian","Angels","pitcher","13360",65,3.15,1.2,29,4,75,4.43,12.2,""
"31","Seung Hwan Oh","Cardinals","pitcher","18719",65,3.1,1.1,28,3,72,4.33,11.93,"drafted"
"32","Masahiro Tanaka","Yankees","pitcher","15764",205,3.82,1.18,0,13,174,4.25,11.7,"drafted"
"33","Matt Shoemaker","Angels","pitcher","4776",194,3.77,1.16,0,12,169,4.13,11.37,"drafted"
"34","Danny Duffy","Royals","pitcher","3542",195,3.72,1.2,0,12,185,4.1,11.28,"drafted"
"35","Rich Hill","Dodgers","pitcher","4806",145,3.11,1.14,0,10,163,4.07,11.21,"drafted"
"36","Zack Greinke","Diamondbacks","pitcher","1943",196,3.67,1.19,0,12,171,4.01,11.03,"drafted"
"37","Danny Salazar","Indians","pitcher","5867",169,3.59,1.21,0,12,183,4,11.02,"drafted"
"38","Gerrit Cole","Pirates","pitcher","13125",189,3.61,1.2,0,12,173,3.99,10.98,"drafted"
"39","Kyle Hendricks","Cubs","pitcher","12049",174,3.51,1.17,0,12,155,3.97,10.92,"drafted"
"40","Alex Colome","Rays","pitcher","6661",65,3.27,1.15,28,3,66,3.94,10.85,"drafted"
"41","Jose Quintana","White Sox","pitcher","11423",204,3.74,1.21,0,12,181,3.91,10.77,"drafted"
"42","Robbie Ray","Diamondbacks","pitcher","11486",168,3.48,1.22,0,11,188,3.89,10.71,"drafted"
"43","Jeff Samardzija","Giants","pitcher","3254",192,3.65,1.19,0,12,164,3.87,10.66,""
"44","Steven Matz","Mets","pitcher","13361",173,3.48,1.19,0,11,170,3.85,10.6,"drafted"
"45","Michael Pineda","Yankees","pitcher","5372",152,3.44,1.12,0,10,158,3.84,10.57,""
"46","Adam Ottavino","Rockies","pitcher","1247",65,3.55,1.22,29,3,71,3.81,10.5,"drafted"
"47","David Robertson","White Sox","pitcher","8241",65,3.52,1.21,28,3,75,3.78,10.39,"drafted"
"48","Wade Davis","Cubs","pitcher","7441",65,2.75,1.09,21,4,79,3.75,10.31,"drafted"
"49","Carlos Martinez","Cardinals","pitcher","11682",199,3.52,1.27,0,12,189,3.73,10.26,"drafted"
"50","Jameson Taillon","Pirates","pitcher","11674",175,3.51,1.17,0,11,155,3.72,10.23,"drafted"
"51","James Paxton","Mariners","pitcher","11828",171,3.43,1.2,0,11,161,3.62,9.97,"drafted"
"52","Cole Hamels","Rangers","pitcher","4972",204,3.91,1.26,0,13,195,3.6,9.92,"drafted"
"53","Brandon Maurer","Padres","pitcher","4878",65,3.56,1.2,28,3,65,3.59,9.88,"drafted"
"54","Rick Porcello","Red Sox","pitcher","2717",194,3.93,1.2,0,13,158,3.48,9.58,"drafted"
"55","Francisco Rodriguez","Tigers","pitcher","1642",65,4.01,1.28,31,3,58,3.44,9.47,"drafted"
"56","Tony Watson","Pirates","pitcher","3132",65,3.57,1.22,28,3,60,3.41,9.39,"drafted"
"57","A.J. Ramos","Marlins","pitcher","8350",65,3.56,1.3,28,3,70,3.32,9.15,"drafted"
"58","Arodys Vizcaino","Braves","pitcher","5498",65,3.36,1.27,26,3,75,3.29,9.07,"drafted"
"59","Fernando Rodney","Diamondbacks","pitcher","494",65,3.54,1.31,28,3,67,3.24,8.91,""
"60","Kenta Maeda","Dodgers","pitcher","18498",157,3.59,1.16,0,10,147,3.14,8.63,"drafted"
"61","Aaron Nola","Phillies","pitcher","16149",166,3.59,1.19,0,10,156,3.11,8.57,"drafted"
"62","John Lackey","Cubs","pitcher","1507",180,3.88,1.2,0,11,164,3.11,8.56,"drafted"
"63","Neftali Feliz","Brewers","pitcher","18",65,3.76,1.24,25,3,73,2.99,8.22,"drafted"
"64","Jeurys Familia","Mets","pitcher","5114",65,3.12,1.22,23,3,70,2.98,8.21,"drafted"
"65","Wei-Yin Chen","Marlins","pitcher","13071",177,3.8,1.19,0,11,143,2.89,7.95,"drafted"
"66","Jon Gray","Rockies","pitcher","14916",184,4.04,1.28,0,12,190,2.85,7.83,"drafted"
"67","Tyler Skaggs","Angels","pitcher","10190",149,3.52,1.21,0,10,147,2.73,7.52,""
"68","Raisel Iglesias","Reds","pitcher","17130",65,3.34,1.13,20,3,72,2.73,7.5,""
"69","Drew Smyly","Mariners","pitcher","11760",168,3.92,1.19,0,10,156,2.69,7.4,""
"70","Glen Perkins","Twins","pitcher","8041",65,3.81,1.21,24,3,62,2.68,7.37,"drafted"
"71","Felix Hernandez","Mariners","pitcher","4772",203,3.87,1.28,0,12,170,2.68,7.37,"drafted"
"72","Ryan Madson","Athletics","pitcher","1852",65,3.86,1.28,26,3,56,2.62,7.2,""
"73","Sam Dyson","Rangers","pitcher","11710",65,3.64,1.32,26,3,56,2.58,7.11,""
"74","Vince Velasquez","Phillies","pitcher","11189",157,3.86,1.21,0,9,170,2.57,7.07,""
"75","Matt Moore","Giants","pitcher","1890",159,3.61,1.23,0,10,150,2.56,7.05,"drafted"
"76","Julio Teheran","Braves","pitcher","6797",183,4,1.22,0,10,167,2.55,7.01,"drafted"
"77","Kevin Gausman","Orioles","pitcher","14107",178,4.01,1.24,0,11,165,2.54,6.99,"drafted"
"78","Collin McHugh","Astros","pitcher","7531",181,4.06,1.23,0,11,157,2.41,6.63,"drafted"
"79","Gio Gonzalez","Nationals","pitcher","7448",165,3.67,1.28,0,11,153,2.36,6.5,""
"80","Marcus Stroman","Blue Jays","pitcher","13431",166,3.69,1.25,0,11,136,2.27,6.25,""
"81","Cody Allen","Indians","pitcher","12183",65,3.2,1.15,15,4,79,2.26,6.23,"drafted"
"82","Matt Harvey","Mets","pitcher","11713",141,3.65,1.17,0,9,130,2.25,6.21,"drafted"
"83","Garrett Richards","Angels","pitcher","9784",145,3.48,1.25,0,10,133,2.14,5.9,""
"84","Matt Andriese","Rays","pitcher","12022",152,3.79,1.18,0,9,131,2.1,5.79,""
"85","Michael Fulmer","Tigers","pitcher","13218",175,3.97,1.26,0,11,150,2.09,5.76,"drafted"
"86","Jake Odorizzi","Rays","pitcher","6397",162,4.01,1.22,0,10,146,2.07,5.7,""
"87","Anthony DeSclafani","Reds","pitcher","13050",190,4.13,1.25,0,10,163,1.96,5.4,"drafted"
"88","Alex Wood","Dodgers","pitcher","13781",141,3.47,1.23,0,9,128,1.94,5.33,""
"89","Sean Manaea","Athletics","pitcher","15873",185,4.02,1.3,0,11,164,1.88,5.18,""
"90","Adam Wainwright","Cardinals","pitcher","2233",170,3.8,1.25,0,10,136,1.88,5.17,"drafted"
"91","J.A. Happ","Blue Jays","pitcher","7410",184,4.16,1.27,0,11,157,1.85,5.1,"drafted"
"92","Hector Neris","Phillies","pitcher","11804",65,3.59,1.22,17,3,73,1.77,4.88,""
"93","Aaron Sanchez","Blue Jays","pitcher","11490",202,4,1.35,0,12,171,1.69,4.66,"drafted"
"94","Carlos Rodon","White Sox","pitcher","16137",162,3.91,1.29,0,9,165,1.69,4.64,""
"95","Hisashi Iwakuma","Mariners","pitcher","13048",179,4.08,1.23,0,10,135,1.68,4.62,""
"96","Julio Urias","Dodgers","pitcher","14765",114,3.33,1.2,0,8,118,1.65,4.55,"drafted"
"97","Yordano Ventura","Royals","pitcher","11855",183,3.95,1.32,0,11,156,1.62,4.46,""
"98","Ian Kennedy","Royals","pitcher","6986",171,4.26,1.26,0,10,157,1.59,4.37,""
"99","Blake Snell","Rays","pitcher","13543",134,3.61,1.3,0,9,145,1.57,4.31,""
"100","Joe Ross","Nationals","pitcher","12972",146,3.91,1.25,0,10,128,1.55,4.26,""
"101","Sonny Gray","Athletics","pitcher","12768",197,4,1.33,0,11,161,1.48,4.08,""
"102","Dellin Betances","Yankees","pitcher","6216",65,2.41,1.01,2,4,98,1.33,3.67,"drafted"
"103","Ivan Nova","Pirates","pitcher","1994",168,3.95,1.27,0,10,128,1.32,3.64,""
"104","Ricky Nolasco","Angels","pitcher","3830",176,4.12,1.25,0,10,130,1.32,3.64,""
"105","Taijuan Walker","Diamondbacks","pitcher","11836",146,4.05,1.24,0,9,133,1.31,3.62,"drafted"
"106","Addison Reed","Mets","pitcher","10586",65,3.51,1.16,13,3,69,1.26,3.48,""
"107","Drew Pomeranz","Red Sox","pitcher","11426",128,3.86,1.27,0,9,129,1.2,3.32,"drafted"
"108","Drew Storen","Reds","pitcher","6983",65,3.71,1.21,15,3,62,1.18,3.25,""
"109","Alex Reyes","Cardinals","pitcher","15015",118,3.46,1.29,0,7,140,1.15,3.17,"drafted"
"110","Mike Leake","Cardinals","pitcher","10130",186,4.06,1.29,0,11,125,1.14,3.13,""
"111","Tanner Roark","Nationals","pitcher","8753",177,4.15,1.32,0,11,142,1.08,2.97,"drafted"
"112","Jaime Garcia","Braves","pitcher","8137",130,3.54,1.26,0,8,115,1.07,2.93,""
"113","Jharel Cotton","Athletics","pitcher","13654",148,4.08,1.28,0,9,138,1.05,2.88,""
"114","Mike Fiers","Astros","pitcher","7754",156,4.32,1.26,0,10,130,1,2.76,""
"115","Jeremy Hellickson","Phillies","pitcher","4371",171,4.28,1.26,0,9,141,0.98,2.69,""
"116","Bartolo Colon","Braves","pitcher","375",164,4.1,1.23,0,9,114,0.96,2.65,""
"117","Grant Dayton","Dodgers","pitcher","11203",65,2.84,1.06,4,4,82,0.95,2.61,""
"118","Jerad Eickhoff","Phillies","pitcher","12664",152,4.15,1.24,0,8,133,0.94,2.58,"drafted"
"119","Michael Wacha","Cardinals","pitcher","14078",132,3.75,1.25,0,8,115,0.93,2.55,""
"120","Tyler Anderson","Rockies","pitcher","12880",160,4.07,1.32,0,10,138,0.93,2.55,""
"121","Homer Bailey","Reds","pitcher","8362",157,4.14,1.27,0,9,132,0.92,2.53,""
"122","Francisco Liriano","Blue Jays","pitcher","3201",138,3.94,1.33,0,9,142,0.91,2.51,""
"123","Ervin Santana","Twins","pitcher","3200",199,4.46,1.32,0,11,163,0.9,2.49,""
"124","Mike Montgomery","Cubs","pitcher","4869",136,3.66,1.32,0,9,119,0.83,2.29,""
"125","Sean Doolittle","Athletics","pitcher","1581",65,3.16,1.07,6,3,76,0.71,1.96,""
"126","Koji Uehara","Cubs","pitcher","9227",65,3.18,1.04,4,4,74,0.69,1.89,"drafted"
"127","Jason Hammel","","pitcher","4538",158,4.35,1.28,0,9,136,0.65,1.78,""
"128","Mike Foltynewicz","Braves","pitcher","10811",153,4.18,1.3,0,8,145,0.63,1.72,""
"129","Tyler Glasnow","Pirates","pitcher","14374",126,3.78,1.36,0,8,140,0.61,1.68,"drafted"
"130","Archie Bradley","Diamondbacks","pitcher","12918",146,4.07,1.35,0,9,143,0.59,1.62,""
"131","Luke Gregerson","Astros","pitcher","4090",65,3.46,1.19,10,3,64,0.56,1.55,"drafted"
"132","Lance Lynn","Cardinals","pitcher","2520",130,3.88,1.29,0,8,117,0.54,1.48,""
"133","R.A. Dickey","Braves","pitcher","1245",164,4.16,1.31,0,9,132,0.51,1.4,""
"134","Matt Bush","Rangers","pitcher","1246",65,3.49,1.19,9,3,68,0.46,1.26,""
"135","Joaquin Benoit","Phillies","pitcher","1437",55,3.6,1.22,11,3,60,0.42,1.17,""
"136","Eduardo Rodriguez","Red Sox","pitcher","13164",136,4.28,1.29,0,9,117,0.36,0.98,""
"137","Nate Jones","White Sox","pitcher","4696",65,3.22,1.15,6,3,74,0.35,0.96,"drafted"
"138","Junior Guerra","Brewers","pitcher","5702",168,4.32,1.35,0,9,153,0.32,0.89,""
"139","Jordan Zimmermann","Tigers","pitcher","4505",176,4.45,1.28,0,10,117,0.3,0.83,""
"140","Jhoulys Chacin","Padres","pitcher","2608",144,3.95,1.33,0,8,120,0.18,0.48,""
"141","Hunter Strickland","Giants","pitcher","7836",65,3.01,1.12,4,3,69,0.12,0.33,""
"142","Hector Rondon","Cubs","pitcher","2391",55,3.09,1.11,6,3,59,0.11,0.29,""
"143","Ty Blach","Giants","pitcher","14361",131,3.84,1.28,0,8,90,0.11,0.29,""
"144","David Phelps","Marlins","pitcher","6316",73,3.15,1.17,2,4,80,0.09,0.25,"drafted"
"145","Edinson Volquez","Marlins","pitcher","3990",163,4.09,1.36,0,9,129,0.08,0.22,""
"146","Marco Estrada","Blue Jays","pitcher","1118",165,4.69,1.3,0,9,139,0.05,0.13,""
"147","Chad Green","Yankees","pitcher","15552",117,4.21,1.26,0,7,107,-0.01,-0.03,""
"148","Alex Cobb","Rays","pitcher","6562",128,3.92,1.3,0,8,95,-0.02,-0.05,""
"149","Josh Tomlin","Indians","pitcher","9388",133,4.41,1.23,0,8,94,-0.04,-0.1,""
"150","Jim Johnson","Braves","pitcher","3656",65,3.48,1.29,9,3,61,-0.05,-0.13,""
"151","Corey Knebel","Brewers","pitcher","15010",65,3.49,1.24,6,3,77,-0.06,-0.17,"drafted"
"152","Trevor Bauer","Indians","pitcher","12703",134,4.23,1.33,0,8,120,-0.08,-0.22,""
"153","Luis Severino","Yankees","pitcher","15890",106,4.02,1.27,0,7,97,-0.09,-0.25,"drafted"
"154","Zach Davies","Brewers","pitcher","13183",140,4.26,1.32,0,8,119,-0.09,-0.25,""
"155","Kyle Barraclough","Marlins","pitcher","13713",65,3.01,1.27,4,3,84,-0.13,-0.35,""
"156","Charlie Morton","Astros","pitcher","4676",119,4.06,1.32,0,8,101,-0.14,-0.39,""
"157","Wade Miley","Orioles","pitcher","8779",151,4.23,1.35,0,9,117,-0.16,-0.44,""
"158","Cody Reed","Reds","pitcher","15232",116,4.01,1.31,0,7,104,-0.21,-0.59,""
"159","Jesse Chavez","Angels","pitcher","5448",112,4.05,1.27,0,7,92,-0.23,-0.62,""
"160","Dylan Bundy","Orioles","pitcher","12917",144,4.59,1.34,0,9,127,-0.23,-0.64,"drafted"
"161","Shelby Miller","Diamondbacks","pitcher","10197",138,4.34,1.32,0,8,115,-0.25,-0.68,""
"162","Kevin Siegrist","Cardinals","pitcher","8180",65,3.6,1.26,6,3,72,-0.29,-0.8,""
"163","Joe Kelly","Red Sox","pitcher","9761",65,3.38,1.2,3,4,68,-0.3,-0.82,""
"164","Dan Straily","Marlins","pitcher","9460",140,4.42,1.32,0,8,117,-0.31,-0.85,"drafted"
"165","CC Sabathia","Yankees","pitcher","404",144,4.31,1.33,0,8,116,-0.31,-0.86,""
"166","Luis Perdomo","Padres","pitcher","14682",175,4.15,1.38,0,9,126,-0.34,-0.94,""
"167","Felipe Rivero","Pirates","pitcher","12076",65,3.1,1.21,3,3,73,-0.35,-0.95,""
"168","Zack Wheeler","Mets","pitcher","10310",81,3.5,1.24,0,5,85,-0.35,-0.96,""
"169","Tyson Ross","Rangers","pitcher","7872",113,3.98,1.34,0,7,103,-0.39,-1.07,""
"170","Brad Hand","Padres","pitcher","9111",65,3.33,1.21,4,3,68,-0.39,-1.08,""
"171","Shane Greene","Tigers","pitcher","10756",109,4.11,1.31,2,6,91,-0.45,-1.25,""
"172","Brandon Finnegan","Reds","pitcher","16208",170,4.51,1.41,0,9,156,-0.46,-1.28,"drafted"
"173","Adam Conley","Marlins","pitcher","14457",126,4.14,1.34,0,7,110,-0.47,-1.29,""
"174","Brandon Kintzler","Twins","pitcher","9939",65,3.99,1.34,11,3,45,-0.47,-1.3,""
"175","Brett Cecil","Cardinals","pitcher","2660",55,2.89,1.13,2,3,63,-0.48,-1.31,""
"176","Jason Vargas","Royals","pitcher","8044",136,4.39,1.29,0,8,94,-0.48,-1.33,""
"177","Chris Tillman","Orioles","pitcher","5279",172,4.64,1.38,0,10,136,-0.52,-1.44,""
"178","Daniel Norris","Tigers","pitcher","13475",106,4.22,1.32,0,7,98,-0.54,-1.48,"drafted"
"179","Jason Grilli","Blue Jays","pitcher","521",65,3.84,1.22,4,3,74,-0.57,-1.57,""
"180","Anibal Sanchez","Tigers","pitcher","3284",120,4.36,1.3,0,7,99,-0.59,-1.63,""
"181","Andrew Triggs","Athletics","pitcher","13533",143,4.33,1.35,0,8,110,-0.61,-1.69,""
"182","Alex Meyer","Angels","pitcher","12833",98,4.03,1.32,0,6,96,-0.64,-1.77,""
"183","Pedro Baez","Dodgers","pitcher","5420",55,3.25,1.12,2,3,60,-0.66,-1.82,""
"184","Brad Boxberger","Rays","pitcher","10133",65,3.84,1.3,6,3,67,-0.66,-1.82,""
"185","Josh Fields","Dodgers","pitcher","5070",55,3.28,1.13,2,3,61,-0.68,-1.89,""
"186","Darren O'Day","Orioles","pitcher","3321",65,3.87,1.21,4,3,67,-0.69,-1.9,""
"187","Steve Cishek","Mariners","pitcher","6483",65,3.5,1.22,3,3,66,-0.73,-2.01,""
"188","Josh Smoker","Mets","pitcher","10285",55,3.1,1.16,1,3,68,-0.73,-2.01,""
"189","Clay Buchholz","Phillies","pitcher","3543",103,4.09,1.29,0,6,86,-0.74,-2.04,""
"190","Blake Treinen","Nationals","pitcher","12572",65,3.29,1.29,4,3,64,-0.75,-2.06,""
"191","Chad Bettis","Rockies","pitcher","10587",183,4.6,1.4,0,10,138,-0.77,-2.11,""
"192","Joakim Soria","Royals","pitcher","6941",65,3.61,1.24,4,3,61,-0.79,-2.17,""
"193","Colby Lewis","","pitcher","1259",171,4.82,1.32,0,9,118,-0.79,-2.19,""
"194","Will Smith","Giants","pitcher","8048",55,3.01,1.18,1,3,64,-0.83,-2.3,""
"195","Christian Friedrich","Padres","pitcher","7942",168,4.31,1.39,0,8,126,-0.85,-2.33,""
"196","Carlos Estevez","Rockies","pitcher","14542",65,4.07,1.33,6,3,68,-0.87,-2.39,""
"197","Brian Flynn","Royals","pitcher","12027",91,3.86,1.34,2,5,78,-0.87,-2.4,""
"198","Daniel Hudson","Pirates","pitcher","7146",55,3.65,1.25,5,3,52,-0.88,-2.44,""
"199","Kendall Graveman","Athletics","pitcher","15514",181,4.48,1.39,0,10,117,-0.89,-2.45,"drafted"
"200","Phil Hughes","Twins","pitcher","7450",141,4.77,1.28,0,8,92,-0.89,-2.46,""
"201","Drew Hutchison","Pirates","pitcher","10732",79,3.96,1.25,0,5,74,-0.91,-2.51,""
"202","Doug Fister","","pitcher","9425",163,4.52,1.36,0,9,107,-0.92,-2.52,""
"203","Ubaldo Jimenez","Orioles","pitcher","3374",142,4.51,1.4,0,8,123,-0.94,-2.6,""
"204","Derek Law","Giants","pitcher","13133",55,3.29,1.21,3,3,52,-0.95,-2.61,""
"205","Matt Strahm","Royals","pitcher","13799",55,3.3,1.19,2,3,57,-0.96,-2.65,""
"206","Jake Barrett","Diamondbacks","pitcher","13322",65,4,1.34,6,3,63,-0.97,-2.68,""
"207","Jose Berrios","Twins","pitcher","14168",103,4.35,1.33,0,6,96,-0.98,-2.7,"drafted"
"208","Santiago Casilla","Athletics","pitcher","2873",55,3.88,1.31,6,3,52,-1,-2.75,""
"209","Chad Kuhl","Pirates","pitcher","14975",116,4.36,1.33,0,7,86,-1.03,-2.84,""
"210","Xavier Cedeno","Rays","pitcher","36",55,3.34,1.23,3,3,52,-1.03,-2.84,""
"211","Sammy Solis","Nationals","pitcher","11457",55,3.46,1.26,3,3,58,-1.06,-2.91,""
"212","Tom Koehler","Marlins","pitcher","6570",139,4.41,1.4,0,8,110,-1.06,-2.92,"drafted"
"213","Tyler Chatwood","Rockies","pitcher","4338",172,4.5,1.45,0,10,133,-1.07,-2.95,""
"214","Carl Edwards Jr.","Cubs","pitcher","13607",55,3.15,1.27,1,3,69,-1.07,-2.95,""
"215","Juan Nicasio","Pirates","pitcher","7731",55,3.26,1.19,1,3,59,-1.07,-2.96,""
"216","Will Harris","Astros","pitcher","3192",55,3.51,1.2,2,3,57,-1.08,-2.98,""
"217","Justin Wilson","Tigers","pitcher","4301",55,3.37,1.22,2,3,57,-1.08,-2.99,""
"218","Mike Clevinger","Indians","pitcher","12808",79,4.08,1.28,0,5,75,-1.1,-3.03,""
"219","Ian Krol","Braves","pitcher","10066",55,3.31,1.25,2,3,59,-1.11,-3.06,""
"220","Ryan Buchter","Padres","pitcher","9456",55,3.66,1.29,3,3,64,-1.11,-3.07,""
"221","Trevor May","Twins","pitcher","6398",55,3.56,1.17,1,3,60,-1.12,-3.09,""
"222","Evan Scribner","Mariners","pitcher","7525",55,3.58,1.13,1,3,54,-1.13,-3.11,""
"223","Christopher Devenski","Astros","pitcher","12763",64,3.79,1.17,1,3,61,-1.15,-3.16,""
"224","Nick Vincent","Mariners","pitcher","7555",55,3.68,1.18,2,3,54,-1.16,-3.18,""
"225","Michael Lorenzen","Reds","pitcher","14843",55,3.77,1.26,4,3,51,-1.16,-3.19,""
"226","Danny Barnes","Blue Jays","pitcher","11388",55,3.67,1.19,2,3,55,-1.16,-3.2,""
"227","Mychal Givens","Orioles","pitcher","10430",55,3.66,1.25,2,3,63,-1.18,-3.25,""
"228","Mike Morin","Angels","pitcher","13442",55,3.58,1.2,2,3,50,-1.26,-3.46,""
"229","Reynaldo Lopez","White Sox","pitcher","16400",89,4.22,1.34,0,5,88,-1.26,-3.46,""
"230","Kyle Gibson","Twins","pitcher","10123",163,4.48,1.41,0,9,110,-1.26,-3.48,""
"231","Brandon McCarthy","Dodgers","pitcher","4662",63,3.7,1.21,0,4,56,-1.27,-3.49,""
"232","Pedro Strop","Cubs","pitcher","4070",45,2.89,1.16,0,3,52,-1.27,-3.51,""
"233","Oliver Perez","Nationals","pitcher","1514",55,3.62,1.26,2,3,59,-1.28,-3.51,""
"234","Jorge de la Rosa","","pitcher","2047",145,4.45,1.42,0,8,113,-1.28,-3.52,""
"235","Andrew Chafin","Diamondbacks","pitcher","12988",55,3.38,1.27,2,3,55,-1.28,-3.54,""
"236","Huston Street","Angels","pitcher","8258",65,4.33,1.32,6,3,52,-1.29,-3.55,""
"237","Brad Brach","Orioles","pitcher","6627",55,3.64,1.23,1,3,62,-1.3,-3.59,""
"238","Danny Farquhar","Rays","pitcher","8501",55,3.66,1.23,2,3,53,-1.32,-3.64,""
"239","Nate Karns","Royals","pitcher","12638",91,4.26,1.33,0,5,84,-1.33,-3.66,"drafted"
"240","Hansel Robles","Mets","pitcher","11801",55,3.83,1.25,2,3,59,-1.34,-3.68,""
"241","Tommy Milone","Brewers","pitcher","7608",99,4.35,1.3,0,5,81,-1.35,-3.7,""
"242","Pat Neshek","Phillies","pitcher","4682",55,3.93,1.2,2,3,52,-1.37,-3.76,""
"243","Yovani Gallardo","Mariners","pitcher","8173",135,4.48,1.4,0,8,96,-1.37,-3.77,""
"244","Patrick Corbin","Diamondbacks","pitcher","9323",91,4.06,1.33,0,5,74,-1.39,-3.82,""
"245","Hector Santiago","Twins","pitcher","4026",176,4.95,1.41,0,9,143,-1.42,-3.9,""
"246","Joe Blanton","","pitcher","4849",65,3.79,1.21,0,3,63,-1.42,-3.9,""
"247","Jake McGee","Rockies","pitcher","7550",55,3.99,1.28,3,3,54,-1.43,-3.93,""
"248","Andrew Bailey","Angels","pitcher","1368",55,3.93,1.27,3,3,51,-1.43,-3.94,""
"249","Matt Wisler","Braves","pitcher","12804",122,4.61,1.34,0,6,96,-1.44,-3.96,""
"250","Scott Kazmir","Dodgers","pitcher","4897",55,3.72,1.22,0,4,51,-1.44,-3.98,""
"251","Seth Lugo","Mets","pitcher","12447",121,4.54,1.35,0,6,94,-1.47,-4.05,""
"252","Dan Otero","Indians","pitcher","7385",55,3.5,1.23,2,3,42,-1.48,-4.06,""
"253","Joseph Biagini","Blue Jays","pitcher","13194",73,4.1,1.31,2,4,58,-1.48,-4.07,""
"254","Jonathan Broxton","Cardinals","pitcher","4759",55,3.67,1.28,2,3,52,-1.5,-4.14,""
"255","Andrew Cashner","Rangers","pitcher","8782",155,4.77,1.42,0,9,115,-1.5,-4.14,""
"256","Chase Anderson","Brewers","pitcher","6895",143,4.86,1.37,0,7,116,-1.51,-4.15,""
"257","Trevor Rosenthal","Cardinals","pitcher","10745",45,3.09,1.21,1,2,54,-1.52,-4.17,""
"258","Carter Capps","Padres","pitcher","12803",35,2.71,1.07,0,2,48,-1.52,-4.19,""
"259","Sergio Romo","","pitcher","9817",55,3.72,1.18,0,3,53,-1.54,-4.23,""
"260","Bryan Shaw","Indians","pitcher","8110",55,3.71,1.28,2,3,51,-1.54,-4.24,""
"261","Miguel Gonzalez","White Sox","pitcher","7024",139,4.82,1.36,0,7,105,-1.55,-4.28,""
"262","Steven Wright","Red Sox","pitcher","8185",97,4.44,1.35,0,6,74,-1.56,-4.3,""
"263","Tyler Thornburg","Red Sox","pitcher","10688",55,4.03,1.27,2,3,55,-1.57,-4.31,""
"264","Chris Young","Royals","pitcher","3196",89,4.57,1.3,1,4,78,-1.59,-4.38,""
"265","Carlos Torres","Brewers","pitcher","7624",55,4.07,1.31,3,3,52,-1.6,-4.4,""
"266","Liam Hendriks","Athletics","pitcher","3548",45,3.42,1.13,1,2,45,-1.61,-4.44,""
"267","Tony Cingrani","Reds","pitcher","12555",55,3.75,1.31,1,3,60,-1.64,-4.51,""
"268","Robbie Ross Jr.","Red Sox","pitcher","6819",55,3.59,1.28,1,3,51,-1.66,-4.57,""
"269","Randall Delgado","Diamondbacks","pitcher","5985",55,4.1,1.32,3,3,51,-1.66,-4.57,""
"270","Keone Kela","Rangers","pitcher","14696",45,3.37,1.23,1,2,54,-1.67,-4.59,""
"271","Sean Gilmartin","Mets","pitcher","12781",54,3.71,1.25,1,3,48,-1.68,-4.63,""
"272","Michael Feliz","Astros","pitcher","11903",45,3.5,1.2,1,2,51,-1.7,-4.67,""
"273","Junichi Tazawa","Marlins","pitcher","4079",45,3.39,1.17,1,2,44,-1.72,-4.74,""
"274","Matt Garza","Brewers","pitcher","3340",164,4.78,1.41,0,8,119,-1.74,-4.79,""
"275","Jeanmar Gomez","Phillies","pitcher","9033",65,4.16,1.36,4,3,48,-1.77,-4.89,""
"276","Ross Stripling","Dodgers","pitcher","13273",58,3.71,1.24,0,3,49,-1.79,-4.93,""
"277","Ryan Pressly","Twins","pitcher","7005",55,4.01,1.31,2,3,49,-1.8,-4.96,""
"278","Zach McAllister","Indians","pitcher","2895",45,3.59,1.19,1,2,46,-1.8,-4.97,""
"279","Jeremy Jeffress","Rangers","pitcher","9490",55,3.88,1.36,3,3,45,-1.81,-4.99,""
"280","Chaz Roe","Braves","pitcher","9866",45,3.35,1.25,1,2,49,-1.81,-4.99,""
"281","Brad Ziegler","Marlins","pitcher","7293",55,3.42,1.35,2,3,42,-1.81,-4.99,""
"282","Clayton Richard","Padres","pitcher","3551",121,4.12,1.41,0,6,77,-1.82,-5.02,""
"283","JC Ramirez","Angels","pitcher","8302",90,4.25,1.37,0,5,69,-1.82,-5.02,""
"284","Mauricio Cabrera","Braves","pitcher","12975",55,3.83,1.42,2,3,60,-1.84,-5.08,""
"285","Alex Wilson","Tigers","pitcher","9239",65,4.33,1.35,4,3,47,-1.85,-5.08,""
"286","Austin Voth","Nationals","pitcher","sa621465",71,4.13,1.33,0,4,61,-1.85,-5.09,""
"287","Edubray Ramos","Phillies","pitcher","16086",45,3.67,1.2,1,2,46,-1.86,-5.12,""
"288","Koda Glover","Nationals","pitcher","17695",45,3.55,1.23,1,2,47,-1.87,-5.15,""
"289","Tony Barnette","Rangers","pitcher","3555",55,4.09,1.31,2,3,47,-1.88,-5.17,""
"290","Adam Warren","Yankees","pitcher","9029",83,4.35,1.36,1,4,68,-1.89,-5.19,""
"291","James Hoyt","Astros","pitcher","14605",35,3.13,1.15,0,2,43,-1.9,-5.23,""
"292","Tommy Kahnle","White Sox","pitcher","11384",55,3.97,1.42,2,3,60,-1.91,-5.24,""
"293","Enny Romero","Rays","pitcher","4001",45,3.45,1.26,1,2,47,-1.91,-5.27,""
"294","John Axford","Athletics","pitcher","9059",55,3.95,1.38,2,3,53,-1.91,-5.27,""
"295","Tyler Clippard","Yankees","pitcher","5640",55,4.32,1.28,1,3,54,-1.92,-5.27,""
"296","James Pazos","Mariners","pitcher","13323",45,3.48,1.29,1,2,50,-1.94,-5.34,""
"297","Joe Nathan","","pitcher","1122",55,3.91,1.3,0,3,54,-1.97,-5.43,""
"298","Jhan Marinez","Brewers","pitcher","5830",55,4.08,1.37,2,3,51,-1.98,-5.45,""
"299","Justin Grimm","Cubs","pitcher","11720",40,3.32,1.21,0,2,45,-1.99,-5.48,""
"300","Derek Holland","White Sox","pitcher","4141",109,4.72,1.39,0,6,82,-2,-5.49,""
"301","Martin Perez","Rangers","pitcher","6902",142,4.48,1.45,0,8,89,-2,-5.5,""
"302","Robert Stephenson","Reds","pitcher","13594",125,4.73,1.46,0,6,117,-2.01,-5.53,""
"303","C.J. Wilson","","pitcher","3580",75,4.19,1.37,0,4,64,-2.02,-5.55,""
"304","Jumbo Diaz","Reds","pitcher","3397",45,3.76,1.25,1,2,46,-2.02,-5.55,""
"305","Aaron Harang","","pitcher","1451",141,4.92,1.38,0,7,95,-2.05,-5.65,""
"306","Luis Avilan","Dodgers","pitcher","2882",45,3.42,1.29,1,2,43,-2.06,-5.67,""
"307","Austin Brice","Reds","pitcher","17237",81,4.37,1.38,0,4,72,-2.06,-5.68,""
"308","Joe Musgrove","Astros","pitcher","12970",46,4.08,1.21,0,3,40,-2.06,-5.68,""
"309","Greg Holland","","pitcher","7196",35,3.16,1.2,0,2,40,-2.07,-5.69,""
"310","Brock Stewart","Dodgers","pitcher","16727",38,3.52,1.15,0,2,38,-2.08,-5.72,""
"311","Jeff Hoffman","Rockies","pitcher","17432",90,4.6,1.41,0,5,78,-2.09,-5.76,""
"312","Ariel Miranda","Mariners","pitcher","17526",64,4.4,1.32,0,4,52,-2.09,-5.76,""
"313","Steven Brault","Pirates","pitcher","15291",63,4.08,1.37,0,4,52,-2.11,-5.8,""
"314","Dan Jennings","White Sox","pitcher","8073",55,4.08,1.43,3,3,45,-2.12,-5.82,""
"315","Albert Suarez","Giants","pitcher","6175",61,3.88,1.29,0,3,45,-2.12,-5.83,""
"316","Kevin Quackenbush","Padres","pitcher","12360",55,4.12,1.31,2,2,48,-2.13,-5.86,""
"317","Matt Boyd","Tigers","pitcher","15440",62,4.51,1.31,0,4,50,-2.14,-5.89,""
"318","Jose Urena","Marlins","pitcher","11589",58,3.91,1.3,0,3,46,-2.14,-5.89,""
"319","Jacob Barnes","Brewers","pitcher","12323",45,3.84,1.28,1,2,45,-2.14,-5.9,""
"320","Jason Frasor","","pitcher","1906",65,4.07,1.35,0,3,59,-2.16,-5.94,""
"321","Enrique Burgos","Diamondbacks","pitcher","3895",45,3.81,1.34,1,2,51,-2.16,-5.95,""
"322","Cory Gearrin","Giants","pitcher","7947",40,3.32,1.23,0,2,38,-2.18,-5.99,""
"323","Josh Ravin","Dodgers","pitcher","2951",30,3.19,1.19,0,2,36,-2.18,-6.01,""
"324","Bryan Mitchell","Yankees","pitcher","11479",109,4.61,1.45,0,6,86,-2.19,-6.03,""
"325","Chad Qualls","Rockies","pitcher","2170",55,4.25,1.35,2,3,41,-2.19,-6.04,""
"326","Tyler Lyons","Cardinals","pitcher","11334",30,3.31,1.12,0,2,31,-2.2,-6.04,""
"327","Matt Barnes","Red Sox","pitcher","12863",45,3.93,1.29,1,2,45,-2.2,-6.06,""
"328","Adam Liberatore","Dodgers","pitcher","10637",35,3.4,1.21,0,2,37,-2.21,-6.09,""
"329","Carson Smith","Red Sox","pitcher","13172",40,3.43,1.25,0,2,40,-2.22,-6.1,""
"330","Oliver Drake","Orioles","pitcher","8823",40,3.62,1.27,0,2,45,-2.22,-6.11,""
"331","Deolis Guerra","Angels","pitcher","8410",45,3.86,1.24,1,2,36,-2.23,-6.14,""
"332","Aaron Brooks","Cubs","pitcher","12272",46,4.06,1.24,0,3,35,-2.24,-6.16,""
"333","Ryan Tepera","Blue Jays","pitcher","10291",45,3.92,1.29,1,2,43,-2.24,-6.16,""
"334","Taylor Rogers","Twins","pitcher","13449",45,3.81,1.28,1,2,39,-2.25,-6.2,""
"335","Jimmy Nelson","Brewers","pitcher","10547",92,4.7,1.42,0,5,76,-2.29,-6.29,""
"336","Blake Wood","Reds","pitcher","1345",40,3.56,1.3,0,2,44,-2.29,-6.3,""
"337","Ryan Merritt","Indians","pitcher","13688",48,4.07,1.24,0,3,32,-2.3,-6.33,""
"338","Aaron Loup","Blue Jays","pitcher","10343",40,3.53,1.25,0,2,37,-2.31,-6.36,""
"339","Brad Peacock","Astros","pitcher","5401",61,4.51,1.33,0,3,57,-2.32,-6.37,""
"340","Steven Okert","Giants","pitcher","13580",30,3.18,1.21,0,2,31,-2.32,-6.38,""
"341","Erasmo Ramirez","Rays","pitcher","10314",40,3.68,1.2,0,2,33,-2.32,-6.4,""
"342","Keith Hessler","Padres","pitcher","12220",45,3.92,1.32,1,2,42,-2.33,-6.42,""
"343","Bruce Rondon","Tigers","pitcher","5766",40,3.79,1.29,0,2,44,-2.34,-6.44,""
"344","Armando Rivero","Braves","pitcher","sa739701",35,3.45,1.31,0,2,41,-2.34,-6.45,""
"345","Michael Tonkin","Twins","pitcher","10315",40,3.88,1.24,0,2,39,-2.36,-6.49,""
"346","A.J. Griffin","Rangers","pitcher","11132",80,4.98,1.34,0,4,67,-2.36,-6.5,""
"347","Tyler Jones","Diamondbacks","pitcher","sa549495",40,3.76,1.27,0,2,40,-2.37,-6.51,""
"348","Ryan Dull","Athletics","pitcher","13974",40,3.93,1.23,0,2,38,-2.37,-6.52,""
"349","Antonio Bastardo","Pirates","pitcher","8844",45,3.92,1.3,0,2,46,-2.37,-6.53,""
"350","Rafael Montero","Mets","pitcher","12760",58,4.27,1.37,0,3,53,-2.39,-6.59,""
"351","J.T. Chargois","Twins","pitcher","13767",35,3.94,1.36,2,2,33,-2.4,-6.59,""
"352","Wade LeBlanc","Pirates","pitcher","5221",38,3.75,1.22,0,2,33,-2.4,-6.6,""
"353","Luis Cessa","Yankees","pitcher","13345",74,4.73,1.35,0,4,56,-2.4,-6.61,""
"354","Casey Fien","Mariners","pitcher","3926",35,3.87,1.18,0,2,31,-2.4,-6.62,""
"355","Marc Rzepczynski","Mariners","pitcher","6612",40,3.41,1.32,0,2,38,-2.41,-6.63,""
"356","Chasen Shreve","Yankees","pitcher","10855",40,3.83,1.3,0,2,42,-2.42,-6.65,""
"357","Dario Alvarez","Rangers","pitcher","14239",30,3.66,1.25,0,2,35,-2.42,-6.66,""
"358","George Kontos","Giants","pitcher","9486",45,3.94,1.29,1,2,34,-2.43,-6.68,""
"359","Jake Diekman","Rangers","pitcher","5003",35,3.56,1.31,0,2,38,-2.43,-6.7,""
"360","Zach Putnam","White Sox","pitcher","9080",40,3.83,1.3,0,2,41,-2.44,-6.7,""
"361","Mark Lowe","Tigers","pitcher","7416",45,4.2,1.31,1,2,40,-2.45,-6.74,""
"362","Tony Sipp","Astros","pitcher","8280",40,4.03,1.27,0,2,40,-2.45,-6.75,""
"363","Jeff Locke","Marlins","pitcher","2929",65,4.24,1.4,0,4,45,-2.45,-6.75,""
"364","Tyler Duffey","Twins","pitcher","13758",44,4.25,1.31,0,3,35,-2.48,-6.82,""
"365","Jose Alvarez","Angels","pitcher","5358",40,3.66,1.28,0,2,34,-2.48,-6.82,""
"366","Josh Osich","Giants","pitcher","11528",35,3.43,1.31,0,2,34,-2.48,-6.83,""
"367","Mike Bolsinger","Blue Jays","pitcher","11137",44,4.38,1.34,0,3,40,-2.49,-6.87,""
"368","David Paulino","Astros","pitcher","17418",38,4.02,1.26,0,2,36,-2.5,-6.9,""
"369","Kyle Lohse","","pitcher","739",121,4.99,1.38,0,6,74,-2.51,-6.91,""
"370","Daniel Coulombe","Athletics","pitcher","13293",35,3.51,1.33,0,2,35,-2.52,-6.94,""
"371","Glenn Sparkman","Blue Jays","pitcher","sa738220",35,3.94,1.23,0,2,31,-2.52,-6.95,""
"372","Tim Cooney","Indians","pitcher","13762",46,4.33,1.32,0,3,35,-2.54,-7,""
"373","Jared Hughes","Pirates","pitcher","9325",40,4.12,1.41,3,2,27,-2.54,-7,""
"374","Rafael Martin","Nationals","pitcher","10258",35,3.81,1.3,0,2,35,-2.54,-7,""
"375","Chad Billingsley","","pitcher","5842",92,4.77,1.39,0,5,58,-2.54,-7.01,""
"376","A.J. Cole","Nationals","pitcher","11467",45,4.48,1.32,0,3,37,-2.55,-7.02,""
"377","Robert Gsellman","Mets","pitcher","13696",46,4.19,1.35,0,3,36,-2.55,-7.02,""
"378","Brian Duensing","Cubs","pitcher","4064",35,3.63,1.29,0,2,31,-2.56,-7.04,""
"379","Miguel Almonte","Royals","pitcher","14139",53,4.35,1.39,0,3,47,-2.56,-7.05,""
"380","Williams Perez","","pitcher","11592",90,4.68,1.42,0,5,60,-2.56,-7.06,""
"381","Brett Anderson","","pitcher","8223",45,3.93,1.36,0,3,31,-2.58,-7.09,""
"382","Cody Anderson","Indians","pitcher","12799",29,3.81,1.21,0,2,25,-2.59,-7.13,""
"383","James Shields","White Sox","pitcher","7059",164,5.08,1.45,0,7,127,-2.59,-7.14,""
"384","Tyler Cravy","Brewers","pitcher","10770",71,4.68,1.39,0,3,64,-2.59,-7.14,""
"385","Eric Stults","","pitcher","8011",82,4.7,1.36,0,4,52,-2.6,-7.16,""
"386","A.J. Schugel","Pirates","pitcher","11432",35,3.83,1.27,0,2,29,-2.61,-7.19,""
"387","Mike Minor","Royals","pitcher","10021",56,4.6,1.34,0,3,42,-2.65,-7.29,""
"388","Heath Hembree","Red Sox","pitcher","11632",35,4.15,1.29,0,2,33,-2.66,-7.32,""
"389","Luis Garcia","Phillies","pitcher","6984",35,3.66,1.37,0,2,34,-2.66,-7.33,""
"390","Jose Ramirez","Braves","pitcher","10171",40,4.05,1.38,0,2,42,-2.67,-7.34,"drafted"
"391","Justin Masterson","","pitcher","2038",108,4.64,1.49,0,6,75,-2.67,-7.34,""
"392","Justin Nicolino","Marlins","pitcher","11754",65,4.49,1.37,0,4,35,-2.67,-7.36,""
"393","Luke Weaver","Cardinals","pitcher","16918",27,3.93,1.23,0,2,24,-2.68,-7.37,""
"394","Zack Godley","Diamondbacks","pitcher","14862",43,4.1,1.32,0,2,36,-2.68,-7.38,""
"395","Jarred Cosart","Padres","pitcher","10304",168,4.51,1.53,0,8,114,-2.68,-7.38,""
"396","Mike Dunn","Rockies","pitcher","9948",35,4.19,1.32,0,2,35,-2.69,-7.4,""
"397","Silvino Bracho","Diamondbacks","pitcher","15051",30,3.83,1.21,0,1,31,-2.73,-7.51,""
"398","Steve Hathaway","Diamondbacks","pitcher","15293",35,3.89,1.37,0,2,33,-2.75,-7.56,""
"399","Tony Zych","Mariners","pitcher","12876",25,3.42,1.2,0,1,26,-2.75,-7.58,""
"400","Fernando Abad","Red Sox","pitcher","4994",30,4.01,1.32,0,2,28,-2.76,-7.6,""
"401","Alex Claudio","Rangers","pitcher","12890",40,3.9,1.33,0,2,29,-2.77,-7.62,""
"402","Ross Detwiler","","pitcher","2859",83,4.6,1.43,0,4,57,-2.77,-7.63,""
"403","Trevor Williams","Pirates","pitcher","16977",48,4.21,1.33,0,2,36,-2.77,-7.63,""
"404","Shawn Tolleson","Rays","pitcher","10481",30,3.63,1.23,0,1,28,-2.78,-7.64,""
"405","Alec Mills","Royals","pitcher","13834",30,3.71,1.2,0,1,26,-2.78,-7.66,""
"406","Tommy Layne","Yankees","pitcher","7501",45,4.03,1.4,0,2,40,-2.79,-7.68,""
"407","Paul Clemens","Padres","pitcher","8037",89,4.87,1.43,0,4,70,-2.79,-7.68,""
"408","Wily Peralta","Brewers","pitcher","7738",55,4.54,1.4,0,3,42,-2.8,-7.7,""
"409","Paco Rodriguez","Braves","pitcher","13398",30,3.5,1.3,0,1,31,-2.8,-7.71,""
"410","Dustin McGowan","Marlins","pitcher","8600",35,3.96,1.39,0,2,33,-2.8,-7.72,""
"411","Joely Rodriguez","Phillies","pitcher","11487",40,4.07,1.36,0,2,33,-2.81,-7.73,""
"412","Trevor Gott","Nationals","pitcher","15046",40,4.02,1.38,0,2,34,-2.82,-7.76,""
"413","Buck Farmer","Tigers","pitcher","14814",34,4.25,1.32,0,2,29,-2.82,-7.77,""
"414","Miguel Castro","Rockies","pitcher","15684",40,4.28,1.4,0,2,40,-2.82,-7.77,""
"415","Matt Cain","Giants","pitcher","4732",44,4.4,1.31,0,2,33,-2.83,-7.78,""
"416","Jacob Faria","Rays","pitcher","sa598097",28,4.05,1.34,0,2,26,-2.83,-7.8,""
"417","Kirby Yates","Angels","pitcher","9073",25,3.64,1.23,0,1,26,-2.84,-7.81,""
"418","Tyler Wilson","Orioles","pitcher","12691",64,4.9,1.39,0,4,40,-2.84,-7.82,""
"419","Scott Alexander","Royals","pitcher","10591",40,3.93,1.37,0,2,30,-2.85,-7.84,""
"420","Nick Wittgren","Marlins","pitcher","15594",30,3.77,1.23,0,1,26,-2.85,-7.84,"drafted"
"421","Jose De Leon","Dodgers","pitcher","15463",18,3.33,1.14,0,1,20,-2.85,-7.85,"drafted"
"422","Raul Alcantara","Athletics","pitcher","12790",39,4.42,1.3,0,2,29,-2.86,-7.87,""
"423","Jeff Manship","Indians","pitcher","6865",40,4.18,1.37,0,2,33,-2.87,-7.89,""
"424","Donnie Hart","Orioles","pitcher","15306",45,4.41,1.4,1,2,34,-2.87,-7.91,""
"425","Felix Pena","Cubs","pitcher","13403",20,3.36,1.21,0,1,22,-2.87,-7.91,""
"426","Buddy Baumann","Padres","pitcher","9309",25,3.6,1.25,0,1,25,-2.88,-7.93,""
"427","Jered Weaver","","pitcher","4235",75,5.14,1.36,0,4,47,-2.88,-7.93,""
"428","Rob Zastryzny","Cubs","pitcher","15094",25,3.51,1.25,0,1,24,-2.88,-7.93,""
"429","Gabriel Ynoa","Mets","pitcher","12938",48,4.36,1.32,0,2,32,-2.88,-7.94,""
"430","Giovanny Gallegos","Yankees","pitcher","sa659493",25,3.78,1.23,0,1,25,-2.89,-7.95,""
"431","Sean Marshall","","pitcher","5905",40,4,1.4,0,2,32,-2.9,-7.98,""
"432","Francelis Montas","Athletics","pitcher","14309",25,3.69,1.27,0,1,26,-2.9,-8,""
"433","Jordan Walden","Braves","pitcher","3271",20,3.5,1.24,0,1,23,-2.91,-8.01,""
"434","Tim Adleman","Reds","pitcher","10968",55,4.92,1.37,0,3,40,-2.91,-8.01,""
"435","Carlos Frias","Dodgers","pitcher","3547",25,3.57,1.22,0,1,21,-2.91,-8.02,""
"436","Taylor Guerrieri","Rays","pitcher","sa597787",120,4.96,1.44,0,6,72,-2.91,-8.02,""
"437","Luke Hochevar","","pitcher","6943",20,3.64,1.19,0,1,21,-2.91,-8.02,""
"438","Zach Duke","Cardinals","pitcher","3840",20,3.15,1.27,0,1,21,-2.93,-8.06,""
"439","Jason Motte","Rockies","pitcher","5861",45,4.87,1.39,1,2,38,-2.93,-8.06,""
"440","Miguel Socolovich","Cardinals","pitcher","6697",25,3.69,1.26,0,1,24,-2.93,-8.07,""
"441","Cesar Vargas","Padres","pitcher","14099",29,3.76,1.28,0,1,26,-2.93,-8.07,""
"442","Dan Altavilla","Mariners","pitcher","16507",30,3.8,1.3,0,1,28,-2.93,-8.08,""
"443","Logan Ondrusek","Orioles","pitcher","3677",35,4.44,1.35,0,2,29,-2.94,-8.09,""
"444","Jake Peavy","","pitcher","1051",46,4.66,1.32,0,2,34,-2.94,-8.09,""
"445","Severino Gonzalez","Phillies","pitcher","14697",30,4.22,1.21,0,1,25,-2.94,-8.1,""
"446","Edwin Jackson","","pitcher","1841",137,5.08,1.48,0,7,94,-2.96,-8.15,""
"447","Michael Ynoa","White Sox","pitcher","14093",45,4.63,1.46,1,2,41,-2.96,-8.15,""
"448","Jim Henderson","Cubs","pitcher","6653",30,4.14,1.3,0,1,30,-2.97,-8.19,""
"449","Rob Scahill","Brewers","pitcher","9286",40,4.26,1.41,0,2,33,-2.98,-8.21,""
"450","Tim Lincecum","","pitcher","5705",70,5.02,1.46,0,4,54,-2.99,-8.23,""
"451","Kyle Ryan","Tigers","pitcher","11753",35,4.14,1.37,0,2,24,-3,-8.25,""
"452","Jonathan Papelbon","","pitcher","5975",30,4.11,1.27,0,1,26,-3,-8.25,""
"453","Alejandro Chacin","Reds","pitcher","sa546496",25,3.82,1.32,0,1,26,-3,-8.26,""
"454","Josh Collmenter","Braves","pitcher","7312",34,4.49,1.34,0,2,25,-3,-8.27,""
"455","Adalberto Mejia","Twins","pitcher","13188",37,4.47,1.36,0,2,28,-3.01,-8.28,""
"456","Ben Heller","Yankees","pitcher","15100",30,4.09,1.33,0,1,30,-3.01,-8.29,""
"457","Austin Adams","Indians","pitcher","7411",25,3.88,1.28,0,1,23,-3.02,-8.31,""
"458","Cory Mazzoni","Padres","pitcher","12537",15,3.34,1.2,0,1,16,-3.02,-8.31,""
"459","Joba Chamberlain","Brewers","pitcher","2692",30,3.98,1.35,0,1,30,-3.02,-8.32,""
"460","Vidal Nuno","Dodgers","pitcher","9674",15,3.52,1.13,0,1,14,-3.02,-8.32,""
"461","Ryan O'Rourke","Twins","pitcher","10976",30,3.98,1.34,0,1,29,-3.02,-8.33,""
"462","Ben Lively","Phillies","pitcher","sa549720",24,3.96,1.26,0,1,21,-3.04,-8.38,""
"463","Brian Ellington","Marlins","pitcher","17233",20,3.68,1.32,0,1,22,-3.05,-8.39,""
"464","Clayton Blackburn","Giants","pitcher","sa598302",15,3.39,1.16,0,1,13,-3.05,-8.4,""
"465","Brooks Pounders","Angels","pitcher","10387",20,3.8,1.26,0,1,19,-3.06,-8.42,""
"466","Adam Morgan","Phillies","pitcher","12580",28,4.31,1.25,0,1,23,-3.07,-8.44,""
"467","Hunter Cervenka","Marlins","pitcher","10510",25,3.67,1.39,0,1,26,-3.07,-8.45,""
"468","Jake Thompson","Phillies","pitcher","14371",64,4.84,1.43,0,3,47,-3.07,-8.45,""
"469","Chris Smith","Athletics","pitcher","4544",20,3.82,1.27,0,1,19,-3.07,-8.46,""
"470","Lisalverto Bonilla","Pirates","pitcher","11266",15,3.46,1.23,0,1,15,-3.08,-8.48,""
"471","Shawn Armstrong","Indians","pitcher","12857",15,3.49,1.28,0,1,17,-3.09,-8.49,""
"472","Richard Bleier","Yankees","pitcher","7803",35,4.4,1.32,0,2,18,-3.09,-8.51,""
"473","Amir Garrett","Reds","pitcher","sa599236",37,4.48,1.44,0,2,32,-3.1,-8.52,""
"474","Nick Pivetta","Phillies","pitcher","sa737889",29,4.14,1.34,0,1,27,-3.1,-8.52,""
"475","Lucas Giolito","White Sox","pitcher","15474",63,4.93,1.47,0,3,54,-3.1,-8.53,"drafted"
"476","Leonel Campos","Blue Jays","pitcher","12277",25,3.99,1.37,0,1,26,-3.1,-8.55,""
"477","Jason Gurka","Rockies","pitcher","8007",25,4.05,1.32,0,1,23,-3.11,-8.55,""
"478","Jonathan Holder","Yankees","pitcher","16588",15,3.84,1.21,0,1,15,-3.11,-8.56,""
"479","Dallas Beeler","Cubs","pitcher","11471",27,4.42,1.38,0,2,19,-3.11,-8.56,""
"480","Kevin Chapman","Astros","pitcher","11240",30,4.09,1.38,0,1,29,-3.12,-8.58,""
"481","Josh Edgin","Mets","pitcher","10796",25,4,1.37,0,1,25,-3.13,-8.61,""
"482","Sal Romano","Reds","pitcher","sa599266",15,3.79,1.22,0,1,14,-3.13,-8.62,""
"483","Jake Junis","Royals","pitcher","sa602414",15,3.81,1.2,0,1,13,-3.14,-8.63,""
"484","Chris Rusin","Rockies","pitcher","9895",37,4.43,1.41,0,2,26,-3.14,-8.64,""
"485","Boone Logan","","pitcher","5525",10,3.34,1.21,0,1,12,-3.15,-8.66,""
"486","Ryan Garton","Rays","pitcher","14016",25,4.01,1.34,0,1,22,-3.15,-8.66,""
"487","Robby Scott","Red Sox","pitcher","13042",20,3.97,1.28,0,1,17,-3.15,-8.67,""
"488","Dominic Leone","Blue Jays","pitcher","13763",30,4.2,1.36,0,1,27,-3.15,-8.67,""
"489","Blaine Hardy","Tigers","pitcher","6499",30,4.04,1.35,0,1,24,-3.16,-8.69,""
"490","Zach Eflin","Phillies","pitcher","13774",46,4.88,1.35,0,2,31,-3.16,-8.69,""
"491","Noe Ramirez","Red Sox","pitcher","12800",25,4.25,1.34,0,1,23,-3.17,-8.74,""
"492","German Marquez","Rockies","pitcher","15038",15,3.86,1.24,0,1,13,-3.18,-8.74,""
"493","Johnny Barbato","Yankees","pitcher","11440",20,4.03,1.35,0,1,20,-3.18,-8.75,""
"494","Mike Wright","Orioles","pitcher","12586",54,5.18,1.41,0,3,37,-3.19,-8.78,""
"495","Rookie Davis","Reds","pitcher","sa599174",20,4.12,1.28,0,1,16,-3.19,-8.79,""
"496","John Leathersich","Cubs","pitcher","12562",10,3.36,1.29,0,1,12,-3.19,-8.79,""
"497","Jacob Rhame","Dodgers","pitcher","sa737837",10,3.5,1.26,0,1,11,-3.21,-8.83,""
"498","Blake Parker","Angels","pitcher","5224",10,3.63,1.21,0,1,10,-3.21,-8.84,""
"499","Jake Buchanan","Cubs","pitcher","10962",15,3.76,1.25,0,1,11,-3.21,-8.85,""
"500","Wandy Peralta","Reds","pitcher","14295",30,4.17,1.39,0,1,26,-3.21,-8.85,""
"501","Buddy Boshers","Twins","pitcher","8490",15,3.83,1.32,0,1,14,-3.22,-8.86,""
"502","Paul Fry","Mariners","pitcher","sa738159",15,3.8,1.35,0,1,15,-3.22,-8.87,""
"503","Odrisamer Despaigne","Marlins","pitcher","16017",15,3.8,1.28,0,1,12,-3.22,-8.87,""
"504","Tyler Webb","Pirates","pitcher","sa602910",10,3.45,1.26,0,1,10,-3.22,-8.88,""
"505","Luke Jackson","Braves","pitcher","11752",15,3.87,1.37,0,1,16,-3.23,-8.88,""
"506","Matt Grace","Nationals","pitcher","11449",30,4.03,1.37,0,1,22,-3.23,-8.89,""
"507","Mike Mayers","Cardinals","pitcher","15451",19,4.09,1.32,0,1,16,-3.23,-8.89,""
"508","Shae Simmons","Mariners","pitcher","14200",10,3.5,1.27,0,1,10,-3.23,-8.9,""
"509","Greg Mahle","Angels","pitcher","16877",30,4.07,1.38,0,1,23,-3.23,-8.9,""
"510","Samuel Tuivailala","Cardinals","pitcher","13485",10,3.52,1.31,0,1,11,-3.24,-8.91,""
"511","Carson Fulmer","White Sox","pitcher","18311",33,4.74,1.49,0,2,30,-3.24,-8.92,""
"512","Walker Lockett","Padres","pitcher","sa657984",19,4.19,1.28,0,1,14,-3.24,-8.92,""
"513","Jerome Williams","","pitcher","1137",101,5.06,1.45,0,5,58,-3.24,-8.93,""
"514","Brady Rodgers","Astros","pitcher","13393",10,3.96,1.19,0,1,9,-3.25,-8.93,""
"515","Matt Bowman","Cardinals","pitcher","13528",15,3.68,1.3,0,1,11,-3.25,-8.94,""
"516","Vicente Campos","Angels","pitcher","11681",24,4.31,1.32,0,1,18,-3.25,-8.96,""
"517","J.B. Wendelken","Athletics","pitcher","14506",15,4.1,1.33,0,1,14,-3.26,-8.98,""
"518","Hyun-Jin Ryu","Dodgers","pitcher","14444",9,3.56,1.19,0,1,7,-3.26,-8.98,""
"519","Nate Smith","Angels","pitcher","sa737900",10,3.63,1.23,0,1,8,-3.26,-8.98,""
"520","Bo Schultz","Blue Jays","pitcher","5028",20,4.29,1.32,0,1,16,-3.26,-8.99,""
"521","Andrew Faulkner","Rangers","pitcher","12982",25,4.28,1.4,0,1,23,-3.27,-8.99,""
"522","Rob Whalen","Mariners","pitcher","14165",36,4.85,1.44,0,2,28,-3.27,-8.99,""
"523","Scott Oberg","Rockies","pitcher","13911",20,4.21,1.39,0,1,19,-3.27,-9,""
"524","Jandel Gustave","Astros","pitcher","14665",15,4.16,1.34,0,1,14,-3.28,-9.02,""
"525","Matt Koch","Diamondbacks","pitcher","13420",15,4.26,1.26,0,1,11,-3.28,-9.03,""
"526","Adam Plutko","Indians","pitcher","15846",10,3.97,1.22,0,1,8,-3.28,-9.04,""
"527","Evan Marshall","Diamondbacks","pitcher","12297",20,4.05,1.37,0,1,16,-3.28,-9.04,""
"528","Jaime Schultz","Rays","pitcher","sa708975",18,4.2,1.43,0,1,19,-3.29,-9.06,""
"529","Eddie Gamboa","Rays","pitcher","6911",15,4.01,1.38,0,1,14,-3.29,-9.06,""
"530","Caleb Smith","Cubs","pitcher","sa738884",10,3.78,1.3,0,1,9,-3.29,-9.07,""
"531","Andrew Heaney","Angels","pitcher","15423",9,3.99,1.25,0,1,8,-3.3,-9.09,""
"532","Josh Hader","Brewers","pitcher","sa658473",9,3.94,1.34,0,1,10,-3.3,-9.09,""
"533","Joe Mantiply","Tigers","pitcher","14857",20,4.23,1.35,0,1,15,-3.31,-9.11,""
"534","David Rollins","Cubs","pitcher","11928",10,3.82,1.29,0,1,8,-3.31,-9.11,""
"535","J.P. Howell","","pitcher","8245",15,3.9,1.38,0,1,12,-3.32,-9.14,""
"536","Kyle Crockett","Indians","pitcher","15033",10,3.84,1.34,0,1,9,-3.32,-9.14,""
"537","Kyle Martin","Red Sox","pitcher","sa503291",10,4.06,1.31,0,1,9,-3.32,-9.14,""
"538","T.J. McFarland","Orioles","pitcher","3237",30,4.09,1.4,0,1,20,-3.33,-9.18,""
"539","Trevor Cahill","Padres","pitcher","6249",18,4.09,1.43,0,1,16,-3.34,-9.18,""
"540","Michael Blazek","Brewers","pitcher","9654",25,4.47,1.41,0,1,22,-3.34,-9.19,""
"541","Brent Suter","Brewers","pitcher","13942",19,4.42,1.34,0,1,14,-3.34,-9.2,""
"542","Austin Pruitt","Rays","pitcher","sa737920",9,4.19,1.26,0,1,7,-3.34,-9.2,""
"543","Daniel Mengden","Athletics","pitcher","16980",18,4.45,1.37,0,1,15,-3.35,-9.21,""
"544","Brandon Workman","Red Sox","pitcher","11428",15,4.37,1.35,0,1,12,-3.35,-9.22,""
"545","Anthony Banda","Diamondbacks","pitcher","sa599510",9,4.12,1.34,0,1,8,-3.36,-9.24,""
"546","Alex Wimmers","Twins","pitcher","11394",20,4.4,1.41,0,1,17,-3.36,-9.26,""
"547","Joe Beimel","","pitcher","979",45,4.6,1.46,0,2,29,-3.37,-9.26,""
"548","Chris Beck","White Sox","pitcher","13418",43,4.88,1.46,0,2,32,-3.37,-9.27,""
"549","Warwick Saupold","Tigers","pitcher","13211",15,4.35,1.36,0,1,11,-3.38,-9.29,""
"550","Chase Johnson","Giants","pitcher","sa549740",18,4.34,1.4,0,1,14,-3.38,-9.31,""
"551","Nick Kingham","Pirates","pitcher","sa548285",9,4.26,1.34,0,1,7,-3.39,-9.32,""
"552","Andrew Albers","Twins","pitcher","7853",45,4.86,1.42,0,2,27,-3.4,-9.35,""
"553","Jorge Lopez","Brewers","pitcher","14527",28,4.58,1.45,0,1,25,-3.4,-9.37,""
"554","Austin Adams","Nationals","pitcher","sa658119",15,4.24,1.53,0,1,16,-3.41,-9.38,""
"555","Kevin McCarthy","Royals","pitcher","15240",25,4.41,1.41,0,1,18,-3.41,-9.38,""
"556","Chris Bassitt","Athletics","pitcher","12304",9,4.41,1.36,0,1,7,-3.41,-9.38,""
"557","Pierce Johnson","Cubs","pitcher","sa501771",18,4.45,1.46,0,1,16,-3.42,-9.41,""
"558","Kyle Zimmer","Royals","pitcher","sa621583",9,4.43,1.38,0,1,7,-3.42,-9.41,""
"559","Pat Light","Twins","pitcher","13427",25,4.45,1.46,0,1,21,-3.42,-9.43,""
"560","Aaron Blair","Braves","pitcher","14934",26,4.67,1.42,0,1,21,-3.43,-9.43,""
"561","Jimmy Cordero","Nationals","pitcher","sa680023",20,4.45,1.44,0,1,16,-3.43,-9.43,""
"562","Daniel Wright","Angels","pitcher","15179",9,4.63,1.34,0,1,6,-3.43,-9.45,""
"563","Chad Girodo","Blue Jays","pitcher","15542",15,4.38,1.4,0,1,10,-3.43,-9.45,""
"564","Daniel Winkler","Braves","pitcher","12237",10,3.42,1.22,0,0,11,-3.44,-9.46,""
"565","Damien Magnifico","Brewers","pitcher","13395",20,4.56,1.47,0,1,18,-3.44,-9.46,""
"566","Jarlin Garcia","Marlins","pitcher","sa597438",9,4.35,1.39,0,1,6,-3.44,-9.47,""
"567","Matt Purke","White Sox","pitcher","12831",30,4.41,1.49,0,1,26,-3.44,-9.47,""
"568","Mike Hauschild","Rangers","pitcher","sa621613",9,4.81,1.38,0,1,7,-3.45,-9.49,""
"569","Chi Chi Gonzalez","Rangers","pitcher","14663",38,4.94,1.47,0,2,25,-3.45,-9.51,""
"570","Taylor Williams","Brewers","pitcher","sa737785",15,4.67,1.46,0,1,13,-3.46,-9.52,""
"571","Juan Minaya","White Sox","pitcher","10341",20,4.77,1.46,0,1,18,-3.46,-9.52,""
"572","Andrew Edwards","Royals","pitcher","sa738219",20,4.52,1.46,0,1,16,-3.46,-9.52,""
"573","Roenis Elias","Red Sox","pitcher","12673",9,4.67,1.43,0,1,7,-3.46,-9.53,""
"574","Alec Asher","Phillies","pitcher","13560",27,4.95,1.36,0,1,18,-3.47,-9.55,""
"575","Chase Whitley","Rays","pitcher","10982",10,3.61,1.19,0,0,9,-3.47,-9.57,""
"576","Connor Sadzeck","Rangers","pitcher","sa550247",24,4.77,1.45,0,1,20,-3.48,-9.57,""
"577","Javier Lopez","","pitcher","1663",25,4.17,1.48,0,1,17,-3.48,-9.57,""
"578","Brian Johnson","Red Sox","pitcher","14272",9,4.78,1.45,0,1,7,-3.48,-9.58,""
"579","Henry Owens","Red Sox","pitcher","13143",9,4.9,1.49,0,1,8,-3.49,-9.6,""
"580","John Gant","Cardinals","pitcher","13684",10,3.62,1.25,0,0,10,-3.49,-9.61,""
"581","Daniel Slania","Giants","pitcher","sa550172",10,3.52,1.24,0,0,9,-3.5,-9.62,""
"582","Braden Shipley","Diamondbacks","pitcher","15158",28,4.82,1.4,0,1,19,-3.5,-9.63,""
"583","Dillon Overton","Athletics","pitcher","15627",18,4.97,1.39,0,1,12,-3.5,-9.64,""
"584","Kevin Gadea","Rays","pitcher","sa735841",20,4.6,1.49,0,1,16,-3.51,-9.65,""
"585","Chris Stratton","Giants","pitcher","13761",10,3.68,1.26,0,0,9,-3.52,-9.69,""
"586","Jackson Stephens","Reds","pitcher","sa658342",10,3.91,1.23,0,0,9,-3.52,-9.69,""
"587","Jon Edwards","","pitcher","1483",10,3.8,1.32,0,0,11,-3.52,-9.7,""
"588","Zac Rosscup","","pitcher","9419",10,3.82,1.32,0,0,11,-3.52,-9.7,""
"589","Jimmie Sherfy","Diamondbacks","pitcher","sa737897",10,3.78,1.33,0,0,11,-3.53,-9.71,""
"590","Jesse Hahn","Athletics","pitcher","13287",18,4.65,1.46,0,1,12,-3.53,-9.71,""
"591","Akeel Morris","Braves","pitcher","12185",10,3.69,1.4,0,0,12,-3.54,-9.74,""
"592","Travis Wood","","pitcher","9884",10,3.95,1.26,0,0,9,-3.54,-9.75,""
"593","Max Povse","Mariners","pitcher","sa602653",10,3.93,1.23,0,0,8,-3.54,-9.75,""
"594","Chris Capuano","","pitcher","1701",10,3.83,1.28,0,0,9,-3.54,-9.75,""
"595","Conor Mullee","","pitcher","11580",10,3.92,1.31,0,0,10,-3.55,-9.76,""
"596","Lucas Sims","Braves","pitcher","sa657914",10,3.77,1.37,0,0,11,-3.55,-9.77,""
"597","Barrett Astin","Reds","pitcher","sa621669",10,3.98,1.28,0,0,9,-3.55,-9.79,""
"598","Zac Curtis","Mariners","pitcher","16684",10,3.82,1.34,0,0,10,-3.56,-9.79,""
"599","Tommy Hunter","","pitcher","1157",10,3.91,1.26,0,0,8,-3.56,-9.8,""
"600","Fernando Romero","Twins","pitcher","sa657418",18,5.03,1.46,0,1,13,-3.56,-9.8,""
"601","Gonzalez Germen","Rockies","pitcher","5876",30,4.85,1.5,0,1,26,-3.56,-9.81,""
"602","Matt Harrison","","pitcher","5551",18,4.69,1.47,0,1,11,-3.56,-9.81,""
"603","Joe Smith","","pitcher","3281",10,3.7,1.3,0,0,8,-3.56,-9.81,""
"604","Eduardo Paredes","Angels","pitcher","sa657128",10,3.95,1.31,0,0,9,-3.57,-9.83,""
"605","Keyvius Sampson","","pitcher","10039",10,4.03,1.34,0,0,10,-3.57,-9.83,""
"606","Chris Flexen","Mets","pitcher","sa658306",15,4.85,1.53,0,1,11,-3.58,-9.85,""
"607","Yohander Mendez","Rangers","pitcher","14391",10,4.02,1.33,0,0,9,-3.59,-9.87,""
"608","Joe Gunkel","Orioles","pitcher","sa738176",10,4.23,1.23,0,0,7,-3.59,-9.87,""
"609","Drew Steckenrider","Marlins","pitcher","sa621408",10,3.86,1.36,0,0,9,-3.59,-9.88,""
"610","Asher Wojciechowski","Marlins","pitcher","10836",10,4.06,1.3,0,0,8,-3.59,-9.89,""
"611","Ross Ohlendorf","","pitcher","8268",10,4.26,1.31,0,0,9,-3.59,-9.89,""
"612","Brandon Morrow","","pitcher","9346",10,4.11,1.3,0,0,8,-3.6,-9.9,""
"613","Ashur Tolliver","Astros","pitcher","10044",10,4.06,1.35,0,0,9,-3.6,-9.91,""
"614","Ryne Stanek","Rays","pitcher","sa548245",10,4.02,1.36,0,0,9,-3.6,-9.92,""
"615","Robbie Erlin","Padres","pitcher","10354",9,4.09,1.29,0,0,7,-3.61,-9.93,""
"616","Cory Rasmus","","pitcher","2413",10,4.22,1.34,0,0,9,-3.61,-9.93,""
"617","Jairo Diaz","Rockies","pitcher","12774",10,4.12,1.39,0,0,10,-3.61,-9.93,""
"618","Jake Petricka","White Sox","pitcher","10534",10,3.8,1.4,0,0,9,-3.61,-9.93,""
"619","Shawn Morimando","Indians","pitcher","13606",10,4.06,1.33,0,0,8,-3.61,-9.94,""
"620","Rowan Wick","Cardinals","pitcher","sa549441",10,3.97,1.38,0,0,9,-3.61,-9.94,""
"621","Tayron Guerrero","Marlins","pitcher","11691",10,3.93,1.39,0,0,9,-3.61,-9.95,""
"622","Joseph Colon","Indians","pitcher","4920",10,4.23,1.35,0,0,9,-3.61,-9.95,""
"623","Dietrich Enns","Yankees","pitcher","sa579749",10,4.13,1.37,0,0,9,-3.62,-9.96,""
"624","Reyes Moronta","Giants","pitcher","sa597322",10,3.93,1.44,0,0,10,-3.62,-9.97,""
"625","Keynan Middleton","Angels","pitcher","sa737638",10,4.11,1.38,0,0,9,-3.62,-9.97,""
"626","Chad Bell","Tigers","pitcher","sa392168",10,4.17,1.35,0,0,8,-3.63,-9.99,""
"627","Jonathan Aro","Mariners","pitcher","14699",10,4.33,1.33,0,0,8,-3.63,-10,""
"628","Antonio Senzatela","Rockies","pitcher","sa657576",10,4.36,1.33,0,0,8,-3.63,-10,""
"629","Miguel Diaz","Padres","pitcher","sa657924",39,4.94,1.57,0,2,28,-3.63,-10,""
"630","Bryan Morris","Marlins","pitcher","10234",10,3.9,1.4,0,0,8,-3.64,-10.01,""
"631","Yefrey Ramirez","Yankees","pitcher","sa597051",18,5.29,1.5,0,1,13,-3.64,-10.02,""
"632","Chris Lee","Orioles","pitcher","sa550044",15,5.09,1.52,0,1,9,-3.64,-10.02,""
"633","Myles Jaye","Tigers","pitcher","sa549275",10,4.35,1.31,0,0,7,-3.64,-10.02,""
"634","Taylor Jungmann","Brewers","pitcher","13119",45,5.19,1.55,0,2,37,-3.64,-10.03,""
"635","Mason Melotakis","Twins","pitcher","sa621016",10,4.25,1.4,0,0,9,-3.64,-10.03,""
"636","Alfredo Simon","","pitcher","2155",10,4.27,1.33,0,0,7,-3.65,-10.04,""
"637","Dustin Molleken","Tigers","pitcher","6200",10,4.27,1.41,0,0,9,-3.65,-10.05,""
"638","Zach Lee","Padres","pitcher","11468",9,4.39,1.34,0,0,7,-3.65,-10.06,""
"639","Nick Martinez","Rangers","pitcher","12730",18,5.34,1.47,0,1,11,-3.66,-10.06,""
"640","Drew Gagnon","Angels","pitcher","sa455094",10,4.29,1.38,0,0,8,-3.66,-10.06,""
"641","Duane Underwood","Cubs","pitcher","sa657936",10,4.22,1.39,0,0,8,-3.66,-10.06,""
"642","Tanner Scheppers","Rangers","pitcher","10267",10,4.45,1.41,0,0,9,-3.67,-10.09,""
"643","Bobby Wahl","Athletics","pitcher","sa550093",10,4.29,1.44,0,0,9,-3.67,-10.1,""
"644","Keury Mella","Reds","pitcher","sa657486",28,5.05,1.49,0,1,20,-3.67,-10.1,""
"645","Lucas Harrell","","pitcher","7541",10,4.16,1.43,0,0,8,-3.67,-10.11,""
"646","Seth Maness","","pitcher","12235",10,4.15,1.36,0,0,6,-3.67,-10.11,""
"647","Matt Dermody","Blue Jays","pitcher","14844",10,4.41,1.36,0,0,7,-3.67,-10.11,""
"648","Clay Holmes","Pirates","pitcher","sa598167",10,4.34,1.42,0,0,8,-3.68,-10.14,""
"649","Perci Garner","Indians","pitcher","10887",10,4.29,1.43,0,0,8,-3.68,-10.14,""
"650","Sam Moll","Rockies","pitcher","sa709023",10,4.43,1.42,0,0,8,-3.69,-10.16,""
"651","Luis Ysla","Red Sox","pitcher","sa739569",10,4.42,1.46,0,0,9,-3.69,-10.16,""
"652","Jason Hursh","Braves","pitcher","14914",10,4.4,1.43,0,0,8,-3.69,-10.17,""
"653","Dovydas Neverauskas","Pirates","pitcher","sa549722",10,4.33,1.44,0,0,8,-3.69,-10.17,""
"654","Mike Pelfrey","Tigers","pitcher","5203",27,4.91,1.46,0,1,14,-3.69,-10.17,""
"655","Kendry Flores","Marlins","pitcher","12118",9,4.55,1.4,0,0,7,-3.7,-10.17,""
"656","Mark Appel","Phillies","pitcher","sa501726",9,4.57,1.4,0,0,7,-3.7,-10.18,""
"657","Chih-Wei Hu","Rays","pitcher","sa739600",9,4.59,1.37,0,0,6,-3.7,-10.19,""
"658","Jose Leclerc","Rangers","pitcher","14524",10,4.52,1.52,0,0,10,-3.71,-10.22,""
"659","Giovanni Soto","White Sox","pitcher","10330",10,4.49,1.5,0,0,9,-3.72,-10.24,""
"660","Hunter Wood","Rays","pitcher","sa658913",9,4.68,1.44,0,0,7,-3.72,-10.25,""
"661","Williams Jerez","Red Sox","pitcher","sa597797",10,4.53,1.47,0,0,8,-3.73,-10.26,""
"662","Jason Garcia","Orioles","pitcher","12143",20,5.25,1.54,0,1,13,-3.73,-10.26,""
"663","Jayson Aquino","Orioles","pitcher","13150",10,4.72,1.39,0,0,6,-3.74,-10.28,""
"664","Jordan Lyles","Rockies","pitcher","7593",27,5.06,1.52,0,1,18,-3.74,-10.29,""
"665","Rayan Gonzalez","Rockies","pitcher","sa455370",10,4.78,1.5,0,0,9,-3.74,-10.3,""
"666","Chris Heston","Mariners","pitcher","10302",9,4.71,1.44,0,0,6,-3.75,-10.32,""
"667","Jake Esch","Marlins","pitcher","12756",9,4.68,1.45,0,0,6,-3.75,-10.32,""
"668","Jesus Liranzo","Orioles","pitcher","sa658076",10,4.75,1.52,0,0,9,-3.75,-10.33,""
"669","Ronald Herrera","Yankees","pitcher","sa657806",9,4.99,1.41,0,0,6,-3.75,-10.33,""
"670","Nick Travieso","Reds","pitcher","sa657906",9,4.97,1.47,0,0,7,-3.76,-10.35,""
"671","Gerardo Concepcion","","pitcher","14411",10,4.61,1.53,0,0,8,-3.77,-10.37,""
"672","Tyler Danish","White Sox","pitcher","15126",28,5.25,1.5,0,1,18,-3.77,-10.38,""
"673","Shane Carle","Rockies","pitcher","sa737893",9,5.12,1.43,0,0,6,-3.77,-10.38,""
"674","Ricardo Pinto","Phillies","pitcher","sa656014",9,5.04,1.47,0,0,6,-3.79,-10.42,""
"675","Domingo German","Yankees","pitcher","sa548637",10,4.98,1.48,0,0,7,-3.79,-10.43,""
"676","Yency Almonte","Rockies","pitcher","sa658334",9,5.21,1.5,0,0,7,-3.79,-10.44,""
"677","Felix Jorge","Twins","pitcher","sa597424",9,5.16,1.44,0,0,5,-3.8,-10.46,""
"678","Logan Verrett","Orioles","pitcher","12905",45,5.48,1.51,0,2,29,-3.8,-10.47,""
"679","Paul Blackburn","Athletics","pitcher","sa657872",9,5.12,1.46,0,0,5,-3.81,-10.48,""
"680","Eddie Butler","Rockies","pitcher","13453",36,5.47,1.55,0,2,21,-3.81,-10.48,""
"681","Brad Goldberg","White Sox","pitcher","sa579754",10,5.01,1.56,0,0,8,-3.81,-10.5,""
"682","Tyler Wagner","Rangers","pitcher","13796",9,5.25,1.5,0,0,6,-3.82,-10.5,""
"683","Tyler Matzek","Rockies","pitcher","10058",28,5.15,1.62,0,1,23,-3.84,-10.56,""
"684","Tyrell Jenkins","Padres","pitcher","11378",9,5.14,1.56,0,0,6,-3.84,-10.57,""
"685","Max Fried","Braves","pitcher","sa657860",9,5.07,1.66,0,0,7,-3.86,-10.64,""
"686","Parker Bridwell","Orioles","pitcher","11502",9,5.54,1.56,0,0,6,-3.87,-10.65,""
"687","Thyago Vieira","Mariners","pitcher","sa596366",10,5.07,1.61,0,0,7,-3.87,-10.65,""
"688","Ryan Borucki","Blue Jays","pitcher","sa658266",9,5.4,1.55,0,0,5,-3.87,-10.66,""
"689","Zach Jemiola","Rockies","pitcher","sa658131",9,5.62,1.54,0,0,5,-3.88,-10.69,""
"690","Alberto Tirado","Phillies","pitcher","sa659315",25,5.07,1.75,0,1,24,-3.89,-10.72,""
"691","Ariel Hernandez","Reds","pitcher","sa507017",10,5.19,1.72,0,0,9,-3.9,-10.73,""
"692","Conner Greene","Blue Jays","pitcher","sa737829",37,5.65,1.59,0,2,22,-3.95,-10.88,""
"693","Jose Alvarado","Rays","pitcher","sa656049",10,5.19,1.79,0,0,8,-3.96,-10.9,""
"694","Sandy Baez","Tigers","pitcher","sa657709",9,5.96,1.64,0,0,4,-3.98,-10.95,""
