"Name","Team","W","L","SV","ERA","GS","G","IP","H","ER","HR","SO","BB","WHIP","K/9","BB/9","FIP","ADP","playerid"
"Edwin Diaz","Mets","3","2","0","2.53","0","65","65.0","44","18","6","90","20","0.99","12.44","2.75","2.59","51.3","14710"
"Aroldis Chapman","Yankees","4","2","0","2.54","0","65","65.0","43","18","5","95","26","1.06","13.15","3.64","2.64","73.7","10233"
"Chris Sale","Red Sox","17","7","0","2.71","32","32","204.0","147","61","23","282","48","0.95","12.46","2.11","2.70","12.9","10603"
"Jacob deGrom","Mets","16","8","0","2.55","32","32","211.0","153","60","20","267","56","0.99","11.38","2.41","2.71","10.7","10954"
"Dellin Betances","Yankees","4","2","0","2.88","0","75","75.0","52","24","7","117","34","1.15","14.04","4.09","2.74","267.1","6216"
"Josh Hader","Brewers","4","3","0","2.55","0","80","80.0","50","23","7","121","36","1.08","13.59","4.10","2.79","101.4","14212"
"Corey Knebel","Brewers","3","2","0","2.75","0","65","65.0","44","20","6","95","27","1.09","13.10","3.72","2.82","130.4","15010"
"Craig Kimbrel","","4","3","0","2.72","0","65","65.0","42","20","7","96","26","1.04","13.27","3.66","2.93","73.1","6655"
"Diego Castillo","Rays","3","2","0","2.87","0","60","60.0","47","19","5","71","18","1.10","10.60","2.76","2.96","490.1","17496"
"Will Smith","Giants","3","3","0","3.28","0","65","65.0","55","24","6","81","24","1.21","11.19","3.30","2.98","185.1","8048"
"Sean Doolittle","Nationals","3","2","0","2.87","0","65","65.0","48","21","8","82","15","0.97","11.32","2.07","3.00","100.2","1581"
"Brad Hand","Indians","3","2","0","2.99","0","70","70.0","53","23","7","92","23","1.10","11.85","2.98","3.00","81.2","9111"
"Luis Severino","Yankees","16","7","0","2.98","32","32","196.0","161","65","21","232","49","1.07","10.65","2.24","3.01","34.2","15890"
"Joe Jimenez","Tigers","3","3","0","3.00","0","65","65.0","50","22","6","77","21","1.09","10.60","2.91","3.04","416.3","15761"
"Liam Hendriks","Athletics","1","1","0","3.37","0","30","30.0","26","11","3","35","8","1.14","10.37","2.37","3.05","999.0","3548"
"Keone Kela","Pirates","3","2","0","3.01","0","60","60.0","46","20","5","74","22","1.14","11.11","3.36","3.06","465.4","14696"
"Felipe Vazquez","Pirates","3","2","0","3.17","0","65","65.0","55","23","5","76","24","1.21","10.56","3.30","3.09","88.1","12076"
"Trevor Hildenberger","Twins","3","2","0","3.31","0","50","50.0","46","18","5","48","11","1.13","8.64","1.92","3.17","576.0","17002"
"Blake Snell","Rays","14","9","0","3.02","32","32","190.0","145","64","20","244","72","1.14","11.57","3.42","3.18","29.6","13543"
"Trevor Rosenthal","Nationals","3","2","0","3.30","0","65","65.0","53","24","5","86","31","1.29","11.94","4.29","3.19","466.3","10745"
"Blake Treinen","Athletics","3","2","0","3.17","0","70","70.0","61","25","5","75","24","1.21","9.60","3.04","3.19","61.1","12572"
"Taylor Rogers","Twins","3","2","0","3.52","0","60","60.0","57","23","5","62","18","1.26","9.24","2.73","3.20","494.6","13449"
"Jose Castillo","Padres","2","2","0","3.22","0","50","50.0","41","18","4","59","21","1.23","10.61","3.76","3.20","536.6","17169"
"Jeurys Familia","Mets","3","2","0","3.18","0","65","65.0","57","23","5","67","22","1.21","9.29","3.05","3.22","445.4","5114"
"Carson Smith","Red Sox","1","0","0","3.38","0","10","10.0","9","4","1","10","3","1.26","8.63","2.93","3.23","999.0","13172"
"Gerrit Cole","Astros","15","8","0","3.25","32","32","198.0","159","72","24","247","59","1.10","11.24","2.67","3.25","25.7","13125"
"Chad Green","Yankees","4","2","0","3.59","0","70","70.0","62","28","8","88","24","1.23","11.27","3.06","3.26","495.8","15552"
"Matt Barnes","Red Sox","3","2","0","3.51","0","65","65.0","54","25","7","87","29","1.28","12.06","4.00","3.26","265.5","12863"
"Kenley Jansen","Dodgers","4","2","0","3.14","0","65","65.0","51","23","8","74","13","0.99","10.27","1.82","3.27","74.5","3096"
"Cole Sulser","Rays","1","1","0","3.55","0","20","20.0","17","8","2","26","8","1.25","11.58","3.50","3.30","999.0","sa738350"
"Adam Ottavino","Yankees","4","2","0","3.30","0","65","65.0","49","24","8","91","28","1.18","12.53","3.83","3.30","352.8","1247"
"Jeremy Jeffress","Brewers","3","2","0","3.29","0","65","65.0","58","24","6","68","22","1.23","9.46","2.98","3.31","303.5","9490"
"Carlos Carrasco","Indians","14","9","0","3.24","32","32","194.0","158","70","25","231","48","1.06","10.71","2.24","3.31","36.7","6632"
"James Paxton","Yankees","14","7","0","3.23","29","29","171.0","143","61","22","205","48","1.12","10.78","2.50","3.32","55.4","11828"
"Max Scherzer","Nationals","16","8","0","3.06","32","32","210.0","149","71","30","283","62","1.01","12.12","2.68","3.32","4.6","3137"
"Tyler Olson","Indians","2","2","0","3.49","0","50","50.0","44","19","5","60","19","1.25","10.71","3.36","3.33","999.0","14741"
"Aaron Nola","Phillies","13","9","0","3.20","31","31","189.0","159","67","21","208","52","1.11","9.90","2.48","3.34","25.3","16149"
"Noah Syndergaard","Mets","12","9","0","3.29","29","29","177.0","154","65","17","179","51","1.16","9.09","2.58","3.35","40.5","11762"
"Corey Kluber","Indians","16","9","0","3.20","32","32","211.0","174","75","28","235","43","1.03","10.02","1.84","3.36","23.2","2429"
"Tony Watson","Giants","3","3","0","3.14","0","65","65.0","55","23","6","62","17","1.11","8.65","2.34","3.37","584.9","3132"
"David Paulino","Blue Jays","2","2","0","3.38","0","50","50.0","42","19","5","57","17","1.17","10.25","2.98","3.37","599.3","17418"
"Justin Verlander","Astros","16","8","0","3.15","32","32","204.0","152","71","29","263","56","1.02","11.62","2.49","3.37","20.5","8700"
"David Robertson","Phillies","3","2","0","3.31","0","65","65.0","52","24","8","83","24","1.17","11.45","3.30","3.37","161.0","8241"
"Tanner Anderson","Athletics","0","0","0","3.19","0","10","10.0","9","4","1","7","3","1.24","6.63","2.61","3.37","999.0","18029"
"Trevor Bauer","Indians","14","9","0","3.29","32","32","191.0","155","70","22","225","61","1.13","10.59","2.89","3.40","32.9","12703"
"J.B. Wendelken","Athletics","2","2","0","3.61","0","50","50.0","43","20","6","61","17","1.19","11.02","3.00","3.40","999.0","14506"
"Andrew Miller","Cardinals","3","2","0","3.29","0","60","60.0","51","22","6","69","20","1.17","10.32","2.95","3.40","209.4","6785"
"Andrew Chafin","Diamondbacks","2","2","0","3.49","0","55","55.0","50","21","4","56","22","1.31","9.20","3.66","3.40","999.0","12988"
"Jose Alvarado","Rays","3","2","0","2.88","0","60","60.0","43","19","3","72","36","1.31","10.82","5.37","3.41","157.6","17780"
"Ryan Pressly","Astros","3","2","0","3.45","0","65","65.0","56","25","8","78","22","1.19","10.85","2.99","3.41","375.4","7005"
"A.J. Minter","Braves","3","3","0","3.42","0","65","65.0","55","25","6","72","24","1.21","9.90","3.26","3.42","236.6","18655"
"Joakim Soria","Athletics","3","2","0","3.37","0","65","65.0","56","24","6","70","23","1.20","9.75","3.12","3.42","536.0","6941"
"Roberto Osuna","Astros","4","2","0","3.37","0","65","65.0","56","24","8","69","13","1.06","9.53","1.82","3.43","81.7","13764"
"Trevor Gott","Giants","1","1","0","3.53","0","25","25.0","23","10","2","24","9","1.31","8.51","3.36","3.43","999.0","15046"
"Dillon Maples","Cubs","0","0","0","3.24","0","10","10.0","7","4","1","14","7","1.43","12.33","6.22","3.45","999.0","14672"
"Alex Claudio","Brewers","2","2","0","3.26","0","45","45.0","44","16","3","30","9","1.19","6.07","1.87","3.46","999.0","12890"
"Shane Bieber","Indians","10","7","0","3.54","24","24","141.0","134","55","18","136","23","1.11","8.66","1.48","3.46","151.6","19427"
"Drew Steckenrider","Marlins","2","3","0","3.18","0","65","65.0","51","23","6","77","30","1.25","10.68","4.15","3.47","252.6","18806"
"Darren O'Day","Braves","3","2","0","3.33","0","55","55.0","44","20","7","66","17","1.10","10.73","2.75","3.48","600.3","3321"
"Mark Melancon","Giants","3","3","0","3.50","0","65","65.0","63","25","5","52","17","1.23","7.15","2.30","3.49","384.5","4264"
"Patrick Corbin","Nationals","13","9","0","3.49","31","31","180.0","161","70","23","206","52","1.18","10.30","2.62","3.49","50.1","9323"
"Danny Salazar","Indians","4","3","0","3.48","6","36","68.0","55","26","9","91","27","1.20","12.02","3.53","3.49","519.5","5867"
"Jake Diekman","Royals","2","2","0","3.48","0","55","55.0","47","21","4","62","27","1.33","10.19","4.34","3.49","999.0","5003"
"Archie Bradley","Diamondbacks","3","3","0","3.51","0","70","70.0","60","27","5","73","29","1.27","9.41","3.78","3.50","188.5","12918"
"Ken Giles","Blue Jays","3","3","0","3.78","0","65","65.0","60","27","8","73","21","1.24","10.06","2.86","3.51","128.7","12910"
"Lou Trivino","Athletics","3","3","0","3.34","0","70","70.0","58","26","5","73","33","1.30","9.43","4.21","3.52","545.0","15043"
"Bobby Wahl","Brewers","1","1","0","3.39","0","20","20.0","14","8","3","29","10","1.23","13.22","4.59","3.52","999.0","14832"
"Jonathan Holder","Yankees","3","2","0","3.53","0","50","50.0","45","20","6","51","13","1.15","9.13","2.34","3.53","599.9","16588"
"Sam Dyson","Giants","2","3","0","3.62","0","60","60.0","58","24","4","49","20","1.30","7.29","2.96","3.54","598.2","11710"
"Caleb Ferguson","Dodgers","3","2","0","3.26","3","43","59.0","48","21","5","65","25","1.24","9.85","3.83","3.55","583.6","19349"
"Shawn Armstrong","Mariners","3","3","0","3.45","0","60","60.0","46","23","6","78","32","1.30","11.69","4.87","3.55","582.3","12857"
"Ryan Madson","","3","3","0","3.45","0","50","50.0","45","19","6","51","14","1.18","9.12","2.54","3.55","999.0","1852"
"Ty Buttrey","Angels","3","2","0","3.43","0","60","60.0","48","23","5","72","29","1.28","10.73","4.39","3.55","471.7","14719"
"Wade Davis","Rockies","3","3","0","3.81","0","65","65.0","58","28","7","75","27","1.30","10.42","3.68","3.55","115.6","7441"
"Kirby Yates","Padres","3","3","0","3.62","0","65","65.0","52","26","9","88","26","1.21","12.12","3.64","3.56","114.7","9073"
"Blaine Hardy","Tigers","1","1","0","3.54","0","30","30.0","27","12","3","29","8","1.19","8.73","2.52","3.56","999.0","6499"
"Edubray Ramos","Phillies","1","1","0","3.58","0","20","20.0","18","8","2","20","6","1.20","9.04","2.69","3.57","999.0","16086"
"Justin Wilson","Mets","2","2","0","3.29","0","40","40.0","31","15","4","48","18","1.21","10.75","3.96","3.58","999.0","4301"
"Walker Buehler","Dodgers","12","8","0","3.22","28","28","161.0","130","58","18","175","54","1.14","9.79","3.01","3.58","39.7","19374"
"Daniel Stumpf","Tigers","2","2","0","3.66","0","50","50.0","45","20","5","51","18","1.26","9.24","3.27","3.58","999.0","13780"
"Hector Rondon","Astros","3","2","0","3.57","0","55","55.0","49","22","7","57","15","1.17","9.34","2.47","3.59","581.4","2391"
"Paul Fry","Orioles","2","3","0","3.63","0","65","65.0","59","26","5","72","31","1.39","10.02","4.34","3.59","593.7","15832"
"Zach Britton","Yankees","3","2","0","3.22","0","60","60.0","56","21","5","52","21","1.29","7.74","3.22","3.60","449.3","3240"
"Clayton Kershaw","Dodgers","14","8","0","3.18","29","29","185.0","157","65","23","175","40","1.06","8.53","1.93","3.60","43.3","2036"
"Drew VerHagen","Tigers","1","1","0","3.68","0","30","30.0","26","12","2","30","13","1.30","9.01","3.77","3.60","999.0","13424"
"Brendan McCurry","Astros","1","0","0","3.62","0","10","10.0","9","4","1","11","3","1.20","10.13","2.87","3.60","999.0","sa829486"
"Silvino Bracho","Diamondbacks","2","2","0","3.66","0","50","50.0","42","20","7","60","17","1.17","10.87","3.00","3.61","999.0","15051"
"Donnie Hart","Orioles","1","1","0","3.69","0","25","25.0","25","10","2","22","8","1.32","7.91","3.00","3.61","999.0","15306"
"Nick Rumbelow","Mariners","0","0","0","3.48","0","10","10.0","8","4","1","11","3","1.17","9.84","3.00","3.61","999.0","14867"
"Hector Neris","Phillies","2","2","0","3.64","0","40","40.0","32","16","6","55","16","1.20","12.41","3.55","3.61","574.3","11804"
"Dylan Floro","Dodgers","3","2","0","3.87","0","50","50.0","54","22","4","37","12","1.31","6.74","2.16","3.62","999.0","13394"
"Nathan Eovaldi","Red Sox","11","8","0","3.61","28","28","156.0","146","63","19","151","40","1.19","8.73","2.32","3.64","167.1","9132"
"Tim Mayza","Blue Jays","2","2","0","3.88","0","50","50.0","45","22","5","60","25","1.39","10.72","4.48","3.64","999.0","15042"
"Carl Edwards Jr.","Cubs","3","2","0","3.24","0","60","60.0","43","22","4","73","38","1.34","10.97","5.66","3.64","542.1","13607"
"Chris Paddack","Padres","5","5","0","3.58","15","15","84.0","76","33","11","84","20","1.15","8.99","2.18","3.64","443.0","sa875195"
"Steven Okert","Giants","1","1","0","3.96","0","20","20.0","19","9","2","22","7","1.31","9.71","3.35","3.65","999.0","13580"
"Alex Colome","White Sox","3","3","0","3.88","0","60","60.0","59","26","7","59","18","1.28","8.82","2.69","3.66","213.7","6661"
"Giovanny Gallegos","Cardinals","1","1","0","3.76","0","20","20.0","18","8","3","23","6","1.19","10.53","2.57","3.67","999.0","14986"
"Zac Rosscup","Mariners","1","1","0","3.51","0","30","30.0","23","12","4","39","14","1.22","11.78","4.12","3.67","999.0","9419"
"Joe Smith","Astros","2","1","0","3.46","0","40","40.0","36","15","5","39","10","1.16","8.77","2.36","3.67","999.0","3281"
"A.J. Puk","Athletics","4","3","0","3.44","10","10","56.0","46","21","6","60","21","1.21","9.69","3.42","3.67","544.1","sa738675"
"Mychal Givens","Orioles","3","3","0","3.66","0","65","65.0","56","26","7","67","24","1.23","9.32","3.32","3.67","221.8","10430"
"Jose Leclerc","Rangers","3","3","0","3.33","0","65","65.0","43","24","6","93","42","1.31","12.82","5.85","3.67","113.0","14524"
"Nick Wittgren","Indians","0","0","0","3.89","0","10","10.0","10","4","1","10","2","1.21","8.63","2.01","3.67","999.0","15594"
"Ruben Alaniz","Mariners","3","3","0","3.76","0","60","60.0","54","25","5","65","28","1.36","9.72","4.16","3.68","999.0","sa550438"
"Ross Stripling","Dodgers","5","4","0","3.57","11","31","86.0","78","34","11","85","22","1.17","8.85","2.28","3.68","232.4","13273"
"Will Harris","Astros","3","2","0","3.66","0","65","65.0","59","26","8","67","18","1.19","9.33","2.54","3.68","598.7","3192"
"Austen Williams","Nationals","1","1","0","3.95","0","20","20.0","19","9","2","21","7","1.34","9.26","3.36","3.69","999.0","16309"
"Michael Pineda","Twins","9","7","0","3.74","24","24","139.0","129","58","18","143","36","1.19","9.28","2.34","3.70","362.5","5372"
"Luis Avilan","Mets","0","0","0","3.47","0","10","10.0","9","4","1","10","4","1.24","9.34","3.51","3.70","999.0","2882"
"Chaz Roe","Rays","2","2","0","3.76","0","50","50.0","45","21","6","58","20","1.28","10.43","3.54","3.70","574.6","9866"
"Oliver Perez","Indians","2","1","0","3.83","0","40","40.0","36","17","5","47","14","1.24","10.60","3.13","3.70","999.0","1514"
"Eduardo Rodriguez","Red Sox","10","7","0","3.56","24","24","138.0","117","55","18","154","47","1.19","10.02","3.08","3.71","157.4","13164"
"Craig Stammen","Padres","3","4","0","3.88","0","75","75.0","72","32","9","74","23","1.27","8.88","2.79","3.72","560.3","7274"
"Zack Littell","Twins","2","1","0","3.90","2","22","29.0","28","13","3","27","10","1.31","8.43","3.13","3.73","999.0","15823"
"Charlie Morton","Rays","10","8","0","3.47","26","26","151.0","125","58","17","172","58","1.21","10.22","3.44","3.73","114.9","4676"
"Chris Martin","Rangers","2","2","0","4.08","0","50","50.0","51","23","6","49","13","1.28","8.83","2.38","3.73","600.3","11847"
"JT Chargois","Dodgers","2","1","0","3.56","0","30","30.0","26","12","3","29","13","1.30","8.82","3.86","3.73","999.0","13767"
"Dan Otero","Indians","2","2","0","3.88","0","50","50.0","54","22","5","34","7","1.23","6.21","1.30","3.73","999.0","7385"
"Scott Alexander","Dodgers","3","2","0","3.36","0","50","50.0","46","19","4","41","19","1.30","7.47","3.38","3.74","600.9","10591"
"Jacob Rhame","Mets","1","1","0","3.45","0","20","20.0","16","8","3","22","7","1.15","10.00","3.07","3.74","999.0","15267"
"Jose Berrios","Twins","14","9","0","3.50","32","32","191.0","159","74","24","206","61","1.16","9.73","2.89","3.74","71.6","14168"
"Arodys Vizcaino","Braves","3","3","0","3.76","0","65","65.0","58","27","7","64","24","1.27","8.90","3.36","3.75","182.7","5498"
"Tyler Duffey","Twins","1","1","0","3.86","0","20","20.0","19","9","2","19","6","1.26","8.67","2.74","3.76","999.0","13758"
"Grant Dayton","Braves","1","1","0","4.01","0","15","15.0","14","7","2","18","5","1.28","10.91","3.26","3.76","999.0","11203"
"Spencer Turnbull","Tigers","2","2","0","3.76","3","18","34.0","30","14","3","34","15","1.34","8.90","3.96","3.77","999.0","16207"
"Fernando Romero","Twins","4","3","0","3.69","5","40","63.0","59","26","5","55","23","1.30","7.82","3.32","3.77","589.5","15885"
"Matt Grace","Nationals","2","2","0","4.02","0","50","50.0","53","22","4","41","16","1.39","7.31","2.96","3.77","999.0","11449"
"Jimmie Sherfy","Diamondbacks","2","2","0","3.61","0","45","45.0","35","18","5","55","21","1.25","11.00","4.23","3.77","601.0","15118"
"Pedro Strop","Cubs","3","2","0","3.39","0","65","65.0","55","24","6","62","25","1.24","8.64","3.51","3.78","210.6","4070"
"Chris Devenski","Astros","3","2","0","3.89","0","50","50.0","46","22","7","56","14","1.19","10.04","2.53","3.78","579.2","12763"
"Tyler Glasnow","Rays","9","8","0","3.59","24","24","139.0","111","55","17","166","60","1.23","10.73","3.87","3.79","156.3","14374"
"Ryan Dull","Athletics","1","1","0","3.52","0","30","30.0","25","12","4","32","9","1.12","9.47","2.59","3.79","999.0","13974"
"Yoshihisa Hirano","Diamondbacks","3","3","0","3.68","0","60","60.0","54","25","6","55","23","1.28","8.19","3.40","3.79","502.4","19756"
"Joey Krehbiel","Diamondbacks","2","2","0","3.73","0","35","35.0","28","15","4","41","18","1.31","10.51","4.50","3.79","999.0","13707"
"Tanner Scott","Orioles","2","2","0","3.42","0","45","45.0","34","17","3","56","34","1.50","11.26","6.70","3.80","599.4","17586"
"Stephen Strasburg","Nationals","12","9","0","3.66","29","29","173.0","151","70","25","193","52","1.17","10.04","2.70","3.81","59.3","10131"
"Michael Fulmer","Tigers","10","10","0","3.59","29","29","172.0","156","69","20","157","47","1.18","8.21","2.47","3.81","326.8","13218"
"Robert Gsellman","Mets","2","2","0","3.59","0","60","60.0","56","24","5","49","21","1.29","7.29","3.16","3.81","595.5","13696"
"Masahiro Tanaka","Yankees","12","7","0","3.56","26","26","152.0","134","60","23","161","37","1.12","9.53","2.18","3.81","135.3","15764"
"Trevor May","Twins","3","3","0","4.20","0","65","65.0","60","30","8","78","27","1.34","10.80","3.75","3.81","239.7","6398"
"Seranthony Dominguez","Phillies","3","3","0","3.43","0","65","65.0","50","25","7","79","33","1.28","10.97","4.54","3.82","206.3","19249"
"Nick Goody","Indians","1","1","0","3.73","0","30","30.0","25","12","5","36","10","1.16","10.87","2.99","3.82","999.0","13685"
"Luke Gregerson","Cardinals","2","2","0","3.73","0","50","50.0","48","21","6","44","14","1.23","8.00","2.44","3.82","999.0","4090"
"Alex Reyes","Cardinals","7","6","0","3.55","19","19","111.0","91","44","13","122","47","1.24","9.87","3.78","3.84","206.7","15015"
"Hunter Wood","Rays","1","1","0","3.52","0","20","20.0","16","8","3","23","8","1.19","10.20","3.53","3.84","999.0","15091"
"Dallas Keuchel","","14","10","0","3.41","32","32","198.0","184","75","18","152","63","1.25","6.92","2.88","3.84","183.2","9434"
"Nate Jones","White Sox","3","3","0","3.80","0","60","60.0","55","25","8","61","19","1.23","9.19","2.79","3.85","535.9","4696"
"Jon Edwards","Indians","2","1","0","3.83","0","40","40.0","31","17","5","52","21","1.32","11.70","4.81","3.85","999.0","1483"
"Jack Flaherty","Cardinals","11","9","0","3.58","29","29","168.0","142","67","22","187","60","1.20","10.00","3.20","3.85","63.3","17479"
"Collin McHugh","Astros","11","8","0","3.73","24","34","151.0","131","63","21","165","48","1.18","9.85","2.84","3.85","217.9","7531"
"Ryne Stanek","Rays","2","2","0","3.60","0","40","40.0","32","16","5","50","19","1.28","11.19","4.36","3.85","584.4","15947"
"Austin Adams","Nationals","1","1","0","3.64","0","20","20.0","15","8","2","27","14","1.47","12.33","6.52","3.86","999.0","13801"
"John Brebbia","Cardinals","2","2","0","4.00","0","50","50.0","47","22","7","54","15","1.24","9.75","2.62","3.87","600.2","12777"
"Josh Taylor","Red Sox","0","0","0","4.37","0","10","10.0","10","5","1","10","4","1.47","9.31","3.96","3.87","999.0","sa842224"
"Aaron Loup","Padres","1","1","0","4.15","0","25","25.0","25","12","3","23","9","1.37","8.35","3.22","3.87","999.0","10343"
"Kelvin Herrera","White Sox","3","3","0","3.85","0","65","65.0","61","28","8","62","18","1.22","8.55","2.52","3.87","320.4","6033"
"Kyle Bird","Rangers","2","2","0","3.88","0","40","40.0","36","17","5","42","17","1.32","9.52","3.72","3.88","999.0","sa829691"
"Steve Cishek","Cubs","2","2","0","3.83","0","50","50.0","46","21","5","49","19","1.30","8.91","3.43","3.88","558.2","6483"
"Joel Payamps","Diamondbacks","0","0","0","4.00","0","10","10.0","9","4","1","9","4","1.33","8.43","3.57","3.88","999.0","sa597219"
"Joe Kelly","Dodgers","3","2","0","3.73","0","65","65.0","60","27","7","61","25","1.31","8.48","3.51","3.88","548.3","9761"
"Josh Sborz","Dodgers","1","0","0","3.60","0","10","10.0","8","4","1","11","5","1.29","9.64","4.26","3.88","999.0","sa827472"
"D.J. Johnson","Rockies","1","1","0","4.45","0","20","20.0","20","10","2","23","10","1.51","10.14","4.57","3.88","999.0","12578"
"Heath Hembree","Red Sox","3","2","0","3.98","0","60","60.0","55","27","9","66","19","1.23","9.83","2.86","3.89","999.0","11632"
"Jesus Luzardo","Athletics","7","6","0","3.60","19","19","112.0","98","45","13","107","36","1.20","8.57","2.88","3.89","228.8","sa917981"
"Juan Minaya","White Sox","2","2","0","3.92","0","45","45.0","40","20","5","51","20","1.33","10.21","4.06","3.89","999.0","10341"
"Kenta Maeda","Dodgers","9","7","0","3.71","23","23","132.0","116","54","18","140","42","1.19","9.52","2.84","3.89","213.8","18498"
"Mike Clevinger","Indians","12","9","0","3.78","29","29","170.0","143","71","23","191","65","1.22","10.12","3.43","3.90","63.3","12808"
"David Price","Red Sox","14","9","0","3.72","32","32","193.0","171","80","27","205","62","1.20","9.55","2.87","3.90","101.6","3184"
"Robbie Ray","Diamondbacks","10","11","0","3.84","31","31","177.0","147","76","23","224","85","1.31","11.38","4.31","3.90","128.9","11486"
"Sam Coonrod","Giants","0","1","0","3.88","0","10","10.0","9","4","1","10","5","1.37","9.22","4.52","3.90","999.0","sa827483"
"Adam Cimber","Indians","3","2","0","3.71","0","60","60.0","57","25","7","49","14","1.18","7.37","2.04","3.90","595.9","15288"
"German Marquez","Rockies","12","11","0","4.17","32","32","190.0","188","88","26","199","57","1.29","9.41","2.68","3.90","82.5","15038"
"Adalberto Mejia","Twins","3","3","0","3.93","6","31","63.0","59","27","7","58","23","1.31","8.33","3.33","3.91","599.7","13188"
"Shane Greene","Tigers","3","3","0","4.42","0","65","65.0","67","32","8","65","22","1.38","9.01","3.07","3.92","246.9","10756"
"Chris Archer","Pirates","11","12","0","3.90","32","32","188.0","172","81","27","206","64","1.26","9.87","3.05","3.92","137.3","6345"
"Joshua James","Astros","9","7","0","3.80","23","23","130.0","110","55","16","151","55","1.27","10.45","3.81","3.92","187.8","16794"
"Jameson Taillon","Pirates","11","12","0","3.85","32","32","190.0","179","81","23","173","55","1.23","8.20","2.59","3.92","57.0","11674"
"Trent Thornton","Blue Jays","2","3","0","4.25","3","33","49.0","50","23","7","47","13","1.29","8.63","2.38","3.94","999.0","sa857695"
"Koda Glover","Nationals","2","2","0","3.89","0","40","40.0","38","17","5","36","12","1.25","8.20","2.61","3.94","600.4","17695"
"Scott Oberg","Rockies","3","2","0","4.02","0","60","60.0","59","27","6","55","22","1.35","8.25","3.31","3.95","592.5","13911"
"Domingo German","Yankees","3","2","0","3.76","5","15","38.0","33","16","5","42","13","1.21","10.03","3.18","3.95","521.7","17149"
"Dakota Hudson","Cardinals","3","3","0","3.64","3","53","69.0","65","28","4","52","31","1.40","6.82","4.07","3.96","566.4","19206"
"Emilio Pagan","Rays","2","2","0","3.74","0","40","40.0","32","17","6","46","14","1.17","10.29","3.25","3.96","999.0","14771"
"Tommy Kahnle","Yankees","2","1","0","3.82","0","40","40.0","33","17","5","49","19","1.32","10.92","4.33","3.96","999.0","11384"
"Justin Miller","Nationals","2","2","0","3.93","0","50","50.0","44","22","7","55","18","1.23","9.87","3.20","3.97","600.9","8580"
"Reymin Guduan","Astros","1","1","0","3.96","0","25","25.0","22","11","3","31","15","1.47","11.33","5.39","3.97","999.0","13058"
"Jon Gray","Rockies","9","9","0","4.24","26","26","148.0","148","70","20","148","46","1.31","9.02","2.82","3.98","212.9","14916"
"Tim Peterson","Mets","2","2","0","3.82","0","40","40.0","35","17","6","46","12","1.18","10.35","2.80","3.98","999.0","13946"
"Tyler Webb","Cardinals","1","1","0","4.00","0","20","20.0","19","9","3","22","7","1.30","9.71","3.29","3.98","999.0","14974"
"Kyle Barraclough","Nationals","3","2","0","3.82","0","55","55.0","45","23","5","62","33","1.41","10.13","5.33","3.98","582.8","13713"
"Alex Wilson","Indians","0","0","0","4.12","0","10","10.0","10","5","1","8","2","1.26","7.15","2.03","3.98","601.0","9239"
"Cam Bedrosian","Angels","2","2","0","4.01","0","50","50.0","48","22","6","47","19","1.35","8.39","3.39","3.99","598.4","13360"
"Sergio Romo","Marlins","2","4","0","3.67","0","65","65.0","58","27","9","65","18","1.16","9.03","2.46","3.99","451.0","9817"
"Carlos Estevez","Rockies","1","1","0","4.30","0","20","20.0","20","10","2","20","8","1.39","9.15","3.53","3.99","999.0","14542"
"Jordan Hicks","Cardinals","3","2","0","3.46","0","60","60.0","53","23","3","51","32","1.41","7.70","4.78","4.00","202.9","19618"
"Zack Wheeler","Mets","11","10","0","3.58","29","29","173.0","150","69","20","169","64","1.24","8.80","3.32","4.00","86.9","10310"
"Anthony Swarzak","Mariners","3","3","0","4.01","0","65","65.0","61","29","9","68","21","1.26","9.39","2.92","4.00","499.2","7466"
"Luke Jackson","Braves","1","1","0","4.25","0","25","25.0","22","12","2","28","14","1.46","10.17","5.01","4.01","999.0","11752"
"Sam Tuivailala","Mariners","1","1","0","4.03","0","25","25.0","23","11","3","24","11","1.34","8.75","3.82","4.01","999.0","13485"
"Fernando Rodney","Athletics","2","2","0","3.86","0","40","40.0","35","17","4","40","19","1.36","8.90","4.27","4.01","593.5","494"
"Marcus Stroman","Blue Jays","10","10","0","3.82","29","29","173.0","170","73","18","139","58","1.32","7.23","3.02","4.03","362.6","13431"
"Kyle Zimmer","Royals","1","1","0","4.19","0","20","20.0","19","9","3","22","9","1.37","9.93","3.96","4.03","999.0","sa621583"
"Zack Greinke","Diamondbacks","12","12","0","3.85","32","32","203.0","187","87","29","191","56","1.20","8.47","2.50","4.03","65.8","1943"
"Jimmy Nelson","Brewers","7","6","0","3.81","19","19","112.0","98","47","14","117","43","1.26","9.37","3.43","4.03","243.2","10547"
"AJ Ramos","","3","3","0","3.64","0","50","50.0","40","20","6","54","23","1.27","9.74","4.17","4.03","999.0","8350"
"Brent Honeywell","Rays","5","4","0","3.84","13","13","75.0","68","32","11","75","20","1.17","9.06","2.36","4.03","477.6","sa828706"
"Michael Soroka","Braves","4","4","0","4.02","11","11","65.0","64","29","8","54","18","1.26","7.44","2.46","4.04","327.7","18383"
"Xavier Cedeno","Cubs","0","0","0","4.13","0","10","10.0","10","5","1","9","4","1.38","8.13","3.34","4.04","999.0","36"
"Greg Holland","Diamondbacks","3","3","0","4.04","0","65","65.0","59","29","7","65","31","1.37","9.04","4.25","4.04","358.7","7196"
"Yoan Lopez","Diamondbacks","2","2","0","3.90","0","35","35.0","28","15","4","42","18","1.32","10.84","4.52","4.04","599.4","17181"
"Pat Neshek","Phillies","3","2","0","3.90","0","55","55.0","53","24","9","50","11","1.16","8.26","1.82","4.04","599.7","4682"
"Tyler Kinley","Marlins","2","3","0","3.84","0","50","50.0","43","21","6","56","25","1.36","10.09","4.41","4.04","999.0","18297"
"Michael Feliz","Pirates","2","2","0","4.22","0","40","40.0","38","19","5","41","16","1.34","9.27","3.59","4.05","999.0","11903"
"Richard Rodriguez","Pirates","3","3","0","3.96","0","60","60.0","53","26","9","68","21","1.24","10.17","3.22","4.05","591.5","13549"
"Hyun-Jin Ryu","Dodgers","9","7","0","3.84","23","23","129.0","120","55","18","124","41","1.25","8.66","2.84","4.05","183.7","14444"
"Adam Kolarek","Rays","2","2","0","3.85","0","40","40.0","37","17","3","37","20","1.43","8.42","4.43","4.05","999.0","10843"
"Matt Strahm","Padres","4","4","0","3.88","0","75","75.0","65","32","11","85","29","1.25","10.24","3.47","4.05","403.1","13799"
"Manny Banuelos","White Sox","0","1","0","4.03","0","10","10.0","9","4","1","12","6","1.46","10.81","5.43","4.06","600.9","5365"
"Miles Mikolas","Cardinals","13","11","0","3.83","32","32","200.0","199","85","26","149","39","1.19","6.71","1.77","4.06","98.1","9803"
"Andrew Heaney","Angels","11","9","0","3.77","29","29","173.0","154","72","26","180","50","1.18","9.36","2.63","4.06","166.9","15423"
"Matt Hall","Tigers","4","5","0","4.02","10","30","76.0","70","34","8","74","34","1.36","8.80","4.00","4.06","999.0","18076"
"Tyler Skaggs","Angels","10","9","0","3.81","28","28","158.0","143","67","21","154","53","1.24","8.80","3.03","4.07","227.8","10190"
"Pablo Lopez","Marlins","2","3","0","3.81","8","8","47.0","45","20","6","37","11","1.21","7.04","2.18","4.07","584.3","17085"
"Brandon Brennan","Mariners","1","1","0","4.20","0","20","20.0","19","9","2","20","10","1.45","8.82","4.41","4.07","999.0","sa550121"
"Carlos Martinez","Cardinals","8","8","0","3.68","19","44","138.0","126","56","15","121","52","1.29","7.89","3.37","4.07","153.7","11682"
"Austin Pruitt","Rays","2","2","0","4.36","0","40","40.0","42","19","6","36","11","1.32","8.15","2.49","4.07","999.0","15290"
"Paul Sewald","Mets","1","1","0","4.05","0","20","20.0","19","9","3","19","6","1.28","8.62","2.91","4.08","999.0","13892"
"Merrill Kelly","","3","4","0","4.20","8","28","69.0","66","32","9","65","25","1.32","8.48","3.27","4.08","445.1","sa552177"
"Yu Darvish","Cubs","9","8","0","3.92","24","24","138.0","118","60","21","160","54","1.25","10.42","3.53","4.08","146.5","13074"
"Jesse Biddle","Braves","2","2","0","4.07","0","40","40.0","36","18","4","42","21","1.43","9.42","4.75","4.09","999.0","11437"
"Juan Nicasio","Phillies","2","2","0","4.34","0","40","40.0","39","19","6","44","14","1.34","9.99","3.23","4.09","999.0","7731"
"James Pazos","Phillies","2","2","0","3.94","0","40","40.0","37","18","4","37","18","1.39","8.29","4.14","4.09","999.0","13323"
"Neil Ramirez","Indians","2","2","0","4.24","0","50","50.0","42","24","8","65","23","1.30","11.66","4.11","4.09","601.0","7677"
"Tony Cingrani","Dodgers","2","1","0","3.66","0","40","40.0","32","16","5","45","19","1.28","10.14","4.24","4.09","999.0","12555"
"Jerry Blevins","Athletics","1","1","0","3.78","0","25","25.0","21","10","3","25","10","1.25","9.14","3.60","4.09","999.0","7841"
"Robby Scott","Diamondbacks","0","0","0","3.91","0","10","10.0","9","4","1","10","4","1.28","9.31","3.67","4.10","999.0","13042"
"Martin Perez","Twins","8","7","0","4.00","19","29","123.0","126","55","13","92","40","1.35","6.71","2.94","4.10","999.0","6902"
"Julio Urias","Dodgers","5","5","0","3.88","15","15","83.0","74","36","10","82","35","1.32","8.86","3.84","4.10","294.0","14765"
"Pedro Baez","Dodgers","3","2","0","3.90","0","50","50.0","45","22","7","49","17","1.23","8.82","3.03","4.10","599.7","5420"
"Cory Gearrin","Mariners","2","2","0","4.10","0","50","50.0","46","23","6","48","21","1.34","8.59","3.70","4.10","999.0","7947"
"Ryan Buchter","Athletics","2","2","0","3.65","0","50","50.0","39","20","6","53","23","1.24","9.50","4.15","4.11","600.6","9456"
"Blake Parker","Twins","3","3","0","4.08","0","65","65.0","59","29","10","68","22","1.24","9.48","2.98","4.11","371.8","5224"
"Cody Allen","Angels","3","3","0","3.88","0","65","65.0","56","28","10","71","23","1.22","9.88","3.22","4.11","152.4","12183"
"Kyle Hendricks","Cubs","12","11","0","3.83","32","32","193.0","183","82","25","158","53","1.22","7.39","2.48","4.12","126.9","12049"
"Chasen Shreve","Cardinals","1","1","0","3.98","0","30","30.0","27","13","4","32","14","1.36","9.46","4.13","4.12","999.0","10855"
"Matt Bowman","Reds","1","1","0","4.38","0","20","20.0","21","10","2","19","8","1.43","8.73","3.64","4.12","999.0","13528"
"Dan Jennings","Angels","1","1","0","3.84","0","25","25.0","24","11","2","19","10","1.36","7.01","3.49","4.13","999.0","8073"
"Steven Brault","Pirates","2","2","0","3.82","0","40","40.0","36","17","3","36","20","1.38","8.09","4.46","4.13","999.0","15291"
"Rich Hill","Dodgers","11","9","0","3.74","28","28","159.0","133","66","23","171","56","1.19","9.68","3.16","4.13","167.6","4806"
"Dan Altavilla","Mariners","1","1","0","3.97","0","20","20.0","17","9","2","23","10","1.34","10.18","4.46","4.14","599.8","16507"
"Wilmer Font","Rays","3","3","0","3.99","3","43","59.0","52","26","9","64","21","1.24","9.79","3.18","4.14","600.4","5257"
"Tim Hill","Royals","2","2","0","4.02","0","50","50.0","49","22","5","44","21","1.39","7.98","3.77","4.14","599.1","16814"
"Jesse Hahn","Royals","0","0","0","4.11","0","10","10.0","10","5","1","8","4","1.42","6.97","3.96","4.14","999.0","13287"
"Jose Alvarez","Phillies","2","2","0","4.25","0","40","40.0","41","19","5","35","12","1.34","7.95","2.79","4.15","999.0","5358"
"J.A. Happ","Yankees","12","8","0","3.80","29","29","167.0","147","71","25","174","57","1.22","9.36","3.06","4.15","135.8","7410"
"Max Fried","Braves","2","2","0","4.05","3","18","34.0","31","15","4","36","17","1.41","9.64","4.58","4.15","556.8","13743"
"Matt Albers","Brewers","3","3","0","3.88","0","60","60.0","55","26","9","57","18","1.21","8.48","2.67","4.16","999.0","4300"
"Raisel Iglesias","Reds","3","3","0","4.01","0","65","65.0","59","29","10","69","23","1.26","9.62","3.18","4.16","108.2","17130"
"Yonny Chirinos","Rays","7","7","0","3.99","16","36","114.0","111","51","16","96","27","1.22","7.58","2.16","4.16","511.8","16401"
"Miguel Diaz","Padres","1","1","0","3.90","0","25","25.0","21","11","3","25","12","1.33","9.15","4.26","4.16","999.0","18815"
"Jose Lopez","Giants","0","1","0","4.34","0","10","10.0","10","5","1","9","4","1.40","8.48","3.90","4.17","999.0","sa709715"
"Brad Peacock","Astros","5","3","0","4.13","5","55","78.0","69","36","12","94","32","1.29","10.82","3.67","4.17","325.6","5401"
"Erasmo Ramirez","Red Sox","1","0","0","4.05","0","10","10.0","10","4","1","9","2","1.22","7.78","2.17","4.17","999.0","10314"
"Evan Phillips","Orioles","1","2","0","3.99","0","35","35.0","31","16","4","39","17","1.37","10.14","4.47","4.17","999.0","17734"
"Sammy Solis","Nationals","2","2","0","4.27","0","40","40.0","39","19","5","41","18","1.42","9.21","4.01","4.18","999.0","11457"
"Dominic Leone","Cardinals","2","2","0","4.05","0","40","40.0","38","18","5","37","15","1.32","8.35","3.48","4.18","599.8","13763"
"Forrest Whitley","Astros","3","2","0","3.91","8","8","47.0","41","20","7","50","17","1.24","9.66","3.33","4.18","238.2","sa917930"
"Mike Foltynewicz","Braves","12","11","0","3.98","32","32","187.0","167","83","26","194","69","1.26","9.34","3.33","4.18","87.2","10811"
"Jose Quintana","Cubs","11","11","0","4.13","32","32","188.0","182","86","25","175","67","1.33","8.36","3.22","4.18","199.1","11423"
"Kyle Gibson","Twins","13","10","0","3.99","32","32","193.0","182","86","23","181","79","1.35","8.44","3.67","4.18","289.9","10123"
"Kevin McCarthy","Royals","2","2","0","4.01","0","45","45.0","46","20","5","30","14","1.33","5.96","2.71","4.19","600.0","15240"
"Jacob Waguespack","Blue Jays","1","1","0","4.40","2","12","19.0","19","9","2","17","8","1.43","8.09","3.79","4.20","999.0","sa659056"
"Brett Anderson","Athletics","4","4","0","3.99","11","11","66.0","67","29","7","45","20","1.32","6.10","2.75","4.20","597.9","8223"
"Cody Anderson","Indians","2","1","0","4.18","2","22","29.0","28","13","4","28","9","1.29","8.59","2.92","4.20","999.0","12799"
"Chandler Shepherd","Red Sox","1","1","0","4.32","0","20","20.0","20","10","3","18","6","1.32","8.16","2.74","4.20","999.0","sa602595"
"Williams Jerez","Angels","1","1","0","4.08","0","30","30.0","28","14","4","32","14","1.38","9.52","4.17","4.20","999.0","14338"
"Sonny Gray","Reds","9","10","0","3.92","28","28","154.0","142","67","20","147","58","1.30","8.59","3.41","4.20","277.6","12768"
"T.J. McFarland","Diamondbacks","1","2","0","4.29","0","35","35.0","39","17","3","21","13","1.46","5.37","3.25","4.20","999.0","3237"
"Brad Keller","Royals","9","11","0","4.01","28","28","161.0","159","72","16","121","60","1.36","6.76","3.35","4.21","488.1","15734"
"Kyle Freeland","Rockies","12","11","0","4.13","32","32","192.0","190","88","23","158","67","1.34","7.43","3.13","4.21","162.1","16256"
"Ryan Tepera","Blue Jays","3","3","0","4.33","0","65","65.0","61","31","9","70","28","1.36","9.75","3.83","4.22","576.8","10291"
"Seung Hwan Oh","Rockies","3","3","0","4.45","0","65","65.0","66","32","10","63","18","1.30","8.76","2.54","4.22","568.0","18719"
"Rick Porcello","Red Sox","13","10","0","4.01","32","32","192.0","183","86","31","180","46","1.19","8.45","2.16","4.22","172.4","2717"
"Erik Swanson","Mariners","3","4","0","3.99","8","18","57.0","52","25","9","57","18","1.22","8.95","2.82","4.22","999.0","sa829145"
"Tyler Lyons","Pirates","0","0","0","4.44","0","10","10.0","10","5","2","10","3","1.33","9.04","2.80","4.22","999.0","11334"
"Jake Arrieta","Phillies","11","11","0","3.80","31","31","180.0","162","76","23","160","61","1.24","7.99","3.07","4.22","221.8","4153"
"Adam Warren","","3","3","0","4.12","0","50","50.0","48","23","6","46","18","1.32","8.22","3.23","4.23","999.0","9029"
"Dane Dunning","White Sox","2","2","0","4.04","6","6","37.0","35","17","5","35","12","1.29","8.47","3.03","4.23","598.7","sa738926"
"Victor Alcantara","Tigers","2","2","0","4.18","0","40","40.0","37","19","3","36","21","1.46","8.16","4.78","4.23","600.6","15028"
"Luis Garcia","Angels","2","2","0","4.08","0","40","40.0","38","18","5","39","18","1.40","8.69","4.14","4.23","999.0","6984"
"Trevor Richards","Marlins","6","10","0","4.02","23","23","132.0","124","59","19","123","41","1.25","8.36","2.79","4.23","501.4","19309"
"David Phelps","Blue Jays","2","2","0","4.42","0","40","40.0","39","20","6","43","16","1.37","9.75","3.51","4.23","999.0","6316"
"Taylor Cole","Angels","3","3","0","4.24","3","43","59.0","55","28","8","63","27","1.39","9.59","4.04","4.24","999.0","11964"
"Wes Parsons","Braves","1","1","0","4.17","2","17","24.0","23","11","3","21","9","1.34","7.77","3.38","4.24","999.0","14764"
"Chasen Bradford","Mariners","2","2","0","4.44","0","40","40.0","44","20","5","29","10","1.35","6.63","2.34","4.24","999.0","12452"
"Ty Blach","Giants","2","4","0","4.32","5","30","53.0","57","25","5","32","16","1.38","5.45","2.72","4.24","999.0","14361"
"Nick Pivetta","Phillies","10","10","0","4.02","29","29","169.0","154","75","27","182","59","1.26","9.72","3.13","4.24","151.9","15454"
"Addison Reed","Twins","3","2","0","4.24","0","60","60.0","60","28","9","50","13","1.23","7.46","2.01","4.24","591.3","10586"
"Caleb Smith","Marlins","7","10","0","3.96","24","24","141.0","124","62","20","146","54","1.26","9.30","3.42","4.24","492.5","14875"
"Grant Holmes","Athletics","1","1","0","3.97","2","12","19.0","17","8","2","19","9","1.34","8.94","4.13","4.24","999.0","sa828669"
"Glenn Sparkman","Royals","2","2","0","4.34","3","23","39.0","40","19","5","29","11","1.33","6.65","2.65","4.25","999.0","15200"
"Noe Ramirez","Angels","1","1","0","4.17","0","30","30.0","27","14","4","32","12","1.32","9.61","3.64","4.25","598.9","12800"
"Jake Petricka","Brewers","0","0","0","4.56","0","10","10.0","11","5","1","8","4","1.47","7.21","3.29","4.25","999.0","10534"
"Luke Weaver","Diamondbacks","7","9","0","4.33","23","23","132.0","132","64","17","117","47","1.35","8.01","3.20","4.26","305.7","16918"
"Tony Barnette","Cubs","2","2","0","4.31","0","40","40.0","39","19","5","39","15","1.36","8.68","3.43","4.26","999.0","3555"
"Kyle Ryan","Cubs","1","1","0","4.15","0","20","20.0","20","9","2","18","9","1.43","8.08","4.09","4.26","999.0","11753"
"Yimi Garcia","Dodgers","1","1","0","4.06","0","20","20.0","19","9","3","19","5","1.18","8.54","2.22","4.26","999.0","12095"
"Adam Conley","Marlins","2","4","0","4.13","0","60","60.0","58","28","6","50","28","1.43","7.47","4.17","4.27","558.1","14457"
"Chih-Wei Hu","Indians","2","1","0","4.22","2","22","29.0","28","14","4","26","9","1.28","8.05","2.80","4.27","999.0","16419"
"Chris Bassitt","Athletics","5","5","0","4.09","11","36","91.0","84","41","10","79","36","1.33","7.81","3.57","4.27","600.9","12304"
"Yusei Kikuchi","Mariners","8","9","0","3.95","24","24","141.0","126","62","21","138","50","1.25","8.83","3.17","4.27","172.1","20633"
"Marcus Walden","Red Sox","2","2","0","4.46","0","50","50.0","52","25","5","41","22","1.48","7.32","3.95","4.27","999.0","8004"
"Andrew Triggs","Athletics","1","1","0","4.00","3","3","19.0","18","8","2","17","7","1.27","7.97","3.13","4.27","999.0","13533"
"Adam Morgan","Phillies","2","2","0","4.40","0","45","45.0","45","22","7","43","15","1.35","8.62","3.04","4.27","999.0","12580"
"Hunter Strickland","Mariners","2","2","0","4.07","0","40","40.0","37","18","6","37","13","1.26","8.37","2.98","4.27","278.5","7836"
"Brandon Kintzler","Cubs","2","2","0","4.56","0","40","40.0","45","20","4","27","12","1.43","6.05","2.73","4.28","999.0","9939"
"Matthew Boyd","Tigers","10","11","0","4.01","29","29","169.0","149","75","26","170","55","1.21","9.03","2.93","4.28","336.0","15440"
"Joe Musgrove","Pirates","9","11","0","4.11","28","28","161.0","158","74","24","139","41","1.24","7.78","2.30","4.28","217.8","12970"
"Jordan Montgomery","Yankees","2","1","0","3.92","5","5","27.0","25","12","4","25","9","1.26","8.38","3.03","4.29","597.6","16511"
"Dan Winkler","Braves","2","2","0","4.21","0","40","40.0","36","19","6","42","15","1.28","9.43","3.34","4.29","600.5","12237"
"Andrew Suarez","Giants","5","7","0","4.35","16","16","93.0","96","45","12","75","29","1.35","7.27","2.84","4.29","580.3","18300"
"Yacksel Rios","Phillies","1","1","0","4.05","0","20","20.0","18","9","3","21","9","1.35","9.36","4.09","4.29","999.0","15007"
"Sean Manaea","Athletics","2","2","0","3.90","5","5","28.0","26","12","4","23","8","1.21","7.27","2.51","4.29","571.5","15873"
"Jefry Rodriguez","Indians","0","0","0","4.15","0","10","10.0","9","5","1","10","6","1.44","9.08","5.09","4.30","999.0","17018"
"Gio Gonzalez","","6","5","0","4.04","16","16","93.0","86","42","11","84","41","1.36","8.13","3.95","4.30","490.8","7448"
"Brad Boxberger","Royals","2","3","0","4.25","0","60","60.0","53","28","8","69","29","1.37","10.39","4.38","4.30","305.6","10133"
"Marco Gonzales","Mariners","10","12","0","4.13","31","31","179.0","178","82","27","153","49","1.27","7.68","2.44","4.30","298.7","15467"
"Sean Newcomb","Braves","11","11","0","4.11","31","31","178.0","158","81","22","185","91","1.39","9.33","4.58","4.30","226.7","16943"
"Freddy Peralta","Brewers","5","4","0","3.95","13","13","74.0","60","32","11","88","35","1.28","10.74","4.27","4.30","385.8","18679"
"Jacob Barnes","Brewers","1","1","0","4.23","0","30","30.0","29","14","4","28","12","1.36","8.29","3.57","4.31","999.0","12323"
"Sam Freeman","Braves","1","1","0","3.94","0","30","30.0","26","13","3","31","17","1.45","9.18","5.23","4.31","999.0","6832"
"Jim Johnson","","3","3","0","4.43","0","50","50.0","54","25","6","38","17","1.42","6.88","3.05","4.31","999.0","3656"
"Framber Valdez","Astros","3","2","0","4.00","8","8","46.0","43","20","5","44","21","1.39","8.65","4.17","4.31","555.6","17295"
"Daniel Hudson","Angels","0","0","0","4.03","0","9","9.0","8","4","1","9","4","1.30","9.04","3.70","4.32","999.0","7146"
"Corbin Burnes","Brewers","5","4","0","4.03","13","13","75.0","70","34","11","68","25","1.27","8.11","2.99","4.32","300.8","19361"
"Luiz Gohara","Braves","1","1","0","4.28","3","3","19.0","18","9","3","18","7","1.31","8.52","3.13","4.32","558.6","15166"
"Zack Godley","Diamondbacks","10","12","0","4.18","31","31","178.0","168","83","22","166","75","1.37","8.39","3.81","4.32","248.3","14862"
"Brian Flynn","Royals","1","2","0","4.74","0","40","40.0","45","21","4","30","16","1.51","6.74","3.56","4.32","999.0","12027"
"Reed Garrett","Tigers","1","1","0","4.20","0","25","25.0","23","12","3","25","12","1.40","8.88","4.38","4.32","999.0","sa830040"
"Genesis Cabrera","Cardinals","0","0","0","3.98","0","10","10.0","9","4","1","10","5","1.39","8.82","4.68","4.32","999.0","sa828534"
"Dylan Cease","White Sox","2","2","0","4.10","5","5","28.0","25","13","4","30","13","1.34","9.59","4.04","4.32","546.6","sa829000"
"Walker Lockett","Mets","2","3","0","3.97","6","16","48.0","46","21","6","39","14","1.25","7.26","2.69","4.32","999.0","13804"
"Brock Stewart","Dodgers","2","2","0","4.04","2","22","29.0","27","13","4","26","10","1.28","7.97","3.16","4.33","999.0","16727"
"Matt Belisle","","3","3","0","4.47","0","50","50.0","54","25","6","39","16","1.39","7.04","2.87","4.33","999.0","1837"
"Yusmeiro Petit","Athletics","3","3","0","4.33","0","60","60.0","60","29","10","53","13","1.23","8.01","2.02","4.33","596.7","4020"
"Daniel Norris","Tigers","6","8","0","4.40","19","19","113.0","108","55","16","111","44","1.35","8.85","3.48","4.33","597.7","13475"
"Zach Davies","Brewers","10","9","0","4.13","28","28","160.0","160","73","21","122","47","1.30","6.86","2.67","4.34","580.3","13183"
"Adrian Houser","Brewers","2","3","0","4.31","3","33","49.0","49","23","6","42","20","1.40","7.80","3.58","4.34","999.0","12718"
"Brett Cecil","Cardinals","2","2","0","4.51","0","40","40.0","43","20","5","30","13","1.39","6.81","2.81","4.34","999.0","2660"
"Brandon Woodruff","Brewers","9","8","0","4.04","24","24","138.0","127","62","19","127","51","1.29","8.31","3.30","4.34","336.4","16162"
"Joey Lucchesi","Padres","10","11","0","4.19","29","29","169.0","160","79","26","168","59","1.29","8.93","3.12","4.34","212.0","19320"
"Dinelson Lamet","Padres","5","5","0","4.16","15","15","83.0","71","38","12","94","37","1.31","10.16","4.06","4.34","592.2","17186"
"Jake Odorizzi","Twins","11","9","0","4.06","29","29","165.0","142","74","25","171","67","1.27","9.31","3.66","4.34","424.9","6397"
"Alex Wood","Reds","8","9","0","4.16","24","24","139.0","139","64","21","119","38","1.28","7.67","2.46","4.35","244.6","13781"
"Pierce Johnson","","1","2","0","4.22","0","25","25.0","22","12","3","27","14","1.43","9.72","4.90","4.35","999.0","13435"
"Matt Andriese","Diamondbacks","5","7","0","4.41","15","25","95.0","95","47","14","84","31","1.32","7.96","2.89","4.35","999.0","12022"
"Wander Suero","Nationals","1","1","0","4.24","0","25","25.0","24","12","3","24","10","1.36","8.46","3.70","4.35","999.0","15855"
"Trevor Cahill","Angels","8","7","0","4.00","21","21","119.0","105","53","16","121","51","1.31","9.12","3.88","4.35","408.2","6249"
"Josh Fields","Dodgers","2","2","0","4.13","0","40","40.0","37","18","6","37","13","1.26","8.24","3.01","4.35","600.8","5070"
"Madison Bumgarner","Giants","11","13","0","4.01","32","32","202.0","189","90","30","169","55","1.21","7.51","2.44","4.36","79.7","5524"
"Jared Hughes","Reds","3","3","0","4.21","0","65","65.0","65","30","7","50","23","1.35","6.86","3.18","4.36","557.5","9325"
"Luis Castillo","Reds","10","11","0","4.16","29","29","168.0","159","78","27","167","55","1.27","8.93","2.94","4.36","112.4","15689"
"Jeanmar Gomez","Rangers","0","0","0","4.49","0","10","10.0","11","5","1","8","3","1.35","7.55","2.70","4.36","999.0","9033"
"Austin Brice","Marlins","0","1","0","4.17","0","10","10.0","9","5","1","10","4","1.39","8.61","4.03","4.37","999.0","17237"
"Zach McAllister","Rangers","1","1","0","4.68","0","25","25.0","26","13","4","24","9","1.39","8.46","3.13","4.37","999.0","2895"
"Kevin Gausman","Braves","10","10","0","4.25","29","29","170.0","167","80","25","152","55","1.31","8.05","2.92","4.37","201.9","14107"
"Buck Farmer","Tigers","3","3","0","4.75","0","60","60.0","62","32","8","57","24","1.45","8.51","3.65","4.37","999.0","14814"
"Logan Allen","Padres","4","5","0","4.37","13","13","75.0","73","36","10","67","29","1.36","7.99","3.48","4.38","562.8","sa875192"
"Blake Wood","","3","3","0","4.53","0","50","50.0","50","25","6","49","24","1.47","8.78","4.24","4.38","999.0","1345"
"Wily Peralta","Royals","2","3","0","4.52","0","55","55.0","56","28","6","50","25","1.48","8.20","4.17","4.38","378.9","7738"
"Cole Hamels","Cubs","10","10","0","4.22","29","29","173.0","161","81","25","175","70","1.33","9.09","3.63","4.38","152.8","4972"
"Bud Norris","Blue Jays","3","4","0","4.56","0","60","60.0","58","30","9","63","25","1.39","9.58","3.65","4.38","536.7","9492"
"Tyson Ross","Tigers","5","6","0","4.19","16","16","92.0","87","43","11","80","38","1.35","7.87","3.67","4.38","560.1","7872"
"Matt Wisler","Reds","1","1","0","4.70","0","30","30.0","32","16","4","27","10","1.37","7.95","2.86","4.38","999.0","12804"
"Taijuan Walker","Diamondbacks","4","5","0","4.22","13","13","74.0","70","35","10","66","28","1.32","8.01","3.35","4.38","577.7","11836"
"Gabriel Ynoa","Orioles","1","1","0","4.50","0","20","20.0","21","10","3","15","6","1.37","6.84","2.73","4.39","999.0","12938"
"Bryan Shaw","Rockies","2","2","0","4.73","0","50","50.0","55","26","6","39","18","1.44","7.10","3.18","4.39","999.0","8110"
"Steven Matz","Mets","9","11","0","4.05","29","29","166.0","153","75","23","150","61","1.29","8.15","3.28","4.40","254.5","13361"
"Jonny Venters","Braves","2","2","0","4.25","0","50","50.0","51","24","5","42","25","1.51","7.64","4.48","4.40","999.0","7175"
"Shane Carle","Braves","1","2","0","4.74","0","30","30.0","33","16","4","23","10","1.41","6.94","2.96","4.40","999.0","15258"
"Drew Gagnon","Mets","1","1","0","4.34","0","30","30.0","27","14","4","33","16","1.42","9.99","4.74","4.40","999.0","12545"
"Paul Blackburn","Athletics","2","2","0","4.02","5","5","28.0","27","13","3","19","9","1.29","5.96","2.93","4.40","999.0","14739"
"Jake McGee","Rockies","2","2","0","4.59","0","50","50.0","52","26","7","44","17","1.37","8.01","3.08","4.41","599.7","7550"
"Jakob Junis","Royals","9","13","0","4.23","31","31","182.0","175","86","30","170","47","1.22","8.40","2.33","4.41","362.9","13619"
"Carlos Rodon","White Sox","9","11","0","4.19","28","28","162.0","148","75","22","160","72","1.36","8.90","3.98","4.42","309.9","16137"
"Seth Lugo","Mets","2","3","0","4.36","0","60","60.0","59","29","9","58","20","1.33","8.66","3.06","4.42","489.9","12447"
"Joe Biagini","Blue Jays","2","3","0","4.75","0","50","50.0","54","26","6","39","19","1.45","7.08","3.37","4.42","999.0","13194"
"Vince Velasquez","Phillies","9","9","0","4.23","26","26","150.0","137","70","24","160","60","1.31","9.62","3.59","4.42","406.8","11189"
"Michael Wacha","Cardinals","8","8","0","4.27","23","23","131.0","129","62","17","109","49","1.36","7.50","3.35","4.42","287.7","14078"
"Adam Plutko","Indians","1","1","0","4.30","0","30","30.0","28","14","5","29","11","1.28","8.65","3.20","4.42","999.0","15846"
"J.B. Bukauskas","Astros","2","2","0","4.09","5","5","28.0","26","13","4","27","11","1.30","8.67","3.45","4.43","598.4","sa829263"
"Lance Lynn","Rangers","8","9","0","4.16","24","24","140.0","128","65","18","135","64","1.37","8.70","4.08","4.44","510.8","2520"
"Zach Eflin","Phillies","9","9","0","4.24","26","26","148.0","145","70","23","128","41","1.25","7.79","2.47","4.44","351.9","13774"
"Aaron Wilkerson","Brewers","2","2","0","4.31","2","22","29.0","27","14","4","28","11","1.32","8.76","3.56","4.44","999.0","16904"
"John Gant","Cardinals","3","4","0","4.37","6","36","68.0","67","33","8","60","30","1.42","7.90","3.96","4.45","576.9","13684"
"Mike Minor","Rangers","10","11","0","4.32","29","29","168.0","161","81","29","166","50","1.26","8.87","2.67","4.45","369.0","10021"
"Chris Lee","Orioles","0","1","0","4.44","0","10","10.0","10","5","1","8","5","1.58","6.77","4.83","4.45","999.0","sa550044"
"Danny Duffy","Royals","9","13","0","4.19","31","31","180.0","168","84","26","160","64","1.29","8.02","3.19","4.45","502.0","3542"
"David Hernandez","Reds","3","3","0","4.41","0","60","60.0","58","29","10","60","20","1.29","8.98","2.99","4.46","593.7","4259"
"Mike Mayers","Cardinals","1","1","0","4.76","0","25","25.0","26","13","3","23","11","1.49","8.20","3.94","4.46","999.0","15451"
"Adam Wainwright","Cardinals","8","9","0","4.37","21","41","142.0","144","69","18","116","53","1.39","7.32","3.34","4.46","582.8","2233"
"Ryan Yarbrough","Rays","6","7","0","4.29","16","36","114.0","112","54","17","97","35","1.29","7.69","2.77","4.47","471.8","16502"
"Erick Fedde","Nationals","3","4","0","4.48","10","10","56.0","58","28","8","47","20","1.38","7.55","3.14","4.47","600.6","17425"
"Tyler Anderson","Rockies","9","10","0","4.48","28","28","157.0","157","78","25","144","54","1.34","8.28","3.07","4.47","495.1","12880"
"Conner Greene","Royals","1","1","0","4.31","0","20","20.0","18","10","2","17","12","1.54","7.51","5.57","4.48","999.0","sa737829"
"Frankie Montas","Athletics","7","8","0","4.29","19","29","123.0","118","59","16","103","49","1.36","7.52","3.56","4.48","596.8","14309"
"Tommy Hunter","Phillies","3","3","0","4.41","0","55","55.0","57","27","9","47","14","1.29","7.65","2.31","4.49","999.0","1157"
"Kyle Crick","Pirates","2","2","0","4.32","0","50","50.0","42","24","4","55","38","1.60","9.96","6.89","4.49","596.5","13182"
"Connor Sadzeck","Rangers","2","2","0","4.38","0","50","50.0","44","24","6","54","29","1.47","9.66","5.27","4.50","999.0","13483"
"Clay Buchholz","","10","10","0","4.17","28","28","165.0","159","76","24","132","50","1.27","7.18","2.72","4.51","531.3","3543"
"Kohl Stewart","Twins","1","1","0","4.46","2","2","9.0","9","4","1","7","4","1.45","6.60","3.81","4.51","999.0","15502"
"Jose De Leon","Rays","3","3","0","4.13","8","8","46.0","41","21","8","47","16","1.23","9.29","3.15","4.51","600.4","15463"
"Hansel Robles","Angels","2","2","0","4.36","0","50","50.0","45","24","7","52","23","1.36","9.28","4.15","4.51","600.7","11801"
"Jesse Chavez","Rangers","3","4","0","4.66","0","80","80.0","85","41","14","77","23","1.36","8.66","2.64","4.52","579.5","5448"
"Mike Fiers","Athletics","9","9","0","4.17","26","26","151.0","138","70","24","137","49","1.24","8.15","2.94","4.52","355.8","7754"
"Luis Cessa","Yankees","3","2","0","4.44","5","20","43.0","43","21","6","38","15","1.36","8.01","3.22","4.52","999.0","13345"
"Nick Neidert","Marlins","0","1","0","4.23","2","2","9.0","9","4","1","7","2","1.26","7.12","2.30","4.53","600.7","sa874797"
"Antonio Senzatela","Rockies","10","11","0","4.53","29","29","169.0","173","85","23","129","58","1.37","6.89","3.10","4.55","599.6","15488"
"Mike Montgomery","Cubs","3","4","0","4.46","2","67","74.0","77","37","9","57","31","1.46","6.92","3.77","4.55","587.9","4869"
"Joe Ross","Nationals","3","3","0","4.38","10","10","56.0","56","27","9","46","17","1.31","7.34","2.75","4.55","515.8","12972"
"Scott Blewett","Royals","0","0","0","4.71","0","10","10.0","10","5","1","8","4","1.47","7.23","3.98","4.56","999.0","sa828695"
"Brandon Morrow","Cubs","2","2","0","4.63","0","55","55.0","57","28","8","50","21","1.41","8.22","3.37","4.56","262.9","9346"
"Trevor Williams","Pirates","8","10","0","4.35","26","26","144.0","145","70","20","110","49","1.34","6.85","3.05","4.57","310.8","16977"
"Jordan Lyles","Pirates","2","3","0","4.58","3","38","54.0","55","27","8","47","21","1.41","7.85","3.48","4.57","593.1","7593"
"John Axford","Blue Jays","1","1","0","4.65","0","20","20.0","20","10","3","19","9","1.46","8.62","4.03","4.57","999.0","9059"
"CC Sabathia","Yankees","8","6","0","4.16","21","21","120.0","115","55","18","105","42","1.31","7.87","3.17","4.57","467.6","404"
"Jhoulys Chacin","Brewers","12","11","0","4.18","32","32","189.0","175","88","26","163","76","1.33","7.78","3.62","4.57","285.0","2608"
"Chris Stratton","Giants","4","7","0","4.78","10","40","86.0","91","46","11","68","36","1.48","7.16","3.74","4.57","599.9","13761"
"Amir Garrett","Reds","3","3","0","4.44","0","65","65.0","60","32","9","67","36","1.47","9.25","4.92","4.57","595.8","14375"
"Luke Farrell","Rangers","0","0","0","4.69","0","10","10.0","9","5","2","11","5","1.44","9.78","4.40","4.57","999.0","15101"
"Drew Smyly","Rangers","8","8","0","4.24","23","23","131.0","119","62","25","133","41","1.22","9.12","2.81","4.58","528.8","11760"
"Matt Shoemaker","Blue Jays","6","7","0","4.46","19","19","112.0","107","56","19","110","39","1.31","8.84","3.15","4.58","539.0","4776"
"Clay Holmes","Pirates","2","2","0","4.33","3","23","39.0","37","19","4","35","23","1.53","8.06","5.33","4.59","999.0","13649"
"Daniel Mengden","Athletics","5","5","0","4.21","15","15","84.0","82","39","12","61","24","1.26","6.51","2.54","4.59","555.2","16980"
"Hector Velazquez","Red Sox","3","3","0","4.71","3","53","69.0","73","36","10","56","24","1.42","7.24","3.18","4.59","999.0","19341"
"Tony Sipp","","3","3","0","4.24","0","50","50.0","46","24","8","49","19","1.30","8.84","3.41","4.60","999.0","8280"
"Scott Barlow","Royals","1","2","0","4.53","2","22","29.0","27","15","4","30","15","1.45","9.34","4.68","4.61","999.0","14993"
"Zac Gallen","Marlins","0","1","0","4.28","2","2","9.0","9","4","1","7","3","1.30","7.26","2.95","4.61","999.0","sa857550"
"Ryan Brasier","Red Sox","3","2","0","4.62","0","65","65.0","64","33","12","68","22","1.32","9.35","2.99","4.62","367.2","5615"
"Brandon Workman","Red Sox","1","1","0","4.83","0","30","30.0","30","16","5","32","12","1.41","9.46","3.67","4.62","999.0","11428"
"Anibal Sanchez","Nationals","9","9","0","4.40","26","26","147.0","140","72","26","141","48","1.28","8.65","2.91","4.62","277.2","3284"
"Sean Reid-Foley","Blue Jays","5","7","0","4.51","18","18","101.0","95","51","16","104","43","1.37","9.30","3.81","4.62","596.2","17034"
"Brad Brach","Cubs","2","2","0","4.78","0","45","45.0","46","24","7","41","19","1.44","8.14","3.76","4.62","572.3","6627"
"Shawn Kelley","Rangers","2","2","0","4.48","0","40","40.0","39","20","8","40","11","1.25","9.05","2.47","4.62","600.1","7773"
"Junichi Tazawa","","3","3","0","4.77","0","50","50.0","53","26","8","43","16","1.38","7.71","2.85","4.63","999.0","4079"
"Tayron Guerrero","Marlins","2","4","0","4.21","0","60","60.0","53","28","7","60","35","1.45","9.00","5.18","4.63","596.1","11691"
"Justus Sheffield","Mariners","7","9","0","4.40","23","23","130.0","124","64","19","120","56","1.38","8.28","3.87","4.63","449.3","17285"
"Beau Burrows","Tigers","0","1","0","4.53","2","2","9.0","9","5","1","8","3","1.35","7.59","3.39","4.63","999.0","sa874682"
"Reynaldo Lopez","White Sox","9","11","0","4.28","29","29","172.0","158","82","26","155","67","1.31","8.12","3.49","4.63","275.1","16400"
"Aaron Sanchez","Blue Jays","8","9","0","4.30","24","24","141.0","134","67","17","117","67","1.42","7.45","4.25","4.64","397.6","11490"
"Rogelio Armenteros","Astros","1","1","0","4.35","2","2","9.0","8","4","2","9","3","1.30","8.93","3.38","4.64","600.1","sa877310"
"Alex Cobb","Orioles","8","13","0","4.36","31","31","178.0","183","86","26","129","52","1.32","6.50","2.63","4.64","571.2","6562"
"Richard Bleier","Orioles","2","4","0","4.64","0","65","65.0","77","34","8","34","15","1.42","4.66","2.12","4.64","597.2","7803"
"Allen Webster","","1","2","0","4.82","0","25","25.0","26","13","3","23","12","1.51","8.36","4.30","4.64","999.0","3993"
"Jeff Samardzija","Giants","8","12","0","4.47","28","28","165.0","164","82","27","129","46","1.27","7.05","2.50","4.64","467.7","3254"
"Jordan Romano","Rangers","3","4","0","4.61","5","45","68.0","65","35","9","62","32","1.42","8.27","4.21","4.64","999.0","sa829155"
"Derek Holland","Giants","7","11","0","4.58","26","26","147.0","143","75","21","134","65","1.42","8.18","3.96","4.64","358.1","4141"
"Shelby Miller","Rangers","6","7","0","4.45","19","19","113.0","108","56","17","104","47","1.37","8.29","3.72","4.65","592.8","10197"
"Mike Leake","Mariners","11","12","0","4.31","32","32","196.0","206","94","30","127","44","1.27","5.83","2.02","4.65","550.9","10130"
"Ariel Jurado","Rangers","2","3","0","4.59","5","15","38.0","42","19","5","23","10","1.38","5.36","2.45","4.66","999.0","17030"
"Nathan Karns","Orioles","4","7","0","4.52","16","16","93.0","88","47","16","97","37","1.34","9.42","3.59","4.66","586.2","12638"
"Sal Romano","Reds","1","2","0","4.87","2","22","29.0","32","16","4","23","12","1.49","7.17","3.63","4.66","999.0","13690"
"Jharel Cotton","Athletics","4","4","0","4.06","11","11","65.0","57","29","11","58","22","1.20","8.05","3.00","4.67","600.3","13654"
"Trevor Oaks","Royals","0","1","0","4.50","2","2","9.0","9","4","1","5","3","1.37","5.40","2.84","4.67","999.0","16468"
"Josh Staumont","Royals","1","1","0","4.24","0","20","20.0","15","9","2","26","18","1.65","11.68","8.18","4.67","999.0","sa857581"
"Eric Lauer","Padres","7","9","0","4.59","24","24","138.0","138","70","21","120","52","1.38","7.84","3.38","4.67","571.8","19316"
"Ryan Borucki","Blue Jays","6","7","0","4.47","19","19","112.0","113","56","16","86","40","1.37","6.90","3.24","4.67","581.6","16350"
"Anthony DeSclafani","Reds","8","10","0","4.65","26","26","149.0","154","77","27","138","44","1.33","8.36","2.64","4.67","448.6","13050"
"Jaime Schultz","Dodgers","0","0","0","4.61","0","10","10.0","9","5","1","13","7","1.57","11.55","6.19","4.67","999.0","15066"
"Dovydas Neverauskas","Pirates","1","1","0","4.57","0","25","25.0","24","13","4","25","13","1.47","9.01","4.65","4.67","999.0","11604"
"Robbie Erlin","Padres","7","9","0","4.70","24","24","141.0","152","74","25","110","34","1.32","7.05","2.18","4.68","532.2","10354"
"Jose Urena","Marlins","7","13","0","4.27","28","28","161.0","158","76","23","122","56","1.33","6.80","3.11","4.68","440.9","11589"
"Vidal Nuno","Nationals","0","0","0","4.61","0","10","10.0","10","5","2","9","3","1.32","8.05","2.47","4.68","999.0","9674"
"Daniel Poncedeleon","Cardinals","1","1","0","4.37","3","3","19.0","18","9","3","17","9","1.39","7.98","4.19","4.68","578.9","16110"
"Wei-Yin Chen","Marlins","7","13","0","4.33","28","28","158.0","153","76","25","130","54","1.31","7.42","3.05","4.69","589.5","13071"
"Matt Magill","Twins","2","2","0","4.85","0","40","40.0","39","22","6","40","21","1.51","9.11","4.77","4.69","999.0","3950"
"Jon Lester","Cubs","10","12","0","4.59","32","32","189.0","187","96","29","163","73","1.38","7.77","3.49","4.69","193.9","4930"
"Kyle Wright","Braves","1","1","0","4.38","2","2","9.0","9","4","1","7","3","1.36","7.21","3.46","4.69","590.0","19665"
"Dylan Bundy","Orioles","8","13","0","4.53","31","31","179.0","171","90","34","184","59","1.29","9.25","2.98","4.70","317.7","12917"
"Chris Rusin","Rockies","2","2","0","5.10","0","40","40.0","46","23","6","31","14","1.51","7.06","3.21","4.71","999.0","9895"
"Luis Perdomo","Padres","1","1","0","4.68","3","3","19.0","21","10","3","14","7","1.44","6.60","3.24","4.71","999.0","14682"
"Jordan Zimmermann","Tigers","8","11","0","4.68","28","28","157.0","164","82","28","128","39","1.29","7.35","2.25","4.71","598.2","4505"
"Austin Voth","Nationals","2","2","0","4.65","2","32","39.0","39","20","6","35","17","1.45","7.98","4.04","4.71","999.0","15047"
"Sam Gaviglio","Blue Jays","4","6","0","4.85","10","40","86.0","91","46","14","71","27","1.38","7.47","2.85","4.73","999.0","12778"
"Drew Pomeranz","Giants","5","7","0","4.42","16","16","94.0","89","46","13","79","43","1.40","7.55","4.08","4.74","524.0","11426"
"Austin Gomber","Cardinals","2","2","0","4.51","5","5","28.0","27","14","4","24","11","1.37","7.86","3.56","4.74","592.0","16561"
"Corey Oswalt","Mets","1","1","0","4.40","3","3","19.0","19","9","3","15","6","1.33","6.95","3.01","4.74","999.0","13677"
"Jorge Lopez","Royals","3","5","0","4.72","8","33","72.0","74","38","10","60","30","1.45","7.52","3.78","4.75","999.0","14527"
"Jake Jewell","Angels","1","1","0","4.78","0","25","25.0","26","13","3","21","12","1.51","7.60","4.22","4.75","999.0","16958"
"Michael Lorenzen","Reds","3","3","0","4.65","2","52","59.0","61","30","8","46","24","1.44","6.98","3.65","4.75","597.4","14843"
"Dereck Rodriguez","Giants","7","10","0","4.59","24","24","140.0","140","71","22","108","46","1.33","6.97","2.96","4.76","338.0","14509"
"Dylan Covey","White Sox","4","5","0","4.47","13","13","75.0","76","37","10","59","31","1.42","7.12","3.70","4.76","999.0","14825"
"Francisco Liriano","Pirates","1","2","0","4.58","0","35","35.0","34","18","5","33","19","1.52","8.48","4.91","4.77","600.5","3201"
"Touki Toussaint","Braves","5","6","0","4.53","15","15","84.0","78","42","13","81","38","1.37","8.73","4.02","4.77","333.0","16929"
"Julian Merryweather","Blue Jays","1","1","0","4.78","3","3","19.0","20","10","3","16","6","1.36","7.73","2.78","4.77","999.0","sa829363"
"Jaime Barria","Angels","7","7","0","4.24","19","19","113.0","105","53","19","94","37","1.26","7.46","2.97","4.77","485.1","18356"
"Chris Ellis","Royals","3","5","0","4.71","10","20","66.0","65","35","10","57","28","1.40","7.73","3.77","4.77","999.0","sa602616"
"Jake Faria","Rays","2","2","0","4.36","5","5","28.0","26","14","5","26","11","1.31","8.23","3.56","4.77","586.5","13699"
"Tanner Roark","Reds","8","9","0","4.42","24","24","142.0","138","70","23","123","50","1.32","7.79","3.16","4.77","489.7","8753"
"Jalen Beeks","Rays","5","6","0","4.46","16","16","93.0","88","46","16","88","37","1.34","8.54","3.56","4.78","598.7","17192"
"Tyler Thornburg","Red Sox","2","2","0","4.85","0","50","50.0","48","27","8","53","23","1.43","9.52","4.19","4.78","586.6","10688"
"Joaquin Benoit","","2","2","0","4.23","0","40","40.0","36","19","6","36","16","1.31","8.16","3.66","4.78","999.0","1437"
"Josh Osich","Orioles","0","1","0","4.78","0","10","10.0","10","5","1","8","5","1.52","7.40","4.28","4.78","999.0","11528"
"Stephen Gonsalves","Twins","3","3","0","4.49","8","8","47.0","44","23","7","40","22","1.40","7.71","4.21","4.78","599.2","15492"
"Mike Wright","Orioles","2","4","0","5.14","2","42","49.0","54","28","7","41","19","1.50","7.49","3.57","4.79","999.0","12586"
"Ben Lively","Royals","1","2","0","4.49","5","5","28.0","28","14","4","21","9","1.30","6.68","2.89","4.79","999.0","14932"
"Alec Mills","Cubs","0","1","0","4.65","2","2","9.0","9","5","1","7","3","1.38","7.15","3.31","4.79","999.0","13834"
"Domingo Acevedo","Yankees","1","1","0","4.61","2","2","9.0","9","5","2","8","3","1.33","7.85","2.96","4.81","999.0","sa739716"
"Ivan Nova","White Sox","8","11","0","4.62","26","26","149.0","159","76","26","111","37","1.32","6.71","2.24","4.81","567.6","1994"
"Taylor Clarke","Diamondbacks","1","1","0","4.73","3","3","19.0","19","10","3","15","7","1.38","7.03","3.30","4.81","999.0","sa874810"
"Sandy Alcantara","Marlins","3","5","0","4.49","11","11","65.0","64","32","9","51","29","1.42","7.07","3.97","4.81","473.0","18684"
"Matt Harvey","Angels","9","10","0","4.37","28","28","157.0","152","76","26","129","53","1.30","7.41","3.01","4.82","407.2","11713"
"Chad Bettis","Rockies","2","2","0","5.16","0","45","45.0","51","26","6","33","17","1.51","6.52","3.34","4.82","999.0","10587"
"Zach Duke","Reds","2","2","0","4.82","0","40","40.0","42","21","6","37","19","1.53","8.42","4.26","4.83","999.0","3840"
"Brady Rodgers","Astros","1","1","0","4.65","3","3","19.0","20","10","3","15","6","1.34","7.04","2.79","4.83","999.0","13393"
"Matt Moore","Tigers","5","7","0","4.70","16","16","92.0","93","48","16","77","32","1.36","7.51","3.09","4.84","600.8","1890"
"Heath Fillmyer","Royals","4","6","0","4.69","8","53","92.0","93","48","13","72","41","1.46","7.07","4.03","4.84","999.0","17466"
"Yovani Gallardo","","5","6","0","4.62","16","16","94.0","97","48","13","66","39","1.44","6.28","3.70","4.85","999.0","8173"
"Randall Delgado","","3","3","0","4.47","0","50","50.0","48","25","8","44","19","1.35","7.91","3.49","4.85","999.0","5985"
"Brian Duensing","Cubs","2","2","0","5.02","0","40","40.0","44","22","5","28","17","1.51","6.35","3.72","4.85","999.0","4064"
"Brian Johnson","Red Sox","1","1","0","4.53","3","3","19.0","18","10","3","16","7","1.33","7.65","3.24","4.85","999.0","14272"
"Sean Gilmartin","Orioles","0","1","0","5.03","0","10","10.0","11","6","2","8","4","1.49","7.33","3.55","4.85","999.0","12781"
"Rhiner Cruz","","2","2","0","4.72","0","30","30.0","28","16","5","31","16","1.47","9.32","4.69","4.86","999.0","711"
"Julio Teheran","Braves","9","10","0","4.49","28","28","159.0","146","79","27","145","65","1.32","8.22","3.66","4.86","301.6","6797"
"Jarlin Garcia","Marlins","2","3","0","4.69","0","50","50.0","52","26","8","36","18","1.42","6.49","3.29","4.86","999.0","18282"
"Jackson Stephens","Reds","0","1","0","5.23","0","10","10.0","11","6","2","9","4","1.50","7.95","3.56","4.87","999.0","14420"
"Junior Guerra","Brewers","2","2","0","4.47","0","50","50.0","45","25","8","49","25","1.40","8.82","4.55","4.87","599.2","5702"
"Brett Kennedy","Padres","5","7","0","4.82","18","18","101.0","106","54","16","78","34","1.39","6.97","3.07","4.87","999.0","17877"
"Mitch Keller","Pirates","5","6","0","4.65","16","16","93.0","92","48","14","76","37","1.38","7.38","3.56","4.88","533.4","sa828700"
"Felix Pena","Angels","3","3","0","4.54","8","8","46.0","44","23","8","43","17","1.32","8.49","3.38","4.88","597.7","13403"
"Peter Moylan","","3","3","0","4.69","0","50","50.0","52","26","7","40","23","1.49","7.16","4.09","4.89","999.0","4891"
"Jimmy Cordero","Nationals","1","1","0","4.86","0","20","20.0","20","11","3","18","11","1.57","7.98","5.07","4.90","999.0","15690"
"Tyler Beede","Giants","0","1","0","4.88","2","2","9.0","9","5","1","7","4","1.50","7.08","4.33","4.90","999.0","16981"
"Jorge De La Rosa","","3","3","0","4.49","0","50","50.0","48","25","7","43","25","1.46","7.73","4.53","4.91","999.0","2047"
"Kolby Allard","Braves","1","1","0","4.79","3","3","19.0","20","10","3","14","6","1.36","6.71","2.84","4.92","600.1","18694"
"Jerad Eickhoff","Phillies","0","1","0","4.66","2","2","9.0","9","5","2","8","4","1.37","8.50","3.67","4.92","563.0","12664"
"Eric Skoglund","Royals","3","6","0","4.79","13","13","75.0","78","40","12","57","26","1.38","6.88","3.07","4.92","999.0","16155"
"Aaron Brooks","Athletics","1","1","0","4.61","2","2","9.0","9","5","1","6","3","1.34","6.19","2.67","4.92","999.0","12272"
"Franklyn Kilome","Mets","0","1","0","4.59","2","2","9.0","9","5","1","7","4","1.41","7.26","3.99","4.92","999.0","sa830592"
"Mike Dunn","Rockies","2","2","0","5.33","0","50","50.0","53","30","8","47","26","1.57","8.49","4.69","4.94","999.0","9948"
"Steven Wright","Red Sox","4","3","0","4.81","3","53","69.0","72","37","11","55","27","1.43","7.13","3.50","4.94","600.5","8185"
"Nick Kingham","Pirates","6","9","0","4.76","16","41","119.0","122","63","20","96","40","1.36","7.28","3.06","4.94","534.9","11694"
"Chase Anderson","Brewers","9","9","0","4.55","26","26","147.0","139","74","26","129","53","1.31","7.92","3.27","4.96","452.1","6895"
"Jeremy Hellickson","Nationals","6","7","0","4.76","19","19","113.0","118","60","20","85","34","1.34","6.73","2.73","4.96","578.7","4371"
"Jason Vargas","Mets","6","8","0","4.62","19","19","113.0","111","58","21","98","38","1.32","7.79","3.05","4.96","592.5","8044"
"Wandy Peralta","Reds","1","1","0","5.08","0","30","30.0","32","17","4","23","16","1.60","7.03","4.71","4.97","999.0","14295"
"Aaron Slegers","Pirates","1","1","0","4.90","2","12","19.0","20","10","3","13","6","1.41","6.33","2.95","4.98","999.0","15231"
"Chris Flexen","Mets","1","1","0","4.68","3","3","18.0","18","9","3","14","7","1.41","6.89","3.59","4.98","999.0","13896"
"Drew Anderson","Phillies","1","1","0","4.66","2","12","19.0","18","10","3","17","8","1.37","7.91","3.58","4.99","999.0","15130"
"Jacob Nix","Padres","2","3","0","4.86","8","8","46.0","49","25","7","30","14","1.37","5.84","2.72","5.00","999.0","17775"
"Miguel Castro","Orioles","2","3","0","4.48","0","45","45.0","43","22","6","33","20","1.40","6.51","3.92","5.00","600.8","15684"
"Cal Quantrill","Padres","2","3","0","5.15","8","8","47.0","52","27","8","34","17","1.46","6.61","3.23","5.01","999.0","sa738477"
"Felix Hernandez","Mariners","4","6","0","4.48","15","15","83.0","80","41","14","66","30","1.33","7.19","3.25","5.02","588.3","4772"
"Wade LeBlanc","Mariners","7","10","0","4.68","24","24","140.0","142","73","26","111","43","1.32","7.11","2.75","5.03","543.2","5221"
"Bryan Mitchell","Padres","2","3","0","5.16","5","20","43.0","47","25","6","29","19","1.55","6.14","4.07","5.03","597.6","11479"
"Harrison Musgrave","Rockies","1","1","0","5.17","0","30","30.0","32","17","5","24","13","1.51","7.34","3.87","5.05","999.0","16532"
"Roenis Elias","Mariners","3","4","0","5.02","2","52","59.0","60","33","9","51","29","1.51","7.78","4.47","5.06","999.0","12673"
"Dillon Tate","Orioles","1","1","0","4.96","3","3","19.0","21","10","3","14","7","1.43","6.43","3.12","5.07","999.0","sa874239"
"Hector Santiago","Mets","3","4","0","4.39","6","26","58.0","50","28","10","53","28","1.34","8.27","4.28","5.08","999.0","4026"
"Yefry Ramirez","Orioles","2","3","0","4.68","5","15","38.0","35","20","7","36","17","1.37","8.49","3.91","5.08","999.0","15655"
"John Means","Orioles","1","1","0","5.09","3","3","19.0","21","11","3","14","6","1.41","6.67","2.70","5.08","999.0","16269"
"Parker Bridwell","Athletics","1","1","0","4.76","2","2","9.0","9","5","2","6","3","1.35","6.17","2.85","5.08","999.0","11502"
"Enyel De Los Santos","Phillies","4","5","0","4.82","13","13","74.0","74","40","13","62","28","1.39","7.50","3.46","5.09","999.0","18403"
"Nick Tropeano","Angels","3","4","0","4.66","10","10","55.0","52","28","11","52","22","1.34","8.47","3.65","5.10","600.9","12385"
"Dan Straily","Marlins","6","13","0","4.73","28","28","158.0","153","83","30","138","58","1.34","7.83","3.32","5.11","589.3","9460"
"Jordan Stephens","White Sox","0","1","0","5.12","2","2","9.0","9","5","2","8","4","1.46","7.60","3.71","5.11","999.0","sa875031"
"Dillon Peters","Angels","2","2","0","4.77","6","6","37.0","38","20","6","26","14","1.43","6.43","3.47","5.11","999.0","18790"
"Tyler Chatwood","Cubs","2","2","0","4.77","2","32","39.0","38","21","4","31","25","1.60","7.17","5.66","5.12","592.8","4338"
"JC Ramirez","Angels","2","2","0","4.67","6","6","37.0","37","19","6","28","13","1.37","6.71","3.27","5.12","999.0","8302"
"J.T. Brubaker","Pirates","0","1","0","5.04","2","2","9.0","10","5","1","7","3","1.44","6.63","3.39","5.12","999.0","sa875176"
"Clayton Richard","Blue Jays","6","9","0","5.10","21","21","123.0","137","70","19","86","52","1.53","6.32","3.77","5.13","600.3","3551"
"Jimmy Yacabonis","Orioles","2","4","0","4.88","6","16","48.0","48","26","7","38","24","1.49","7.21","4.51","5.14","999.0","15157"
"Kyle McGowin","Nationals","1","1","0","4.95","3","3","19.0","19","10","4","16","7","1.39","7.64","3.33","5.14","999.0","15071"
"Jeff Hoffman","Rockies","1","2","0","5.35","5","5","28.0","30","17","5","22","12","1.52","7.10","3.94","5.14","999.0","17432"
"Marco Estrada","Athletics","8","8","0","4.36","23","23","131.0","115","63","23","99","49","1.25","6.79","3.36","5.15","566.0","1118"
"Ian Kennedy","Royals","6","10","0","4.87","23","23","129.0","128","70","25","114","46","1.35","7.96","3.18","5.15","599.4","6986"
"Ryan Carpenter","Tigers","2","3","0","5.19","6","6","37.0","40","21","7","30","12","1.40","7.26","2.84","5.16","999.0","12699"
"Jonathan Hernandez","Rangers","1","2","0","5.00","5","5","28.0","29","16","5","24","12","1.46","7.73","3.95","5.17","999.0","sa737482"
"Wade Miley","Astros","7","7","0","4.93","19","19","113.0","120","62","18","84","50","1.50","6.72","3.96","5.17","442.9","8779"
"Edwin Jackson","","5","6","0","5.00","16","16","92.0","93","51","15","74","41","1.46","7.27","4.03","5.18","599.3","1841"
"Miguel Gonzalez","","6","7","0","4.98","19","19","113.0","120","63","20","75","37","1.39","5.99","2.91","5.19","999.0","7024"
"Bartolo Colon","","5","6","0","5.12","16","16","93.0","107","53","17","54","23","1.40","5.23","2.22","5.20","999.0","375"
"Edinson Volquez","Rangers","7","9","0","5.05","23","23","130.0","133","73","21","107","61","1.49","7.40","4.19","5.20","599.4","3990"
"Lucas Giolito","White Sox","7","10","0","4.79","24","24","138.0","135","73","22","112","65","1.44","7.31","4.22","5.20","526.7","15474"
"Tommy Milone","Mariners","0","1","0","4.84","2","2","9.0","9","5","2","8","3","1.30","7.58","2.51","5.22","999.0","7608"
"Thomas Pannone","Blue Jays","3","4","0","4.89","11","11","65.0","65","35","13","55","22","1.33","7.62","3.00","5.22","999.0","17281"
"P.J. Conlon","Mets","0","1","0","4.92","2","2","9.0","9","5","2","6","3","1.37","6.12","2.86","5.27","999.0","18213"
"Robert Stephenson","Reds","3","3","0","4.98","2","52","59.0","52","33","11","68","38","1.52","10.44","5.84","5.28","999.0","13594"
"Duane Underwood Jr.","Cubs","0","1","0","5.18","2","2","9.0","10","5","2","7","4","1.46","6.52","3.53","5.28","999.0","14677"
"Cody Reed","Reds","3","4","0","5.30","10","10","56.0","59","33","10","50","28","1.55","8.10","4.44","5.31","600.4","15232"
"Tyler Mahle","Reds","4","5","0","5.14","13","13","75.0","79","43","15","66","27","1.41","7.87","3.26","5.32","589.1","16358"
"Jen-Ho Tseng","Cubs","0","1","0","5.24","2","2","9.0","10","5","2","6","3","1.44","6.41","3.03","5.33","999.0","15524"
"Chance Adams","Yankees","1","1","0","4.83","3","3","19.0","18","10","4","17","8","1.41","7.83","4.02","5.33","999.0","18135"
"Yency Almonte","Rockies","1","1","0","5.37","3","3","19.0","20","11","3","15","8","1.51","7.01","3.93","5.36","999.0","15068"
"Adbert Alzolay","Cubs","0","1","0","5.08","2","2","9.0","9","5","2","7","3","1.42","6.67","3.34","5.36","999.0","sa735853"
"Andrew Moore","Rays","0","1","0","4.89","2","2","9.0","9","5","2","6","2","1.30","6.46","2.45","5.36","999.0","17553"
"Ryan Castellani","Rockies","1","1","0","5.73","3","3","19.0","22","12","3","12","8","1.58","5.83","3.72","5.38","999.0","sa828689"
"Ervin Santana","White Sox","5","8","0","4.90","18","18","104.0","104","57","21","80","37","1.36","6.96","3.16","5.39","579.1","3200"
"Luis Ortiz","Orioles","2","3","0","5.16","6","6","37.0","39","21","7","27","14","1.43","6.62","3.29","5.41","599.5","16942"
"James Shields","","5","6","0","5.13","16","16","94.0","94","54","18","78","42","1.45","7.48","4.04","5.45","599.4","7059"
"David Hess","Orioles","4","9","0","5.27","19","19","110.0","116","64","22","84","42","1.44","6.88","3.42","5.49","999.0","16130"
"Josh Rogers","Orioles","2","4","0","5.18","8","8","46.0","50","26","9","31","15","1.42","6.04","2.92","5.51","999.0","18510"
"Keury Mella","Reds","0","1","0","5.41","2","2","9.0","10","5","2","7","4","1.48","6.92","3.52","5.52","999.0","15964"
"Andrew Cashner","Orioles","7","14","0","5.31","29","29","168.0","185","99","29","104","69","1.51","5.56","3.69","5.55","999.0","8782"
"Lucas Sims","Reds","0","1","0","5.32","2","2","9.0","9","5","2","8","4","1.43","8.43","3.78","5.57","999.0","13470"
"Yohander Mendez","Rangers","7","9","0","5.21","23","23","131.0","136","76","27","103","52","1.44","7.09","3.60","5.58","599.8","14391"
"Matt Koch","Diamondbacks","1","1","0","5.68","3","3","19.0","22","12","4","11","6","1.50","5.30","2.87","5.58","999.0","13420"
"Brandon Finnegan","Reds","1","1","0","5.50","0","15","15.0","15","9","3","14","9","1.61","8.31","5.47","5.65","999.0","16208"
"Carson Fulmer","White Sox","3","6","0","5.50","10","30","76.0","77","46","14","66","45","1.60","7.77","5.28","5.74","999.0","18311"
