"Name","Team","W","L","SV","ERA","GS","G","IP","H","ER","HR","SO","BB","WHIP","K/9","BB/9","FIP","playerid"
"Isaac Mattson","Orioles","0","0","0","2.80","0","4","7.0","6","2","0","9","2","1.10","11.17","2.79","2.56","sa915667"
"Kirby Yates","Padres","3","3","35","2.64","0","63","63.0","47","18","7","91","17","1.03","13.15","2.48","2.66","9073"
"Josh Hader","Brewers","4","3","35","2.87","0","69","75.0","48","24","11","130","26","0.98","15.64","3.12","2.76","14212"
"Liam Hendriks","Athletics","4","3","31","2.95","0","68","68.0","54","22","7","91","20","1.10","12.10","2.69","2.78","3548"
"Edwin Diaz","Mets","3","3","31","3.25","0","65","65.0","48","23","8","102","22","1.08","14.20","3.10","2.79","14710"
"Jacob deGrom","Mets","14","8","0","2.77","31","31","200.0","162","62","21","247","46","1.04","11.11","2.06","2.83","10954"
"Aroldis Chapman","Yankees","4","2","35","2.78","0","60","59.0","41","18","5","88","27","1.15","13.50","4.11","2.89","10233"
"Nick Anderson","Rays","5","3","14","3.18","0","65","64.0","50","23","9","95","19","1.07","13.23","2.63","2.92","18337"
"Jose Castillo","Padres","2","2","0","3.60","0","30","28.0","22","11","3","41","11","1.17","12.93","3.54","2.92","17169"
"Chris Sale","Red Sox","12","7","0","3.35","28","28","167.0","132","62","22","230","40","1.03","12.43","2.15","3.00","10603"
"Chris Martin","Braves","2","2","1","3.51","0","57","55.0","52","21","7","61","8","1.09","10.01","1.35","3.03","11847"
"Max Scherzer","Nationals","14","8","0","3.11","30","31","194.0","154","67","25","260","45","1.02","12.04","2.09","3.05","3137"
"Ken Giles","Blue Jays","2","3","32","3.13","0","62","63.0","50","22","8","85","20","1.12","12.24","2.82","3.05","12910"
"Taylor Rogers","Twins","3","3","29","3.12","0","66","67.0","57","23","7","80","16","1.09","10.78","2.10","3.07","13449"
"Ryan Pressly","Astros","3","3","5","3.08","0","63","60.0","48","20","7","77","16","1.08","11.61","2.45","3.08","7005"
"Austin Adams","Mariners","1","0","0","3.72","0","28","27.0","20","11","3","40","13","1.24","13.34","4.43","3.08","13801"
"Dellin Betances","Mets","3","3","3","3.05","0","53","52.0","37","18","5","82","24","1.18","14.16","4.25","3.11","6216"
"Will Smith","Braves","4","2","14","3.19","0","63","61.0","49","22","8","83","20","1.13","12.10","2.98","3.12","8048"
"Walker Buehler","Dodgers","15","7","0","3.26","32","32","190.0","160","69","23","218","42","1.07","10.35","1.99","3.15","19374"
"Seth Lugo","Mets","4","3","6","3.18","0","64","74.0","62","26","9","86","17","1.07","10.46","2.08","3.16","12447"
"Gerrit Cole","Yankees","16","8","0","3.16","32","32","202.0","154","71","28","278","56","1.03","12.34","2.47","3.18","13125"
"Matt Barnes","Red Sox","4","3","5","3.54","0","67","67.0","52","26","7","98","33","1.27","13.09","4.46","3.23","12863"
"Will Harris","Nationals","3","2","3","3.15","0","62","58.0","52","20","6","62","16","1.16","9.63","2.45","3.24","3192"
"Andres Munoz","Padres","3","2","4","3.41","0","54","56.0","42","21","5","74","27","1.24","11.79","4.34","3.27","20373"
"Diego Castillo","Rays","4","4","6","3.31","0","63","65.0","53","24","7","77","22","1.16","10.72","3.12","3.27","17496"
"Chad Green","Yankees","4","3","1","3.64","0","62","67.0","56","27","10","90","18","1.10","12.09","2.40","3.28","15552"
"Roberto Osuna","Astros","3","3","37","3.13","0","63","62.0","51","22","8","71","12","1.02","10.28","1.79","3.29","13764"
"Giovanny Gallegos","Cardinals","3","3","17","3.28","0","63","68.0","55","25","9","83","18","1.07","10.94","2.34","3.29","14986"
"Joshua James","Astros","5","3","0","3.74","1","57","68.0","52","28","8","97","29","1.19","12.73","3.88","3.30","16794"
"Justin Verlander","Astros","16","8","0","3.23","32","32","202.0","157","73","31","261","46","1.01","11.64","2.03","3.33","8700"
"Mark Melancon","Braves","3","3","21","3.77","0","64","62.0","64","26","6","59","17","1.30","8.56","2.45","3.36","4264"
"Stephen Strasburg","Nationals","15","8","0","3.42","31","31","192.0","167","73","23","224","53","1.15","10.48","2.51","3.38","10131"
"Tommy Kahnle","Yankees","3","2","0","3.57","0","61","59.0","48","23","8","80","21","1.17","12.13","3.13","3.38","11384"
"Shane Bieber","Indians","14","8","0","3.60","31","31","194.0","180","77","27","217","37","1.12","10.06","1.73","3.39","19427"
"Tyler Glasnow","Rays","10","7","0","3.50","26","27","144.0","115","56","17","172","46","1.12","10.77","2.87","3.39","14374"
"Blake Snell","Rays","13","9","0","3.33","30","31","169.0","134","62","20","214","65","1.18","11.40","3.45","3.40","13543"
"Corey Knebel","Brewers","2","2","4","3.49","0","49","48.0","38","19","6","69","22","1.24","12.85","4.06","3.42","15010"
"Jose Alvarado","Rays","1","2","3","3.55","0","43","41.0","32","16","3","51","22","1.33","11.29","4.79","3.42","17780"
"Brandon Workman","Red Sox","6","3","27","3.25","0","66","66.0","51","24","7","87","32","1.25","11.76","4.28","3.43","11428"
"Charlie Morton","Rays","14","8","0","3.42","30","31","180.0","153","68","19","210","58","1.17","10.51","2.92","3.43","4676"
"Wyatt Mills","Mariners","0","0","0","4.54","0","5","6.0","6","3","0","6","2","1.42","9.29","3.63","3.44","sa918372"
"Andrew Chafin","Diamondbacks","2","2","1","3.56","0","63","52.0","47","21","5","62","21","1.30","10.75","3.66","3.45","12988"
"Oliver Drake","Rays","3","2","0","3.58","0","49","50.0","42","20","6","59","18","1.22","10.64","3.24","3.46","8823"
"Tyler Duffey","Twins","4","3","1","3.64","0","62","65.0","57","26","9","77","17","1.15","10.71","2.34","3.48","13758"
"Noah Syndergaard","Mets","12","9","0","3.76","31","31","186.0","177","78","22","191","47","1.20","9.26","2.27","3.49","11762"
"Ty Buttrey","Angels","3","3","5","3.76","0","64","64.0","57","27","8","74","22","1.24","10.43","3.13","3.50","14719"
"Ryan Hendrix","Reds","1","0","0","4.15","0","6","6.0","5","3","0","6","3","1.34","9.37","4.22","3.51","sa738145"
"Emmanuel Clase","Indians","3","3","5","3.35","0","57","61.0","56","23","6","61","19","1.24","9.00","2.84","3.51","21032"
"Emilio Pagan","Padres","3","3","16","3.35","0","63","64.0","50","24","10","82","16","1.04","11.49","2.28","3.51","14771"
"Keone Kela","Pirates","4","3","23","3.24","0","60","60.0","48","21","7","72","21","1.15","10.89","3.16","3.51","14696"
"Patrick Corbin","Nationals","13","9","0","3.54","32","32","192.0","174","75","23","220","62","1.23","10.32","2.90","3.52","9323"
"Seranthony Dominguez","Phillies","3","3","2","3.59","0","50","52.0","44","21","6","63","21","1.26","10.99","3.68","3.52","19249"
"Luke Jackson","Braves","4","2","1","3.85","0","59","60.0","57","26","7","76","24","1.34","11.33","3.54","3.52","11752"
"Mike Clevinger","Indians","15","8","0","3.32","31","31","186.0","152","69","24","226","63","1.16","10.96","3.07","3.53","12808"
"Jack Flaherty","Cardinals","12","8","0","3.36","32","32","186.0","152","70","25","217","56","1.11","10.50","2.69","3.53","17479"
"Peter Fairbanks","Rays","2","2","0","4.31","0","28","29.0","25","14","4","36","10","1.24","11.26","3.20","3.53","17998"
"Aaron Bummer","White Sox","2","2","2","3.17","0","62","62.0","54","22","5","61","24","1.27","8.88","3.50","3.53","16258"
"Nick Burdi","Pirates","2","1","0","4.66","0","26","25.0","23","13","3","33","11","1.36","12.17","4.06","3.53","16074"
"Andrew Kittredge","Rays","2","1","3","3.95","0","31","33.0","29","14","4","36","9","1.17","9.98","2.51","3.53","12828"
"Jameson Taillon","Pirates","0","0","0","3.77","1","1","6.0","6","3","0","6","2","1.21","7.67","2.46","3.54","11674"
"Jake Diekman","Athletics","2","2","1","3.96","0","61","55.0","45","24","5","67","28","1.33","11.03","4.57","3.55","5003"
"Brandon Morrow","","1","1","0","3.40","0","20","20.0","19","8","2","21","6","1.23","9.36","2.85","3.57","9346"
"A.J. Minter","Braves","1","1","0","4.26","0","21","20.0","18","9","2","24","8","1.31","10.86","3.54","3.58","18655"
"Jeremy Walker","Braves","0","0","0","4.13","0","12","16.0","17","7","1","13","4","1.32","7.28","2.13","3.58","19981"
"Chris Mazza","Red Sox","1","0","0","4.84","0","6","11.0","13","6","1","7","4","1.50","5.99","2.86","3.58","14151"
"Colin Poche","Rays","4","3","1","3.85","0","54","53.0","41","23","8","74","20","1.14","12.46","3.37","3.59","19403"
"Tanner Scott","Orioles","2","2","0","4.18","0","39","39.0","34","18","4","49","19","1.34","11.08","4.34","3.60","17586"
"Joe Kelly","Dodgers","4","3","6","4.05","0","62","59.0","53","27","6","67","25","1.30","10.17","3.72","3.60","9761"
"Joakim Soria","Athletics","3","3","2","3.97","0","61","59.0","52","26","7","66","19","1.22","10.14","2.91","3.60","6941"
"Archie Bradley","Diamondbacks","3","3","31","3.69","0","67","67.0","60","27","7","74","26","1.29","10.04","3.46","3.61","12918"
"Kenley Jansen","Dodgers","3","3","35","3.69","0","64","63.0","52","26","9","76","16","1.10","10.93","2.36","3.61","3096"
"James Karinchak","Indians","2","2","1","3.48","0","41","43.0","32","17","5","59","23","1.30","12.42","4.92","3.62","20151"
"Luis Castillo","Reds","13","10","0","3.51","32","32","187.0","160","73","24","218","64","1.20","10.51","3.09","3.63","15689"
"Clayton Kershaw","Dodgers","13","7","0","3.45","27","27","171.0","156","66","23","178","40","1.15","9.35","2.11","3.63","2036"
"Brad Hand","Indians","4","3","31","3.49","0","63","63.0","52","25","8","84","22","1.17","11.86","3.07","3.64","9111"
"Ross Stripling","Dodgers","6","5","0","3.73","10","51","96.0","92","40","13","97","23","1.20","9.11","2.12","3.64","13273"
"Jordan Hicks","Cardinals","1","1","2","3.57","0","17","18.0","15","7","2","19","9","1.31","9.69","4.34","3.64","19618"
"Daniel Zamora","Mets","1","0","0","4.39","0","14","12.0","12","6","2","14","4","1.29","10.13","3.00","3.66","17811"
"Drew Pomeranz","Padres","2","3","5","3.52","0","60","65.0","54","25","9","80","23","1.18","11.08","3.22","3.66","11426"
"Adrian Morejon","Padres","0","1","0","4.86","0","12","19.0","18","10","2","20","8","1.36","9.71","3.74","3.67","20039"
"Zack Britton","Yankees","3","2","3","3.02","0","60","59.0","51","20","4","54","28","1.33","8.24","4.22","3.68","3240"
"Brandon Woodruff","Brewers","12","8","0","3.76","29","29","165.0","150","69","21","182","49","1.20","9.93","2.67","3.68","16162"
"Kevin Ginkel","Diamondbacks","4","3","2","3.40","0","56","56.0","47","21","7","66","21","1.22","10.62","3.38","3.69","19876"
"Brad Wieck","Cubs","2","2","0","4.19","0","44","41.0","34","19","6","55","17","1.24","12.10","3.74","3.70","16390"
"Zac Grotz","Mariners","1","0","0","3.66","0","18","20.0","20","8","2","20","6","1.29","8.98","2.84","3.70","18256"
"Chris Paddack","Padres","11","9","0","3.58","30","30","168.0","147","67","25","184","40","1.11","9.82","2.14","3.70","20099"
"Lance McCullers Jr.","Astros","9","6","0","3.84","22","23","129.0","116","55","14","141","51","1.29","9.84","3.57","3.71","14120"
"Framber Valdez","Astros","6","4","0","3.81","7","55","88.0","78","37","8","95","42","1.36","9.68","4.27","3.71","17295"
"Max Fried","Braves","13","9","0","3.60","31","31","171.0","162","69","18","180","61","1.30","9.45","3.21","3.71","13743"
"Ryne Harper","Nationals","2","1","0","3.96","0","30","30.0","30","13","4","28","8","1.29","8.51","2.54","3.71","12680"
"Jose Leclerc","Rangers","3","3","26","3.66","0","65","65.0","48","26","8","92","36","1.29","12.67","4.95","3.72","14524"
"Craig Stammen","Padres","4","3","1","3.70","0","65","66.0","64","27","8","63","17","1.23","8.57","2.26","3.72","7274"
"Trey Wingenter","Padres","1","1","0","4.31","0","32","32.0","25","15","4","41","16","1.31","11.62","4.55","3.72","17793"
"Yu Darvish","Cubs","12","8","0","3.73","31","31","180.0","152","75","26","220","55","1.15","10.96","2.75","3.72","13074"
"Aaron Nola","Phillies","13","9","0","3.71","31","31","192.0","171","79","24","212","66","1.24","9.97","3.11","3.73","16149"
"Justin Wilson","Mets","4","3","1","3.37","0","61","55.0","44","21","6","66","25","1.27","10.80","4.17","3.74","4301"
"Chad Sobotka","Braves","1","1","0","4.43","0","24","24.0","22","12","3","28","9","1.31","10.81","3.39","3.75","17470"
"Brendan McKay","Rays","6","5","0","3.84","18","21","99.0","89","42","14","111","31","1.21","10.04","2.80","3.75","20186"
"Ryne Stanek","Marlins","2","3","8","3.61","0","70","65.0","53","26","8","81","28","1.26","11.18","3.96","3.75","15947"
"Mike Soroka","Braves","12","8","0","3.61","30","30","177.0","176","71","20","152","45","1.25","7.74","2.29","3.77","18383"
"Jeffrey Springs","Rangers","1","0","0","4.48","0","15","21.0","20","10","3","24","8","1.33","10.29","3.53","3.77","17677"
"Josh Taylor","Red Sox","2","2","1","3.66","0","54","52.0","47","21","7","61","22","1.31","10.52","3.70","3.77","17359"
"Stephen Tarpley","Marlins","2","1","0","4.30","0","33","34.0","31","16","3","37","16","1.38","9.68","4.18","3.78","15859"
"Cody Reed","Reds","2","3","0","3.97","1","39","45.0","41","20","5","47","19","1.32","9.35","3.73","3.78","15232"
"Raisel Iglesias","Reds","3","4","31","3.75","0","67","68.0","58","28","10","84","23","1.19","11.09","2.99","3.79","17130"
"Trevor May","Twins","3","3","2","3.83","0","61","59.0","50","25","9","72","22","1.22","10.97","3.36","3.79","6398"
"Sean Doolittle","Nationals","3","3","24","3.85","0","59","58.0","52","25","9","65","15","1.15","10.10","2.35","3.80","1581"
"Dustin May","Dodgers","7","5","0","3.86","17","25","103.0","101","44","12","91","26","1.23","7.96","2.28","3.80","19716"
"Caleb Ferguson","Dodgers","2","2","0","3.85","0","44","42.0","36","18","5","51","18","1.27","10.83","3.89","3.80","19349"
"Mitch Keller","Pirates","7","9","0","4.17","25","26","135.0","132","63","17","145","47","1.33","9.63","3.14","3.81","17594"
"Sonny Gray","Reds","12","9","0","3.79","31","32","175.0","156","74","21","189","68","1.28","9.74","3.50","3.81","12768"
"Carlos Carrasco","Indians","12","8","0","3.78","27","27","162.0","151","68","23","182","39","1.17","10.11","2.14","3.81","6632"
"Scott Alexander","Dodgers","1","1","0","3.63","0","35","33.0","32","13","3","28","13","1.36","7.66","3.58","3.82","10591"
"Gerardo Reyes","Padres","1","1","0","4.65","0","17","17.0","15","9","2","21","8","1.33","11.07","4.09","3.82","16306"
"James Paxton","Yankees","8","4","0","3.87","18","18","100.0","88","43","15","119","31","1.19","10.73","2.79","3.82","11828"
"Jesus Luzardo","Athletics","9","7","0","3.83","23","28","133.0","123","57","17","134","40","1.23","9.09","2.74","3.83","19959"
"Brett Martin","Rangers","2","3","1","4.25","0","54","59.0","59","28","7","59","20","1.34","8.96","3.04","3.84","17369"
"Matt Strahm","Padres","3","5","0","3.91","2","57","69.0","63","30","10","74","18","1.17","9.68","2.29","3.84","13799"
"Trevor Gott","Giants","3","2","1","4.23","0","50","49.0","46","23","6","50","18","1.30","9.09","3.32","3.84","15046"
"Rowan Wick","Cubs","3","2","2","3.73","0","62","61.0","54","25","6","64","27","1.33","9.38","4.01","3.85","14646"
"Dylan Floro","Dodgers","2","2","0","3.97","0","32","33.0","34","15","4","30","10","1.33","8.00","2.81","3.85","13394"
"Darwinzon Hernandez","Red Sox","2","2","0","4.07","1","50","53.0","43","24","5","75","37","1.51","12.72","6.35","3.85","19848"
"Dinelson Lamet","Padres","10","8","0","3.83","28","28","152.0","127","64","21","190","59","1.22","11.28","3.48","3.86","17186"
"Stefan Crichton","Diamondbacks","2","2","0","4.05","0","43","45.0","44","20","5","43","15","1.33","8.68","3.09","3.86","16058"
"Brian Moran","","3","1","0","4.08","0","37","27.0","25","12","4","34","12","1.33","11.33","3.92","3.86","9646"
"Shohei Ohtani","Angels","7","5","0","3.66","18","23","103.0","85","42","14","122","43","1.24","10.66","3.74","3.86","19755"
"Adam Kolarek","Dodgers","3","2","1","3.50","0","51","46.0","45","18","4","39","14","1.28","7.62","2.71","3.86","10843"
"David Carpenter","","0","0","0","3.64","0","9","7.0","7","3","1","6","3","1.36","6.91","3.81","3.87","3959"
"Trevor Bauer","Reds","12","10","0","3.92","31","31","193.0","170","84","28","228","70","1.24","10.61","3.27","3.88","12703"
"Jeurys Familia","Mets","3","3","1","4.17","0","55","55.0","50","25","5","58","28","1.42","9.63","4.59","3.88","5114"
"Scott Oberg","Rockies","4","3","19","3.75","0","62","63.0","60","26","7","62","23","1.32","8.96","3.32","3.88","13911"
"Zack Greinke","Astros","15","9","0","3.79","31","31","195.0","188","82","29","182","40","1.17","8.43","1.83","3.89","1943"
"Fernando Abad","","2","1","0","4.29","0","33","26.0","28","12","3","23","6","1.30","7.77","2.07","3.90","4994"
"Hector Neris","Phillies","3","3","32","3.54","0","68","67.0","53","26","10","88","23","1.15","11.82","3.16","3.91","11804"
"Lance Lynn","Rangers","12","10","0","4.07","30","30","180.0","167","82","24","196","61","1.27","9.79","3.05","3.91","2520"
"Reyes Moronta","Giants","0","0","0","3.60","0","13","13.0","11","5","1","16","7","1.35","10.62","4.84","3.91","14966"
"Marcus Stroman","Mets","11","10","0","3.80","30","30","173.0","174","73","18","152","58","1.34","7.90","3.01","3.91","13431"
"Casey Sadler","Cubs","2","0","0","4.39","0","21","26.0","27","13","3","22","8","1.37","7.57","2.94","3.91","11209"
"Joe Jimenez","Tigers","3","4","26","4.04","0","65","64.0","57","29","10","81","23","1.24","11.38","3.26","3.91","15761"
"Brad Brach","Mets","2","3","1","4.22","0","49","48.0","45","22","6","51","21","1.37","9.69","3.92","3.92","6627"
"Blake Treinen","Dodgers","4","4","7","3.55","0","64","66.0","58","26","7","71","28","1.31","9.70","3.84","3.92","12572"
"Zac Gallen","Diamondbacks","9","9","0","3.85","29","29","157.0","144","67","21","168","56","1.27","9.64","3.23","3.92","19291"
"David Bednar","Padres","1","1","0","4.33","0","13","12.0","11","6","2","14","5","1.32","10.47","3.73","3.93","19569"
"German Marquez","Rockies","12","9","0","4.23","30","30","183.0","181","86","27","191","47","1.24","9.39","2.32","3.93","15038"
"Brusdar Graterol","Dodgers","4","2","0","3.94","3","46","50.0","45","22","6","49","19","1.29","8.86","3.41","3.93","20367"
"Joe Musgrove","Pirates","11","11","0","4.13","31","31","172.0","175","79","23","157","40","1.25","8.24","2.09","3.93","12970"
"Jose Alvarez","Phillies","2","2","0","3.73","0","57","54.0","53","22","7","51","18","1.32","8.50","2.94","3.93","5358"
"Wander Suero","Nationals","3","3","0","4.15","0","51","51.0","47","23","7","54","18","1.29","9.56","3.23","3.93","15855"
"Freddy Peralta","Brewers","7","6","0","4.20","12","47","106.0","89","50","16","142","51","1.32","12.03","4.30","3.93","18679"
"Zack Wheeler","Phillies","12","9","0","3.99","31","31","188.0","182","84","27","191","54","1.25","9.11","2.57","3.94","10310"
"Chaz Roe","Rays","2","2","1","4.13","0","56","48.0","43","22","6","54","21","1.32","9.99","3.84","3.94","9866"
"Tim Hill","Royals","2","2","1","4.06","0","58","51.0","50","23","6","46","17","1.31","8.11","3.01","3.94","16814"
"Luke Weaver","Diamondbacks","9","8","0","4.16","24","25","133.0","129","62","19","136","41","1.27","9.18","2.77","3.95","16918"
"Marcus Walden","Red Sox","4","3","1","4.03","0","64","69.0","65","31","7","64","28","1.36","8.41","3.64","3.95","8004"
"Richard Lovelady","Royals","1","1","0","4.49","0","32","32.0","33","16","4","28","11","1.37","7.89","3.14","3.95","19337"
"Scott Barlow","Royals","3","4","1","4.07","0","64","73.0","65","33","9","84","34","1.35","10.34","4.13","3.96","14993"
"Miles Mikolas","Cardinals","12","11","0","4.05","31","31","183.0","190","82","25","144","34","1.23","7.12","1.66","3.96","9803"
"Jace Fry","White Sox","2","3","0","4.26","0","58","55.0","47","26","6","64","29","1.39","10.62","4.75","3.96","16159"
"Edgar Santana","Pirates","1","0","0","4.20","0","13","13.0","14","6","2","12","4","1.33","7.94","2.60","3.97","17355"
"Frankie Montas","Athletics","10","8","0","3.83","27","27","159.0","153","68","20","155","49","1.27","8.76","2.78","3.98","14309"
"Kyle Hendricks","Cubs","11","9","0","3.98","31","31","177.0","178","78","24","151","39","1.23","7.71","1.97","3.98","12049"
"Jon Gray","Rockies","12","10","0","4.32","30","30","177.0","177","85","24","180","58","1.33","9.17","2.96","3.99","14916"
"Mike Wright Jr.","","0","1","0","5.48","0","4","10.0","12","6","1","8","3","1.55","7.47","3.13","3.99","12586"
"Jay Jackson","","3","1","0","4.02","0","41","43.0","35","19","7","58","20","1.28","12.13","4.12","3.99","7432"
"Logan Gilbert","Mariners","1","1","0","4.16","2","2","13.0","12","6","2","13","4","1.24","8.81","3.03","3.99","sa3008598"
"Sterling Sharp","Marlins","2","2","0","4.20","0","35","37.0","39","17","4","30","12","1.39","7.22","2.97","3.99","sa738458"
"Oliver Perez","Indians","2","2","0","4.02","0","58","47.0","42","21","6","53","16","1.23","10.29","3.00","4.00","1514"
"Hyun-Jin Ryu","Blue Jays","11","9","0","3.81","28","28","166.0","166","70","24","148","35","1.21","8.02","1.89","4.00","14444"
"Cam Bedrosian","Angels","3","3","1","3.82","0","60","60.0","55","25","8","61","22","1.30","9.14","3.34","4.00","13360"
"Joe Smith","Astros","3","2","0","3.94","0","52","48.0","46","21","7","46","13","1.23","8.64","2.39","4.00","3281"
"Michael Feliz","Pirates","3","3","4","4.10","0","58","60.0","52","27","9","74","25","1.29","11.11","3.78","4.01","11903"
"Robert Stephenson","Reds","3","2","4","3.91","0","58","62.0","51","27","9","77","25","1.22","11.17","3.60","4.01","13594"
"Brandon Kintzler","Marlins","3","3","14","3.79","0","62","60.0","61","25","7","49","17","1.29","7.25","2.57","4.01","9939"
"Corey Kluber","Rangers","11","10","0","4.01","29","29","173.0","167","77","25","181","44","1.22","9.38","2.29","4.01","2429"
"Noe Ramirez","Angels","4","2","0","4.25","0","56","60.0","56","29","9","66","20","1.25","9.79","2.96","4.02","12800"
"Sam Dyson","","2","1","0","4.14","0","35","35.0","35","16","4","29","11","1.34","7.50","2.92","4.02","11710"
"Jeremy Jeffress","Cubs","3","2","2","3.96","0","47","47.0","46","21","5","43","18","1.37","8.27","3.44","4.03","9490"
"John Brebbia","Cardinals","3","3","1","3.80","0","64","65.0","57","27","9","74","21","1.21","10.19","2.94","4.03","12777"
"David Price","Dodgers","11","7","0","3.98","26","27","146.0","137","65","22","155","44","1.24","9.59","2.70","4.03","3184"
"Julio Urias","Dodgers","8","6","0","3.58","22","26","126.0","113","50","16","133","47","1.27","9.54","3.35","4.03","14765"
"Dillon Maples","Cubs","1","1","0","4.44","0","19","17.0","12","8","2","24","14","1.56","13.07","7.39","4.04","14672"
"Hector Rondon","Diamondbacks","2","3","1","3.99","0","59","57.0","55","25","7","56","20","1.31","8.76","3.12","4.04","2391"
"D.J. Johnson","","1","0","0","5.19","0","13","12.0","15","7","1","12","5","1.70","9.12","3.68","4.04","12578"
"Kevin Gausman","Giants","7","10","0","4.16","27","28","145.0","145","67","20","140","43","1.29","8.71","2.67","4.04","14107"
"Adam Ottavino","Yankees","4","3","2","3.59","0","65","63.0","51","25","8","81","33","1.32","11.44","4.66","4.04","1247"
"Pablo Lopez","Marlins","7","10","0","4.23","27","27","146.0","147","68","19","126","39","1.27","7.79","2.40","4.04","17085"
"Eduardo Rodriguez","Red Sox","14","8","0","3.93","31","31","185.0","173","81","25","194","67","1.30","9.45","3.26","4.04","13164"
"Garrett Richards","Padres","6","6","0","4.26","20","20","106.0","98","50","13","110","45","1.35","9.34","3.82","4.05","9784"
"Jairo Diaz","Rockies","3","3","5","4.32","0","65","65.0","64","31","8","68","26","1.37","9.35","3.52","4.05","12774"
"Andrew Miller","Cardinals","3","4","5","4.03","0","64","58.0","50","26","8","72","26","1.29","11.05","3.94","4.05","6785"
"Lou Trivino","Athletics","4","3","1","4.23","0","59","60.0","56","28","7","62","26","1.35","9.16","3.83","4.06","15043"
"Collin McHugh","","4","3","0","4.09","5","40","60.0","55","27","8","65","21","1.26","9.76","3.07","4.06","7531"
"Luis Severino","Yankees","13","8","0","3.70","28","28","159.0","143","65","22","179","45","1.18","10.13","2.55","4.06","15890"
"Amir Garrett","Reds","3","2","1","3.77","0","63","62.0","54","26","8","79","32","1.37","11.33","4.56","4.06","14375"
"Andrew Heaney","Angels","8","8","0","4.19","26","26","147.0","136","69","25","163","42","1.21","9.99","2.59","4.07","15423"
"Chris Archer","Pirates","8","11","0","4.36","29","29","160.0","153","77","24","181","58","1.32","10.19","3.29","4.07","6345"
"Anthony Bass","Blue Jays","2","3","2","4.04","0","55","58.0","56","26","7","53","20","1.30","8.17","3.06","4.07","7982"
"Shaun Anderson","Giants","2","4","11","4.28","0","58","64.0","65","30","8","54","21","1.33","7.61","2.96","4.07","19453"
"Grant Holmes","Athletics","1","0","0","4.43","0","10","12.0","11","6","1","11","4","1.29","8.23","3.30","4.08","sa828669"
"Michel Baez","Padres","1","1","0","4.08","0","20","23.0","20","10","3","24","10","1.33","9.57","3.84","4.09","20100"
"Kenta Maeda","Twins","11","8","0","4.06","26","37","153.0","136","69","23","167","52","1.23","9.82","3.04","4.09","18498"
"Tony Watson","Giants","3","2","11","3.85","0","66","62.0","61","27","8","57","18","1.26","8.19","2.58","4.09","3132"
"Lucas Giolito","White Sox","12","10","0","4.11","30","31","182.0","157","83","29","211","64","1.21","10.43","3.16","4.09","15474"
"Richard Rodriguez","Pirates","3","3","2","3.93","0","66","65.0","63","29","10","69","21","1.28","9.50","2.90","4.09","13549"
"Adrian Houser","Brewers","8","8","0","4.08","26","29","141.0","139","64","18","132","49","1.34","8.48","3.12","4.09","12718"
"Luis Patino","Padres","2","2","0","3.16","7","7","32.0","34","11","4","31","13","1.43","8.66","3.50","4.09","sa3002792"
"Nick Vincent","","0","0","0","4.23","0","25","24.0","24","11","4","24","5","1.22","8.91","1.97","4.10","7555"
"Jose Urquidy","Astros","9","7","0","4.05","25","25","136.0","131","61","23","136","30","1.19","9.00","2.01","4.11","18413"
"Robbie Erlin","Pirates","2","2","0","4.56","2","24","45.0","48","23","6","37","11","1.33","7.48","2.25","4.11","10354"
"A.J. Puk","Athletics","7","5","0","4.14","14","26","95.0","85","44","13","103","39","1.30","9.74","3.72","4.11","19343"
"Corbin Burnes","Brewers","4","4","0","4.69","5","45","73.0","70","38","12","82","26","1.32","10.07","3.22","4.12","19361"
"Felix Pena","Angels","3","3","0","4.34","1","39","53.0","49","26","7","54","19","1.27","9.12","3.17","4.12","13403"
"Nate Jones","","1","1","0","4.18","0","20","20.0","18","9","3","21","9","1.36","9.83","4.00","4.13","4696"
"Drew Smith","Mets","0","0","0","4.80","0","7","6.0","6","3","1","6","2","1.38","8.30","3.33","4.13","17755"
"Jonathan Loaisiga","Yankees","3","2","0","4.42","4","29","52.0","47","26","8","59","19","1.28","10.21","3.33","4.13","19753"
"Dany Jimenez","Giants","1","0","0","4.12","0","17","17.0","15","8","2","18","7","1.33","9.70","3.87","4.13","sa885967"
"Tyler Rogers","Giants","3","2","4","3.47","0","51","52.0","52","20","5","41","23","1.44","7.18","3.92","4.13","15541"
"Corbin Martin","Diamondbacks","1","0","0","5.21","2","5","9.0","9","5","1","9","4","1.49","8.61","4.30","4.13","19884"
"Ian Kennedy","Royals","3","3","29","3.96","0","63","66.0","64","29","10","69","20","1.26","9.41","2.73","4.13","6986"
"Tanner Rainey","Nationals","3","3","1","4.22","0","59","55.0","42","26","7","76","38","1.45","12.37","6.16","4.14","17610"
"Shane Greene","Braves","3","3","4","3.75","0","65","64.0","61","27","9","65","21","1.27","9.15","2.97","4.14","10756"
"Adam Warren","","1","0","0","3.82","0","6","7.0","6","3","1","7","3","1.25","8.56","3.42","4.14","9029"
"Conner Menez","Giants","1","2","0","4.33","5","17","33.0","30","16","4","36","16","1.38","9.91","4.29","4.14","19199"
"Carlos Estevez","Rockies","3","3","7","4.26","0","65","66.0","64","31","10","73","24","1.33","9.87","3.31","4.14","14542"
"Reggie McClain","Phillies","1","0","0","4.89","0","9","13.0","13","7","1","9","5","1.37","6.39","3.71","4.14","19311"
"Junior Fernandez","Cardinals","1","1","0","4.27","0","39","38.0","34","18","5","42","18","1.37","9.87","4.24","4.14","18496"
"Matt Magill","Mariners","3","3","13","4.14","0","57","59.0","55","27","9","65","23","1.31","9.91","3.44","4.15","3950"
"Michael Lorenzen","Reds","3","3","8","3.82","0","69","74.0","70","32","9","73","28","1.31","8.78","3.35","4.15","14843"
"Eric Yardley","Brewers","0","0","0","4.27","0","14","14.0","16","7","2","10","4","1.36","6.27","2.36","4.15","15538"
"Robbie Ray","Diamondbacks","11","8","0","4.13","30","31","165.0","141","76","25","211","79","1.33","11.47","4.33","4.16","11486"
"Devin Williams","Brewers","1","0","0","4.23","2","22","25.0","23","12","3","28","13","1.44","10.07","4.75","4.16","15816"
"Pedro Strop","Reds","3","3","1","4.02","0","56","55.0","49","24","7","60","24","1.33","9.84","3.90","4.16","4070"
"Ian Anderson","Braves","3","2","0","4.05","8","8","44.0","40","20","5","48","23","1.43","9.73","4.62","4.16","sa917921"
"Ryan Yarbrough","Rays","10","7","0","4.08","21","25","131.0","131","60","19","112","31","1.23","7.70","2.16","4.16","16502"
"Trevor Richards","Rays","3","3","0","4.08","3","39","51.0","48","23","8","53","18","1.27","9.18","3.08","4.16","19309"
"Cole Sulser","Orioles","1","0","0","3.78","0","13","14.0","14","6","2","15","6","1.37","9.36","3.61","4.16","15256"
"Adam Cimber","Indians","4","3","0","4.24","0","58","56.0","59","26","7","42","16","1.33","6.78","2.51","4.17","15288"
"Logan Webb","Giants","4","6","0","4.33","15","19","80.0","81","38","10","71","30","1.41","7.99","3.44","4.17","17995"
"Jose De Leon","Reds","3","2","0","4.44","1","36","41.0","36","20","6","51","22","1.43","11.12","4.88","4.17","15463"
"Yonny Chirinos","Rays","7","6","0","4.06","19","34","121.0","119","55","18","104","29","1.22","7.69","2.15","4.17","16401"
"Craig Kimbrel","Cubs","3","3","25","3.93","0","55","54.0","41","24","8","75","24","1.20","12.47","3.98","4.17","6655"
"Spencer Turnbull","Tigers","6","12","0","4.53","29","30","156.0","158","79","21","148","58","1.38","8.53","3.33","4.17","16207"
"Alex Colome","White Sox","3","3","29","3.83","0","64","65.0","59","28","9","65","24","1.28","9.01","3.26","4.18","6661"
"Matthew Boyd","Tigers","10","12","0","4.35","31","31","181.0","166","87","32","204","53","1.21","10.14","2.63","4.19","15440"
"Carlos Martinez","Cardinals","6","6","15","3.77","13","34","100.0","91","42","10","99","42","1.33","8.92","3.78","4.19","11682"
"Colten Brewer","Red Sox","1","1","0","4.42","0","34","33.0","34","16","4","32","16","1.47","8.49","4.23","4.19","12997"
"Pat Neshek","","2","1","0","3.71","0","22","23.0","22","9","4","18","4","1.12","7.25","1.40","4.19","4682"
"Kyle Finnegan","Nationals","0","0","0","4.40","0","10","10.0","9","5","1","10","4","1.38","9.34","3.97","4.20","sa708446"
"Jimmie Sherfy","Diamondbacks","1","0","0","4.09","0","18","18.0","16","8","2","20","8","1.36","10.25","4.30","4.20","15118"
"Kyle Ryan","Cubs","3","2","0","4.05","0","62","59.0","57","26","6","52","26","1.43","8.02","4.06","4.20","11753"
"Josh Sborz","Dodgers","0","0","0","4.34","0","8","8.0","8","4","1","8","3","1.38","8.72","3.17","4.20","18323"
"Bryan Abreu","Astros","1","1","0","4.28","0","30","33.0","28","16","4","40","19","1.44","10.85","5.21","4.20","16609"
"Brandon Brennan","Mariners","3","4","3","4.19","0","57","59.0","54","27","7","58","26","1.36","8.86","4.02","4.20","13527"
"John Gant","Cardinals","4","3","1","3.91","0","55","61.0","56","26","7","56","27","1.37","8.37","4.06","4.20","13684"
"Spencer Howard","Phillies","1","1","0","4.09","2","4","10.0","9","4","1","10","4","1.31","9.44","3.41","4.20","sa3004923"
"Hansel Robles","Angels","3","3","27","3.65","0","67","69.0","61","28","10","74","24","1.24","9.72","3.11","4.20","11801"
"Ray Black","Brewers","2","1","0","4.39","0","46","44.0","36","22","7","57","22","1.31","11.57","4.49","4.21","14244"
"Adam Morgan","Phillies","2","2","0","4.26","0","49","47.0","44","22","7","49","16","1.28","9.30","3.13","4.21","12580"
"Dan Altavilla","Mariners","4","2","1","4.24","0","39","39.0","32","18","5","47","20","1.35","10.95","4.60","4.21","16507"
"Mychal Givens","Orioles","3","4","16","4.11","0","66","68.0","57","31","10","82","27","1.24","10.81","3.59","4.21","10430"
"Nick Wittgren","Indians","4","2","2","3.76","0","60","61.0","57","25","10","61","18","1.24","8.95","2.68","4.21","15594"
"Pedro Baez","Dodgers","4","3","1","3.74","0","66","63.0","55","26","9","67","24","1.24","9.44","3.35","4.21","5420"
"Ryan Eades","","1","0","0","4.88","0","7","12.0","15","7","2","11","4","1.57","8.15","3.21","4.22","14808"
"Lewis Thorpe","Twins","3","3","0","4.64","7","27","50.0","50","26","8","52","16","1.31","9.29","2.90","4.22","15906"
"Jose Berrios","Twins","14","9","0","4.05","31","31","194.0","187","87","29","190","55","1.25","8.82","2.57","4.22","14168"
"Yoshihisa Hirano","Mariners","3","3","12","4.32","0","52","50.0","48","24","7","51","19","1.33","9.02","3.46","4.22","19756"
"Nate Pearson","Blue Jays","2","3","0","3.91","9","17","49.0","42","21","7","46","15","1.17","8.55","2.79","4.22","sa3005097"
"Victor Arano","Phillies","1","1","0","4.14","0","30","32.0","29","15","5","35","11","1.25","9.80","3.00","4.22","15915"
"Ryan Brasier","Red Sox","2","2","1","4.20","0","50","51.0","47","24","8","53","18","1.29","9.37","3.22","4.23","5615"
"Brent Honeywell","Rays","3","3","0","4.08","8","8","44.0","41","20","7","46","14","1.27","9.40","2.97","4.23","sa828706"
"Yusmeiro Petit","Athletics","4","3","1","3.94","0","71","73.0","70","32","12","65","15","1.15","7.94","1.83","4.23","4020"
"Chris Bassitt","Athletics","7","6","0","4.28","17","31","103.0","98","49","14","95","35","1.29","8.28","3.07","4.23","12304"
"Chris Stratton","Pirates","2","3","0","4.62","1","39","50.0","52","26","7","46","18","1.39","8.19","3.20","4.23","13761"
"Grant Dayton","Braves","1","2","0","4.09","0","34","33.0","31","15","6","37","9","1.21","9.98","2.54","4.23","11203"
"Drew Steckenrider","Marlins","1","1","1","4.50","0","32","31.0","27","15","5","35","13","1.30","10.08","3.69","4.23","18806"
"Madison Bumgarner","Diamondbacks","11","9","0","4.21","31","31","185.0","182","87","30","177","46","1.24","8.58","2.26","4.24","5524"
"Griffin Canning","Angels","8","8","0","4.29","24","24","131.0","122","62","20","136","46","1.28","9.41","3.17","4.24","19867"
"Burch Smith","Giants","1","3","0","4.78","0","30","40.0","37","21","5","40","19","1.40","8.93","4.31","4.26","12784"
"Geoff Hartlieb","Pirates","1","1","0","4.84","0","24","26.0","25","14","3","26","11","1.41","9.06","3.90","4.26","19558"
"Jake Petricka","","0","0","0","4.53","0","5","5.0","6","3","0","4","2","1.50","6.69","3.38","4.26","10534"
"Joey Lucchesi","Padres","10","10","0","4.20","30","30","167.0","161","78","24","161","59","1.32","8.72","3.20","4.26","19320"
"Jonny Venters","","1","0","0","4.31","0","16","13.0","12","6","1","12","7","1.54","8.68","5.09","4.26","7175"
"Luis Perdomo","Padres","2","2","0","4.28","0","37","42.0","43","20","5","35","13","1.32","7.47","2.76","4.26","14682"
"Jon Duplantier","Diamondbacks","2","2","0","4.12","1","35","46.0","42","21","5","45","22","1.40","8.86","4.40","4.27","19546"
"Ryan Helsley","Cardinals","2","2","0","3.88","0","32","38.0","34","16","5","38","16","1.32","9.02","3.77","4.27","18138"
"Dennis Santana","Dodgers","1","1","0","5.43","0","5","11.0","13","7","1","12","6","1.64","9.37","4.41","4.27","17878"
"Trevor Cahill","","2","3","0","4.52","1","44","56.0","54","28","8","52","20","1.33","8.33","3.16","4.27","6249"
"Michael Pineda","Twins","8","6","0","4.40","21","21","117.0","120","57","20","111","27","1.26","8.58","2.10","4.27","5372"
"Chris Devenski","Astros","3","2","0","4.42","0","54","53.0","50","26","9","58","17","1.24","9.69","2.81","4.27","12763"
"Buck Farmer","Tigers","4","4","2","4.12","0","68","68.0","66","31","9","69","26","1.35","9.16","3.44","4.28","14814"
"Jerry Blevins","","1","1","0","4.78","0","33","23.0","21","12","3","24","11","1.39","9.34","4.27","4.28","7841"
"Sam McWilliams","Rays","0","1","0","5.53","0","2","11.0","15","7","1","7","4","1.82","5.73","3.48","4.28","sa829124"
"Bryse Wilson","Braves","4","4","0","4.38","9","21","59.0","60","29","9","54","19","1.33","8.24","2.83","4.28","19990"
"Alex Claudio","Brewers","3","2","1","4.13","0","59","57.0","62","26","6","40","19","1.41","6.36","3.00","4.28","12890"
"Phil Maton","Indians","1","1","0","4.49","0","26","27.0","26","13","4","28","10","1.34","9.59","3.42","4.29","18064"
"Corey Oswalt","Mets","1","0","0","4.04","2","12","18.0","19","8","3","16","4","1.27","7.79","2.06","4.29","13677"
"Sam Selman","Giants","0","0","0","3.76","0","30","30.0","24","12","5","34","13","1.24","10.39","3.85","4.30","13397"
"Blake Wood","","0","1","0","4.19","0","14","13.0","13","6","2","13","6","1.39","8.72","3.91","4.30","1345"
"Brad Peacock","Astros","6","6","0","4.30","12","33","88.0","81","42","14","97","32","1.29","9.99","3.32","4.30","5401"
"Chasen Shreve","Mets","0","0","0","4.15","0","10","9.0","8","4","1","9","4","1.34","8.94","4.23","4.30","10855"
"Luke Gregerson","","1","1","0","4.76","0","28","27.0","28","14","3","22","10","1.41","7.32","3.22","4.31","4090"
"Jose Quintana","Cubs","11","9","0","4.28","31","31","172.0","176","82","25","158","53","1.33","8.24","2.77","4.31","11423"
"Cole Hamels","Braves","9","9","0","4.16","28","28","156.0","154","72","21","153","57","1.35","8.82","3.28","4.31","4972"
"Jeff Brigham","Marlins","2","3","0","4.40","0","50","55.0","50","27","8","55","21","1.29","9.07","3.42","4.31","16631"
"Drew VerHagen","","4","5","0","4.81","3","30","57.0","60","30","8","49","21","1.42","7.83","3.33","4.31","13424"
"Evan Marshall","White Sox","2","2","0","3.99","0","53","51.0","51","23","7","44","16","1.31","7.75","2.85","4.32","12297"
"Tarik Skubal","Tigers","1","2","0","4.87","5","5","27.0","26","15","4","31","11","1.39","10.22","3.79","4.32","sa3007593"
"Jason Adam","","0","0","0","5.00","0","9","10.0","8","5","1","10","4","1.25","9.14","3.85","4.32","11861"
"Juan Nicasio","","1","1","2","4.82","0","25","25.0","25","13","3","24","9","1.38","8.80","3.30","4.32","7731"
"Kevin McCarthy","Royals","3","3","1","4.28","0","59","62.0","69","30","7","40","21","1.44","5.87","3.00","4.32","15240"
"Steven Matz","Mets","9","9","0","4.19","28","29","156.0","154","73","24","150","52","1.32","8.65","2.99","4.33","13361"
"Anthony DeSclafani","Reds","9","9","0","4.37","27","28","149.0","147","72","25","147","42","1.27","8.86","2.56","4.33","13050"
"Darren O'Day","Braves","2","2","0","3.88","0","40","38.0","34","17","6","45","14","1.27","10.47","3.37","4.33","3321"
"Matt Hall","Red Sox","3","3","0","4.69","7","27","57.0","58","30","8","56","24","1.42","8.79","3.74","4.33","18076"
"Kyle Wright","Braves","4","4","0","4.44","10","21","67.0","67","33","9","61","27","1.41","8.27","3.63","4.33","19665"
"Touki Toussaint","Braves","2","2","0","4.33","0","36","45.0","42","22","6","49","22","1.42","9.83","4.49","4.33","16929"
"Taylor Williams","Brewers","1","1","0","4.66","0","17","17.0","17","9","2","17","8","1.44","8.97","3.98","4.34","14899"
"Tyler Webb","Cardinals","2","2","0","4.32","0","47","44.0","42","21","6","40","17","1.34","8.15","3.50","4.34","14974"
"Cal Quantrill","Padres","5","5","0","4.69","13","23","76.0","81","40","11","66","23","1.37","7.72","2.76","4.34","19312"
"Jake Odorizzi","Twins","12","9","0","4.32","31","31","165.0","154","79","26","172","60","1.29","9.39","3.25","4.34","6397"
"Austin Davis","Phillies","1","1","0","4.21","0","25","29.0","25","13","5","32","13","1.32","10.18","3.97","4.34","17117"
"Kyle Gibson","Rangers","10","12","0","4.50","30","31","171.0","176","86","24","158","62","1.39","8.33","3.25","4.34","10123"
"Alex Wood","Dodgers","6","6","0","4.12","16","27","92.0","92","42","13","81","24","1.27","8.01","2.38","4.34","13781"
"Jalen Beeks","Rays","4","4","0","4.27","3","36","60.0","59","29","8","56","24","1.37","8.40","3.59","4.34","17192"
"Matt Andriese","Angels","3","3","0","4.44","3","37","55.0","54","27","8","55","19","1.32","8.89","3.04","4.34","12022"
"Sixto Sanchez","Marlins","3","3","0","4.20","9","9","53.0","54","25","7","43","15","1.31","7.34","2.61","4.35","sa873550"
"Rafael Montero","Rangers","3","3","4","3.63","0","60","66.0","60","27","10","72","21","1.23","9.83","2.91","4.35","12760"
"Dallas Keuchel","White Sox","10","10","0","4.15","29","29","178.0","186","82","23","140","59","1.38","7.11","2.98","4.35","9434"
"David Hale","Yankees","2","1","0","4.01","0","12","26.0","32","11","3","16","8","1.56","5.72","2.96","4.35","9756"
"Merrill Kelly","Diamondbacks","9","9","0","4.50","21","47","144.0","148","72","22","131","45","1.34","8.18","2.79","4.35","11156"
"Luis Garcia","","1","1","2","4.83","0","30","29.0","28","15","4","28","13","1.41","8.82","3.93","4.35","6984"
"Cody Stashak","Twins","2","1","0","4.37","0","26","28.0","28","14","5","28","7","1.21","9.05","2.14","4.35","18088"
"Matt Manning","Tigers","3","3","0","4.18","10","11","54.0","49","25","8","52","20","1.27","8.54","3.28","4.35","sa917924"
"Kyle Crick","Pirates","2","3","6","4.15","0","61","61.0","55","28","9","69","31","1.40","10.19","4.52","4.35","13182"
"Hunter Harvey","Orioles","2","3","5","4.34","0","54","55.0","52","27","9","60","23","1.35","9.76","3.67","4.35","15507"
"Brent Suter","Brewers","5","4","0","4.03","4","53","77.0","76","34","12","68","17","1.22","7.90","2.03","4.36","13942"
"Trevor Oaks","","2","2","0","4.73","2","13","25.0","28","13","2","17","10","1.49","5.88","3.46","4.36","16468"
"Alex Vesia","Marlins","0","0","0","3.98","0","9","9.0","8","4","1","9","4","1.33","9.63","3.86","4.36","sa3008070"
"Hunter Wood","Indians","2","2","0","4.11","0","37","40.0","39","18","7","39","13","1.28","8.74","2.91","4.36","15091"
"James Marvel","Pirates","2","2","0","4.82","5","9","26.0","28","14","3","18","9","1.40","6.21","3.05","4.36","19675"
"Tyler Beede","Giants","5","8","0","4.57","16","32","102.0","99","52","14","100","44","1.41","8.88","3.85","4.37","16981"
"MacKenzie Gore","Padres","3","3","0","4.16","9","13","51.0","47","24","8","54","20","1.31","9.46","3.46","4.37","sa3005068"
"Josh Lindblom","Brewers","10","10","0","4.36","27","27","157.0","157","76","26","152","48","1.31","8.71","2.74","4.37","7882"
"Connor Sadzeck","Mariners","0","0","0","3.77","0","9","9.0","9","4","1","10","6","1.51","9.59","5.37","4.37","13483"
"Manny Banuelos","White Sox","1","1","0","5.77","4","4","17.0","19","11","2","15","7","1.59","7.87","3.98","4.37","5365"
"Daniel Hudson","Nationals","4","3","10","3.93","0","62","64.0","58","28","9","64","26","1.31","9.03","3.63","4.37","7146"
"Taylor Cole","Angels","2","1","0","4.44","0","31","37.0","36","18","5","36","15","1.40","8.86","3.73","4.37","11964"
"Ranger Suarez","Phillies","4","3","0","4.16","3","33","60.0","62","28","8","50","20","1.36","7.46","3.00","4.37","17277"
"Randy Dobnak","Twins","4","3","0","4.32","11","19","64.0","69","31","9","46","17","1.35","6.52","2.35","4.37","23798"
"Patrick Sandoval","Angels","4","5","0","4.43","13","19","76.0","73","37","10","73","34","1.42","8.71","4.10","4.38","19447"
"Nathan Eovaldi","Red Sox","8","6","0","4.51","24","24","127.0","126","64","20","122","44","1.34","8.62","3.09","4.38","9132"
"Zack Littell","Twins","2","2","0","4.33","0","34","39.0","38","19","6","36","13","1.30","8.26","3.00","4.38","15823"
"Keynan Middleton","Angels","3","2","5","3.68","0","47","47.0","44","19","7","47","19","1.35","9.03","3.70","4.39","15264"
"Mike Minor","Rangers","11","10","0","4.24","30","30","184.0","179","87","30","173","57","1.28","8.47","2.80","4.39","10021"
"Tyler Anderson","Giants","4","5","0","4.35","14","21","81.0","77","39","12","77","26","1.28","8.65","2.92","4.39","12880"
"Bud Norris","","0","0","1","4.13","0","16","15.0","14","7","2","17","6","1.35","10.32","3.76","4.39","9492"
"Dan Otero","Yankees","0","1","0","5.16","0","19","18.0","21","10","3","12","4","1.35","6.14","1.83","4.40","7385"
"Austin Voth","Nationals","4","4","0","4.26","10","27","67.0","66","32","11","64","22","1.31","8.53","2.97","4.40","15047"
"John Schreiber","Tigers","3","3","0","4.69","0","47","49.0","47","25","8","51","19","1.36","9.40","3.49","4.40","20020"
"Roenis Elias","Nationals","3","2","1","4.10","0","46","50.0","49","23","8","46","18","1.32","8.17","3.17","4.40","12673"
"Jose Mujica","Athletics","0","0","0","4.66","1","7","9.0","10","5","1","7","3","1.48","7.27","3.18","4.41","sa3006525"
"Domingo German","Yankees","5","4","0","4.47","11","19","67.0","63","33","12","72","21","1.26","9.68","2.81","4.41","17149"
"Forrest Whitley","Astros","3","2","0","4.77","8","9","46.0","43","24","7","52","20","1.35","10.21","3.86","4.41","sa917930"
"Nick Pivetta","Phillies","5","5","0","4.48","11","41","86.0","81","43","14","91","33","1.33","9.52","3.43","4.41","15454"
"Blake Parker","Phillies","2","2","1","4.27","0","45","45.0","42","21","8","48","15","1.27","9.55","3.05","4.41","5224"
"J.B. Wendelken","Athletics","3","2","0","4.11","0","36","38.0","38","18","6","38","16","1.41","8.84","3.86","4.42","14506"
"Duane Underwood Jr.","Cubs","1","1","0","4.56","0","17","17.0","17","9","2","16","8","1.43","8.65","4.06","4.42","14677"
"Austin Gomber","Cardinals","2","2","0","4.30","5","13","36.0","35","17","5","33","14","1.35","8.28","3.43","4.42","16561"
"Julian Merryweather","Blue Jays","1","1","0","4.33","0","17","18.0","18","9","3","18","6","1.28","8.97","2.88","4.42","sa829363"
"Rick Porcello","Mets","12","11","0","4.60","29","30","167.0","173","85","28","150","42","1.29","8.09","2.27","4.42","2717"
"Andrew Suarez","Giants","1","2","0","4.21","1","25","36.0","39","17","5","27","13","1.45","6.88","3.19","4.43","18300"
"Clay Holmes","Pirates","3","2","0","4.66","1","45","53.0","54","28","4","49","35","1.66","8.35","5.86","4.43","13649"
"Brett Anderson","Brewers","9","8","0","4.48","25","25","136.0","154","68","17","86","37","1.41","5.73","2.48","4.43","8223"
"Wilmer Font","Blue Jays","3","3","0","4.47","0","53","63.0","58","31","12","69","21","1.25","9.83","2.99","4.43","5257"
"Ian Hamilton","White Sox","1","1","0","4.47","0","17","17.0","17","9","3","17","7","1.35","8.90","3.54","4.43","19261"
"Buddy Boshers","","1","3","0","4.51","0","37","25.0","25","13","4","29","11","1.43","10.36","3.85","4.44","8490"
"Yimi Garcia","Marlins","1","3","2","4.35","0","50","48.0","46","23","9","49","13","1.23","9.06","2.50","4.44","12095"
"Jimmy Nelson","Dodgers","3","3","0","4.42","7","25","48.0","46","24","6","50","19","1.34","9.36","3.51","4.44","10547"
"Adam Wainwright","Cardinals","9","8","0","4.43","24","25","135.0","141","66","18","118","50","1.42","7.85","3.33","4.44","2233"
"Robert Gsellman","Mets","2","3","0","4.24","1","41","47.0","46","22","6","43","17","1.33","8.17","3.18","4.44","13696"
"Ben Heller","Yankees","2","1","0","4.16","0","22","23.0","21","11","4","25","10","1.32","9.79","3.81","4.44","15100"
"Tyler Olson","","0","0","0","4.07","0","22","16.0","16","7","3","17","7","1.40","9.45","3.65","4.44","14741"
"Brad Keller","Royals","9","12","0","4.43","30","30","170.0","175","83","19","128","69","1.44","6.79","3.68","4.44","15734"
"Drew Smyly","Giants","5","8","0","4.48","21","22","115.0","110","57","19","119","43","1.33","9.28","3.36","4.45","11760"
"Evan Phillips","Orioles","1","1","0","5.19","0","22","23.0","21","13","3","24","11","1.45","9.55","4.54","4.45","17734"
"Casey Mize","Tigers","2","2","0","4.14","8","8","43.0","43","20","7","36","11","1.26","7.58","2.34","4.45","sa3008444"
"Jonathan Hernandez","Rangers","1","1","0","5.11","0","17","19.0","19","11","3","18","8","1.45","8.75","3.84","4.45","17464"
"Junior Guerra","Diamondbacks","3","3","1","4.34","0","53","57.0","55","28","8","54","23","1.38","8.58","3.70","4.45","5702"
"Art Warren","Mariners","1","1","0","3.84","0","17","17.0","16","7","2","17","8","1.40","9.10","4.26","4.46","18251"
"Justin Anderson","Angels","2","2","0","4.52","0","37","37.0","33","18","5","41","22","1.49","10.12","5.37","4.46","16201"
"Aaron Loup","","1","1","0","4.02","0","16","15.0","14","7","2","15","6","1.34","9.20","3.58","4.47","10343"
"Sam Tuivailala","Mariners","3","3","3","3.92","0","58","59.0","56","26","8","57","24","1.36","8.72","3.70","4.47","13485"
"Pierce Johnson","Padres","2","2","0","4.66","0","34","35.0","32","18","5","36","17","1.40","9.11","4.36","4.47","13435"
"Bobby Wahl","Brewers","1","1","0","4.76","0","14","12.0","11","6","2","15","6","1.36","11.40","4.25","4.47","14832"
"Trent Thornton","Blue Jays","6","7","0","4.70","14","52","112.0","113","59","19","104","35","1.33","8.38","2.85","4.47","17948"
"Philip Pfeifer","Braves","0","0","0","4.45","0","8","7.0","7","3","1","8","3","1.43","10.01","3.61","4.48","sa602699"
"Sam Gaviglio","Blue Jays","3","3","0","4.66","0","56","69.0","72","36","11","61","18","1.30","7.92","2.34","4.48","12778"
"Tyler Mahle","Reds","6","7","0","4.36","16","35","100.0","100","48","17","98","31","1.31","8.88","2.82","4.48","16358"
"Josh Osich","Red Sox","1","1","0","4.95","0","19","20.0","21","11","3","17","8","1.45","7.98","3.46","4.48","11528"
"Jacob Webb","Braves","2","1","0","3.94","0","30","29.0","27","13","4","28","12","1.35","8.73","3.80","4.48","19274"
"Tommy Hunter","","1","0","0","3.67","0","13","14.0","13","6","2","13","4","1.29","8.34","2.78","4.48","1157"
"Tony Cingrani","","1","1","0","4.27","0","30","28.0","26","13","4","30","12","1.35","9.53","3.90","4.48","12555"
"Rich Hill","Twins","5","3","0","4.12","12","15","63.0","58","29","10","69","22","1.26","9.79","3.13","4.49","4806"
"Taylor Guilbeau","Mariners","1","1","0","4.06","0","29","28.0","27","12","4","23","11","1.38","7.36","3.48","4.49","18306"
"Francisco Liriano","","2","1","0","4.42","0","36","39.0","37","19","5","39","18","1.41","9.03","4.21","4.49","3201"
"Masahiro Tanaka","Yankees","12","9","0","4.37","30","30","173.0","178","84","30","154","40","1.26","8.03","2.09","4.49","15764"
"J.P. Feyereisen","Brewers","1","0","0","4.45","0","10","10.0","9","5","2","12","5","1.37","10.43","4.65","4.49","sa829227"
"Ruben Alaniz","Reds","0","0","0","6.63","0","7","9.0","9","7","1","8","3","1.40","8.14","3.28","4.49","10819"
"Dylan Cease","White Sox","8","9","0","4.59","23","23","125.0","118","64","19","133","58","1.41","9.57","4.20","4.49","18525"
"Lucas Sims","Reds","3","3","0","4.39","1","45","59.0","50","29","10","72","26","1.29","11.07","3.98","4.50","13470"
"Dakota Hudson","Cardinals","10","9","0","4.25","28","29","158.0","160","74","17","121","72","1.47","6.89","4.12","4.50","19206"
"Aaron Civale","Indians","8","8","0","4.26","25","25","140.0","146","66","23","112","35","1.29","7.22","2.26","4.50","19479"
"Heath Hembree","Red Sox","2","2","0","4.40","0","48","47.0","44","23","8","52","18","1.34","10.02","3.55","4.50","11632"
"Tony Gonsolin","Dodgers","4","3","0","4.07","7","21","51.0","47","23","8","51","20","1.31","8.83","3.49","4.51","19388"
"Joel Kuhnel","Reds","2","1","0","4.54","0","34","33.0","32","16","5","29","12","1.36","8.07","3.27","4.51","19995"
"Sean Newcomb","Braves","5","5","0","4.09","9","38","82.0","78","37","11","81","37","1.40","8.90","4.09","4.51","16943"
"Genesis Cabrera","Cardinals","1","2","0","4.60","3","18","25.0","24","13","4","25","11","1.40","8.84","3.95","4.51","17490"
"David Phelps","Brewers","3","2","1","4.31","0","53","52.0","50","25","8","53","24","1.42","9.19","4.13","4.51","6316"
"Steve Cishek","White Sox","3","3","2","3.89","0","64","61.0","56","26","9","59","25","1.33","8.64","3.73","4.51","6483"
"Michael Kopech","White Sox","5","5","0","4.50","14","20","85.0","77","42","13","96","40","1.38","10.13","4.26","4.51","17282"
"Xavier Cedeno","","0","0","0","4.58","0","13","11.0","11","5","1","9","4","1.44","7.30","3.65","4.52","36"
"James Norwood","Cubs","0","1","0","4.58","0","15","14.0","12","7","2","15","8","1.50","9.90","5.44","4.52","16440"
"Jacob Barnes","","1","1","0","4.92","0","35","35.0","35","19","4","33","15","1.43","8.53","3.85","4.52","12323"
"Jordan Yamamoto","Marlins","7","10","0","4.49","25","25","136.0","130","68","20","131","57","1.37","8.63","3.74","4.52","17585"
"Joely Rodriguez","Rangers","2","2","1","4.65","0","46","47.0","49","25","5","42","21","1.48","7.93","4.07","4.52","11487"
"Marco Gonzales","Mariners","12","12","0","4.43","32","32","189.0","201","93","29","144","52","1.34","6.88","2.49","4.52","15467"
"Ben Bowden","Rockies","0","0","0","4.54","0","7","7.0","6","3","1","8","3","1.45","10.32","4.50","4.52","sa873701"
"Wandy Peralta","Giants","2","1","0","4.53","0","32","29.0","29","15","3","24","13","1.46","7.29","4.10","4.52","14295"
"Chad Kuhl","Pirates","3","5","0","4.67","11","15","62.0","63","32","9","59","23","1.40","8.64","3.35","4.52","14975"
"Alex Young","Diamondbacks","4","3","0","4.29","6","31","61.0","61","29","9","53","22","1.37","7.83","3.26","4.52","18333"
"JT Brubaker","Pirates","1","1","0","4.68","2","5","16.0","17","8","2","13","5","1.42","7.21","3.01","4.52","sa875176"
"Michael Wacha","Mets","4","5","0","4.43","6","38","77.0","77","38","11","69","30","1.39","8.08","3.53","4.53","14078"
"Luis Avilan","Yankees","1","0","0","5.15","0","24","19.0","19","11","3","20","8","1.38","9.25","3.53","4.53","2882"
"Trevor Megill","Cubs","0","0","0","4.22","0","17","16.0","14","8","3","20","6","1.26","10.79","3.51","4.54","sa828803"
"Fernando Rodney","","1","2","1","4.59","0","31","29.0","28","15","4","31","15","1.45","9.37","4.51","4.54","494"
"Jesse Chavez","Rangers","3","3","1","4.55","0","63","73.0","77","37","12","67","22","1.35","8.23","2.70","4.54","5448"
"Yoan Lopez","Diamondbacks","2","3","1","4.02","0","51","48.0","46","22","7","42","17","1.29","7.81","3.10","4.54","17181"
"Melvin Adon","Giants","0","1","0","4.46","0","6","7.0","8","4","1","7","5","1.74","9.40","5.98","4.54","sa873314"
"Ryan Buchter","","2","1","1","3.44","0","51","34.0","31","13","5","38","15","1.34","9.84","3.87","4.54","9456"
"Tyler Chatwood","Cubs","5","5","0","4.41","12","31","94.0","89","46","10","89","52","1.51","8.50","5.03","4.54","4338"
"Jon Lester","Cubs","12","11","0","4.62","31","31","170.0","183","87","27","155","58","1.42","8.21","3.08","4.55","4930"
"Sam Coonrod","Giants","3","3","1","4.23","0","48","46.0","45","21","6","43","24","1.50","8.37","4.72","4.55","17264"
"Deolis Guerra","Phillies","1","0","0","4.59","0","12","10.0","10","5","2","10","3","1.25","8.77","2.61","4.55","8410"
"Kelvin Herrera","White Sox","2","3","2","4.61","0","50","49.0","49","25","8","49","18","1.37","8.99","3.31","4.57","6033"
"Ryan Weber","Red Sox","2","3","0","4.48","1","29","38.0","42","19","5","26","11","1.42","6.09","2.70","4.57","10160"
"Deivi Garcia","Yankees","0","0","0","4.56","1","4","9.0","8","4","1","8","4","1.44","8.68","4.42","4.57","sa916944"
"Michael Fulmer","Tigers","3","4","0","4.63","9","11","51.0","53","26","8","43","16","1.33","7.59","2.73","4.57","13218"
"James Bourque","Nationals","1","0","0","4.60","0","14","13.0","13","7","1","12","7","1.56","8.35","5.13","4.58","16668"
"Richard Bleier","Orioles","3","3","2","4.36","0","60","63.0","71","31","8","36","15","1.35","5.13","2.09","4.58","7803"
"Sergio Romo","Twins","2","2","7","4.43","0","61","58.0","57","29","10","57","19","1.30","8.89","2.88","4.58","9817"
"Wade Miley","Reds","9","9","0","4.35","25","26","136.0","141","66","18","114","55","1.44","7.56","3.62","4.58","8779"
"Eric Lauer","Brewers","9","9","0","4.65","26","26","140.0","144","72","23","129","50","1.39","8.31","3.22","4.58","19316"
"Sam Howard","Pirates","1","0","0","5.33","0","11","11.0","11","7","2","12","6","1.54","9.40","4.82","4.59","16265"
"Jose Quijada","Angels","0","1","0","4.25","0","18","17.0","15","8","3","21","9","1.39","10.75","4.76","4.59","19200"
"J.A. Happ","Yankees","9","8","0","4.58","22","31","133.0","132","68","24","126","42","1.31","8.50","2.82","4.59","7410"
"Dylan Bundy","Angels","10","10","0","4.54","29","30","165.0","159","83","29","168","54","1.29","9.17","2.93","4.59","12917"
"T.J. McFarland","Athletics","2","2","0","4.48","0","38","41.0","46","21","5","25","15","1.47","5.51","3.20","4.60","3237"
"Dan Winkler","Cubs","1","1","0","4.62","0","21","20.0","19","10","3","21","10","1.44","9.37","4.32","4.60","12237"
"David McKay","Tigers","1","1","0","4.95","0","33","35.0","32","19","5","40","20","1.47","10.36","5.17","4.60","19814"
"Fernando Romero","Twins","1","2","0","4.74","0","26","27.0","27","14","4","25","13","1.47","8.35","4.25","4.60","15885"
"Brian Flynn","Rangers","1","1","0","5.06","0","6","12.0","15","7","1","8","5","1.73","6.32","4.00","4.61","12027"
"Caleb Smith","Marlins","10","12","0","4.53","29","29","162.0","148","81","29","172","62","1.30","9.57","3.47","4.61","14875"
"Yefry Ramirez","","0","0","0","5.73","0","7","13.0","13","8","2","14","8","1.57","9.52","5.31","4.61","15655"
"Tyler Alexander","Tigers","2","5","0","4.82","6","34","66.0","74","35","12","55","14","1.34","7.54","1.88","4.61","17735"
"Jandel Gustave","Giants","2","2","1","4.21","0","50","49.0","50","23","6","39","22","1.47","7.14","4.09","4.62","14665"
"Kyle Keller","Angels","1","1","0","4.56","0","18","19.0","17","10","3","20","8","1.35","9.68","4.00","4.62","18890"
"Williams Jerez","Pirates","0","0","0","4.79","0","7","6.0","7","3","1","6","3","1.56","8.58","4.76","4.62","14338"
"Jacob Rhame","Mets","0","0","0","5.35","0","6","7.0","6","4","1","6","2","1.30","8.52","2.93","4.62","15267"
"Jose Urena","Marlins","4","6","6","4.32","7","52","87.0","89","42","12","72","27","1.34","7.48","2.82","4.62","11589"
"Vince Velasquez","Phillies","7","8","0","4.65","19","40","119.0","114","61","22","129","45","1.34","9.74","3.41","4.62","11189"
"Dovydas Neverauskas","Pirates","1","1","0","4.65","0","22","22.0","22","11","3","23","10","1.45","9.61","4.23","4.63","11604"
"Dereck Rodriguez","Giants","3","4","0","4.35","3","51","67.0","68","32","10","55","22","1.34","7.32","3.00","4.63","14509"
"James Hoyt","Indians","1","1","0","4.14","0","28","26.0","25","12","4","27","11","1.37","9.51","3.80","4.63","14605"
"Sandy Alcantara","Marlins","8","12","0","4.38","30","30","175.0","174","85","24","144","72","1.40","7.36","3.69","4.63","18684"
"Locke St. John","Rangers","0","1","0","4.47","0","9","10.0","10","5","1","9","5","1.47","8.02","4.63","4.63","16850"
"Mike Leake","Diamondbacks","8","11","0","4.59","25","33","148.0","169","75","24","98","27","1.32","6.00","1.62","4.63","10130"
"Edubray Ramos","","0","0","1","4.31","0","12","10.0","10","5","2","9","4","1.35","8.23","3.37","4.63","16086"
"Jakob Junis","Royals","10","12","0","4.73","30","30","174.0","178","91","29","155","50","1.31","8.03","2.57","4.64","13619"
"Daniel Ponce de Leon","Cardinals","3","3","0","4.28","8","15","57.0","51","27","8","56","28","1.39","8.75","4.45","4.64","16110"
"Nick Ramirez","Tigers","2","2","0","4.65","0","32","36.0","36","19","5","31","17","1.46","7.61","4.11","4.65","12575"
"Aaron Sanchez","","2","2","0","4.95","5","16","35.0","35","19","5","30","16","1.48","7.86","4.13","4.65","11490"
"Elieser Hernandez","Marlins","5","8","0","4.58","18","38","110.0","105","56","20","108","37","1.29","8.82","3.02","4.65","16933"
"Anthony Swarzak","Phillies","2","2","1","4.67","0","40","39.0","38","20","7","40","14","1.35","9.15","3.31","4.65","7466"
"Elvis Luciano","Blue Jays","1","1","0","4.84","0","23","29.0","30","16","4","24","13","1.46","7.25","4.08","4.65","20632"
"Kyle McGowin","Nationals","1","1","0","4.95","3","10","23.0","23","12","4","21","8","1.35","8.54","3.03","4.65","15071"
"Jimmy Cordero","White Sox","3","2","0","4.17","0","37","38.0","37","18","5","33","18","1.46","7.90","4.26","4.65","15690"
"Matt Wisler","Twins","2","2","0","4.71","0","37","41.0","42","22","8","41","11","1.29","8.89","2.45","4.66","12804"
"Pedro Avila","","0","0","0","4.36","1","1","7.0","8","3","1","6","4","1.72","8.15","4.91","4.66","18864"
"Sean Manaea","Athletics","12","8","0","4.13","28","28","159.0","157","73","23","137","43","1.26","7.73","2.43","4.66","15873"
"Mike Foltynewicz","Braves","11","10","0","4.36","30","30","169.0","166","82","27","160","59","1.33","8.50","3.12","4.66","10811"
"Jake Arrieta","Phillies","9","10","0","4.55","27","27","154.0","160","78","22","128","55","1.39","7.51","3.19","4.67","4153"
"Matt Moore","","2","6","0","5.31","10","17","51.0","52","30","7","46","17","1.34","8.02","2.91","4.67","1890"
"Joel Payamps","Diamondbacks","0","0","0","4.57","0","14","16.0","16","8","3","14","5","1.32","7.71","2.79","4.67","14332"
"Martin Perez","Red Sox","8","9","0","4.65","28","28","151.0","166","78","21","120","55","1.46","7.14","3.29","4.68","6902"
"Mike Mayers","Angels","1","1","0","4.79","0","21","22.0","22","12","4","21","8","1.36","8.38","3.35","4.68","15451"
"Jared Hughes","","4","3","0","3.86","0","56","57.0","49","25","7","44","22","1.23","6.97","3.39","4.68","9325"
"Erik Swanson","Mariners","3","5","0","4.79","7","46","79.0","77","42","15","74","22","1.26","8.53","2.52","4.68","16587"
"Luis Cessa","Yankees","2","2","0","4.68","0","38","47.0","47","24","8","44","16","1.34","8.45","3.11","4.68","13345"
"Alec Mills","Cubs","5","4","0","4.56","10","36","87.0","92","44","15","78","30","1.40","8.05","3.09","4.68","13834"
"Austin Pruitt","Astros","3","3","0","4.66","5","23","56.0","60","29","9","45","15","1.33","7.20","2.37","4.68","15290"
"Jorge Lopez","Royals","5","7","0","4.87","14","46","111.0","118","60","17","93","41","1.42","7.50","3.28","4.68","14527"
"Bryan Shaw","Rockies","3","2","0","5.04","0","55","54.0","58","30","8","47","23","1.50","7.87","3.84","4.68","8110"
"Jonathan Holder","Yankees","1","1","0","4.86","0","27","29.0","28","15","5","29","9","1.29","9.20","2.74","4.68","16588"
"Taylor Guerrieri","Rangers","0","1","0","4.85","0","23","28.0","29","15","4","25","12","1.47","8.03","4.00","4.69","13616"
"Derek Holland","Pirates","2","2","0","4.57","3","25","34.0","35","17","6","35","13","1.39","9.10","3.36","4.69","4141"
"Zach Duke","","2","2","0","4.53","0","30","28.0","28","14","3","24","14","1.49","7.63","4.38","4.69","3840"
"Tony Sipp","","1","1","0","4.53","0","26","23.0","22","12","4","23","10","1.37","8.80","3.84","4.69","8280"
"Joe Biagini","Astros","2","1","0","4.78","0","36","37.0","39","20","6","32","14","1.44","7.77","3.43","4.69","13194"
"Daniel Gossett","Athletics","1","0","0","4.75","1","2","8.0","8","4","1","7","3","1.42","7.15","3.60","4.70","16164"
"Daniel Norris","Tigers","5","10","0","4.80","26","27","137.0","145","73","23","123","47","1.40","8.08","3.06","4.70","13475"
"Alex Reyes","Cardinals","2","3","1","4.76","2","37","49.0","42","26","7","51","29","1.46","9.39","5.41","4.70","15015"
"Jorge Alcala","Twins","0","0","0","5.14","0","10","9.0","9","5","2","9","4","1.41","8.44","3.77","4.70","19459"
"Trevor Hildenberger","","1","0","0","4.79","0","18","19.0","21","10","3","16","6","1.39","7.55","2.62","4.70","17002"
"Joe Ross","Nationals","5","6","0","4.72","17","18","95.0","103","50","15","79","33","1.43","7.44","3.15","4.71","12972"
"Eduardo Jimenez","","0","0","0","4.80","0","7","9.0","8","5","1","7","3","1.31","7.06","3.30","4.71","19642"
"Justus Sheffield","Mariners","7","9","0","4.53","25","26","136.0","136","69","20","123","62","1.45","8.08","4.10","4.71","17285"
"Scott Moss","Indians","0","0","0","5.21","0","6","6.0","6","4","1","6","2","1.40","9.38","3.61","4.72","sa738902"
"Garrett Cleavinger","Phillies","0","0","0","3.80","0","7","7.0","6","3","1","8","4","1.42","10.57","5.40","4.72","sa827423"
"Steven Brault","Pirates","6","8","0","4.70","19","31","122.0","125","64","16","106","59","1.50","7.82","4.35","4.72","15291"
"Brady Singer","Royals","1","0","0","4.80","2","2","10.0","11","5","1","7","3","1.44","6.50","3.02","4.72","sa3008613"
"Luke Bard","Angels","2","2","0","4.75","0","29","32.0","33","17","5","32","13","1.44","8.85","3.74","4.72","14288"
"Shawn Armstrong","Orioles","2","2","3","4.73","0","54","56.0","54","30","9","59","26","1.42","9.38","4.11","4.72","12857"
"Tyler Clippard","Twins","2","3","2","4.54","0","55","55.0","50","28","11","58","19","1.27","9.57","3.12","4.72","5640"
"Jeff Samardzija","Giants","8","13","0","4.49","31","31","175.0","180","88","28","141","51","1.32","7.24","2.64","4.73","3254"
"Cionel Perez","Astros","1","1","0","5.15","0","13","18.0","17","10","3","16","8","1.40","8.27","3.91","4.73","19614"
"Anibal Sanchez","Nationals","9","9","0","4.45","28","28","157.0","161","78","26","138","53","1.37","7.90","3.07","4.73","3284"
"Ronald Bolanos","Padres","1","2","0","4.98","4","6","23.0","23","13","3","21","11","1.47","8.27","4.27","4.73","20041"
"Walker Lockett","Mets","1","1","0","5.06","1","11","18.0","20","10","3","13","4","1.36","6.74","2.23","4.73","13804"
"Edgar Garcia","","2","1","0","5.08","0","31","32.0","30","18","7","37","12","1.29","10.27","3.35","4.73","sa282907"
"Kolby Allard","Rangers","3","3","0","4.89","9","13","52.0","56","28","8","41","20","1.47","7.09","3.49","4.73","18694"
"David Hernandez","","0","0","0","3.98","0","16","16.0","15","7","3","16","6","1.38","9.50","3.50","4.74","4259"
"Danny Duffy","Royals","8","10","0","4.66","27","27","152.0","154","79","25","134","55","1.37","7.92","3.27","4.74","3542"
"Cody Anderson","","1","1","0","4.96","2","3","16.0","16","9","3","14","6","1.40","7.86","3.47","4.74","12799"
"Sean Poppen","Twins","0","0","0","5.47","1","2","7.0","7","4","1","6","3","1.58","8.31","4.61","4.75","19583"
"Jarlin Garcia","Giants","2","3","0","4.31","0","41","43.0","42","21","6","34","16","1.34","7.19","3.35","4.75","18282"
"Matt Carasiti","","0","0","0","4.50","0","9","8.0","9","4","1","7","4","1.51","8.30","4.06","4.75","13276"
"Jordan Romano","Blue Jays","2","2","0","5.27","0","39","40.0","39","23","8","43","15","1.36","9.77","3.46","4.75","16122"
"Parker Markel","Angels","1","1","0","4.41","0","14","15.0","12","7","2","17","9","1.45","10.77","5.63","4.76","12106"
"Carlos Rodon","White Sox","2","3","0","4.56","7","10","41.0","39","21","6","40","18","1.39","8.73","3.96","4.76","16137"
"Jake Jewell","","0","1","0","5.84","0","9","12.0","13","8","2","10","5","1.44","7.45","3.60","4.77","16958"
"Dillon Tate","Orioles","1","2","0","4.97","0","30","35.0","37","20","6","27","12","1.40","6.94","3.17","4.77","17796"
"Trevor Williams","Pirates","8","11","0","4.78","29","29","161.0","174","85","25","127","50","1.39","7.14","2.82","4.78","16977"
"Paul Blackburn","Athletics","2","1","0","4.81","1","22","30.0","33","16","4","20","8","1.37","6.06","2.44","4.78","14739"
"Carl Edwards Jr.","Mariners","3","2","1","4.48","0","43","42.0","36","21","6","46","21","1.36","9.87","4.58","4.78","13607"
"Matthew Festa","","0","0","0","5.08","0","11","11.0","11","6","2","11","5","1.38","8.42","3.62","4.78","19330"
"Josh D. Smith","Reds","1","0","0","3.89","0","17","17.0","14","7","3","19","8","1.30","10.13","4.44","4.78","13629"
"Devin Smeltzer","Twins","3","3","0","4.59","5","22","52.0","54","26","9","42","14","1.31","7.32","2.44","4.79","19487"
"Erick Fedde","Nationals","2","2","0","4.88","5","17","43.0","47","23","6","31","17","1.49","6.50","3.51","4.79","17425"
"Zach Eflin","Phillies","9","10","0","4.61","26","27","149.0","159","76","26","122","43","1.36","7.41","2.58","4.80","13774"
"Derek Law","Rangers","1","2","1","4.69","0","37","39.0","39","20","6","39","21","1.53","8.87","4.76","4.80","13133"
"Cy Sneed","Astros","1","1","0","4.81","0","17","24.0","24","13","4","21","8","1.32","7.89","2.84","4.81","16106"
"Arodys Vizcaino","","3","2","1","3.81","0","46","45.0","41","19","7","51","19","1.34","10.21","3.79","4.81","5498"
"Jacob Waguespack","Blue Jays","3","4","0","4.73","4","35","61.0","62","32","10","51","24","1.42","7.59","3.58","4.81","18318"
"Matt Albers","","3","2","0","4.90","0","35","34.0","34","18","5","31","14","1.44","8.26","3.71","4.81","4300"
"Chad Bettis","","2","3","0","5.01","5","31","55.0","62","31","8","39","18","1.45","6.36","2.96","4.81","10587"
"Bernardo Flores","White Sox","0","0","0","4.99","1","3","8.0","9","5","1","6","2","1.42","6.60","2.72","4.82","sa874080"
"Ryan Borucki","Blue Jays","4","6","0","4.87","14","18","81.0","86","44","12","62","31","1.45","6.98","3.47","4.82","16350"
"Johnny Cueto","Giants","8","10","0","4.26","25","26","142.0","144","67","20","120","48","1.35","7.56","3.06","4.83","6893"
"Zach Plesac","Indians","8","8","0","4.50","23","23","129.0","130","64","22","106","42","1.34","7.40","2.96","4.83","19979"
"Homer Bailey","Twins","8","8","0","4.84","24","24","127.0","135","68","21","107","43","1.41","7.60","3.07","4.84","8362"
"Pat Venditte","Marlins","1","0","0","5.34","0","14","15.0","12","9","2","12","6","1.25","7.10","3.70","4.85","7108"
"Dominic Leone","Indians","1","1","0","4.79","0","17","16.0","15","8","3","17","6","1.34","10.05","3.68","4.85","13763"
"Robert Dugger","Marlins","2","4","0","4.85","7","20","62.0","65","34","10","50","23","1.40","7.26","3.25","4.85","19191"
"Matt Bowman","Reds","1","1","0","4.36","0","22","23.0","23","11","3","20","11","1.47","7.86","4.18","4.85","13528"
"Demarcus Evans","Rangers","1","1","0","4.81","0","17","18.0","15","9","3","22","12","1.53","11.08","6.15","4.85","sa875783"
"Bryan Garcia","Tigers","2","2","0","5.30","0","45","45.0","45","27","7","42","20","1.44","8.39","4.04","4.86","19457"
"Cody Allen","","1","2","0","5.02","0","28","27.0","26","15","5","31","13","1.42","10.07","4.18","4.86","12183"
"Jose Rodriguez","White Sox","1","1","0","4.64","0","7","15.0","17","8","2","12","6","1.53","7.34","3.66","4.86","sa3005788"
"Josh Staumont","Royals","1","2","0","4.57","2","28","32.0","28","16","4","33","22","1.55","9.36","6.06","4.86","18335"
"Huascar Ynoa","Braves","0","1","0","5.66","0","10","14.0","16","9","2","13","6","1.66","8.74","4.11","4.86","20468"
"Blaine Hardy","Twins","1","0","0","5.03","0","22","23.0","23","13","4","18","8","1.35","7.19","3.16","4.86","6499"
"Enderson Franco","Giants","0","0","0","4.18","0","10","10.0","10","5","2","9","4","1.43","7.89","3.25","4.86","11896"
"Adbert Alzolay","Cubs","2","3","0","4.91","7","15","44.0","43","24","8","44","20","1.44","9.06","4.15","4.86","17859"
"Yusei Kikuchi","Mariners","8","11","0","4.71","30","30","163.0","173","85","28","128","52","1.38","7.06","2.85","4.87","20633"
"Shawn Kelley","","3","2","3","4.82","0","45","43.0","44","23","9","42","13","1.30","8.80","2.67","4.87","7773"
"Justin Dunn","Mariners","4","6","0","4.66","17","20","86.0","85","45","14","80","38","1.44","8.37","4.00","4.87","19268"
"Aaron Brooks","","2","3","0","5.02","4","9","28.0","32","16","4","19","9","1.46","5.99","2.77","4.87","12272"
"Sean Reid-Foley","Blue Jays","2","2","0","4.77","1","32","39.0","37","21","6","41","21","1.46","9.39","4.76","4.87","17034"
"Reynaldo Lopez","White Sox","10","11","0","4.64","31","31","172.0","169","89","32","157","60","1.33","8.23","3.16","4.87","16400"
"Gio Gonzalez","White Sox","8","9","0","4.76","26","26","140.0","143","74","21","120","59","1.45","7.73","3.82","4.87","7448"
"Tanner Roark","Blue Jays","8","11","0","4.95","29","29","163.0","174","89","29","141","51","1.38","7.80","2.82","4.88","8753"
"James Kaprielian","Athletics","0","0","0","4.81","1","16","19.0","19","10","3","18","7","1.36","8.51","3.43","4.88","sa658943"
"Adam Conley","Marlins","2","4","1","4.68","0","48","50.0","51","26","7","45","20","1.43","8.16","3.67","4.88","14457"
"Wade Davis","Rockies","2","3","5","5.23","0","52","52.0","51","30","8","53","27","1.50","9.27","4.63","4.88","7441"
"Gregory Soto","Tigers","1","4","0","4.95","1","45","55.0","56","30","8","48","28","1.52","7.86","4.59","4.88","19677"
"Jordan Montgomery","Yankees","4","4","0","4.49","9","27","71.0","70","35","12","68","25","1.33","8.66","3.12","4.88","16511"
"Zach Davies","Padres","8","9","0","4.54","26","27","143.0","157","72","21","99","47","1.42","6.22","2.95","4.89","13183"
"Phillip Diehl","Rockies","0","0","0","5.26","0","13","12.0","13","7","2","12","5","1.43","8.65","3.51","4.89","20030"
"Bo Takahashi","Diamondbacks","0","0","0","5.05","0","15","14.0","14","8","3","14","5","1.38","8.62","3.48","4.89","sa830370"
"Randy Rosario","Royals","1","1","0","4.67","0","23","23.0","25","12","3","17","9","1.53","6.62","3.70","4.89","14508"
"Jacob Nix","Padres","1","1","0","5.34","2","4","12.0","13","7","2","8","3","1.40","6.01","2.56","4.90","17775"
"Trevor Rosenthal","","1","1","0","4.76","0","12","12.0","10","6","2","14","8","1.52","10.29","5.93","4.90","10745"
"Miguel Castro","Orioles","2","4","1","4.60","0","64","70.0","66","36","10","62","37","1.48","7.94","4.76","4.91","15684"
"Anthony Misiewicz","Mariners","0","1","0","5.01","1","1","6.0","7","4","1","5","2","1.42","7.15","2.76","4.91","sa874099"
"Thomas Pannone","Blue Jays","2","3","0","4.83","0","43","52.0","50","28","10","49","18","1.31","8.51","3.14","4.91","17281"
"Andrew Cashner","","4","5","0","4.68","8","43","81.0","84","42","12","62","31","1.42","6.82","3.43","4.91","8782"
"Nick Neidert","Marlins","1","2","0","4.86","3","3","20.0","21","11","3","17","7","1.40","7.52","3.18","4.91","sa874797"
"Brett Cecil","Cardinals","1","1","0","5.12","0","28","25.0","26","14","4","21","11","1.48","7.36","3.97","4.91","2660"
"Ariel Jurado","Rangers","2","4","0","5.10","5","15","39.0","47","22","6","25","11","1.49","5.72","2.63","4.92","17030"
"Dillon Peters","Angels","2","3","0","4.85","5","17","36.0","39","19","6","28","13","1.45","6.89","3.17","4.92","18790"
"Daniel Mengden","Athletics","4","4","0","4.92","7","32","71.0","75","39","12","51","23","1.37","6.48","2.87","4.92","16980"
"Kendall Graveman","Mariners","5","7","0","4.93","19","19","102.0","119","56","16","74","33","1.49","6.56","2.92","4.92","15514"
"Cory Gearrin","","1","1","0","4.50","0","36","34.0","34","17","5","31","15","1.43","8.16","3.89","4.92","7947"
"Paul Sewald","Mets","1","1","0","4.88","0","22","24.0","24","13","4","23","8","1.34","8.80","3.00","4.94","13892"
"Rogelio Armenteros","Astros","4","4","0","4.93","8","20","61.0","61","33","11","55","23","1.39","8.24","3.45","4.94","17679"
"Clay Buchholz","","3","4","0","4.98","11","13","58.0","64","32","10","43","18","1.40","6.63","2.73","4.94","3543"
"Yohan Ramirez","Mariners","0","1","0","4.53","0","15","16.0","14","8","2","18","11","1.52","9.85","5.88","4.94","sa922200"
"Greg Holland","","2","2","0","4.95","0","33","32.0","31","18","5","31","19","1.55","8.75","5.27","4.95","7196"
"Zack Godley","Tigers","1","3","0","4.58","1","24","32.0","32","16","5","28","14","1.42","7.93","3.83","4.95","14862"
"Ryan Tepera","Cubs","3","3","0","4.51","0","54","52.0","50","26","8","49","22","1.37","8.45","3.73","4.95","10291"
"Dylan Covey","Rays","2","4","0","5.44","4","17","41.0","44","25","6","30","17","1.52","6.69","3.82","4.95","14825"
"Yacksel Rios","Pirates","1","1","0","5.18","0","29","29.0","30","17","5","27","15","1.56","8.35","4.53","4.96","15007"
"Wei-Chung Wang","","1","0","0","4.58","0","13","13.0","15","7","2","8","4","1.53","5.88","3.03","4.97","14382"
"Matt Shoemaker","Blue Jays","8","9","0","4.52","24","24","132.0","133","66","23","119","43","1.33","8.12","2.91","4.97","4776"
"Nestor Cortes","Mariners","1","1","0","4.61","0","22","27.0","26","14","5","27","10","1.33","8.72","3.35","4.97","17874"
"Zac Houston","Tigers","1","0","0","5.46","0","14","15.0","15","9","2","15","9","1.56","8.63","5.03","4.97","sa874155"
"Travis Bergen","Blue Jays","0","0","0","4.79","0","10","8.0","8","4","1","6","4","1.48","7.37","4.66","4.97","18581"
"Brock Burke","Rangers","1","2","0","5.29","5","6","27.0","28","16","4","21","10","1.43","7.16","3.51","4.97","17968"
"Jose Suarez","Angels","2","3","0","5.18","7","13","44.0","45","25","8","40","18","1.44","8.29","3.72","4.98","19911"
"Cole Irvin","Phillies","2","3","0","4.84","3","15","37.0","40","20","7","27","9","1.33","6.63","2.23","4.98","19244"
"Kyle Freeland","Rockies","8","10","0","4.91","28","28","151.0","167","82","24","121","57","1.48","7.20","3.36","4.98","16256"
"Brandon Bielak","Astros","1","1","0","5.00","2","2","10.0","10","6","2","9","4","1.48","8.15","3.90","4.98","sa915815"
"Jordan Lyles","Rangers","7","9","0","4.88","23","25","125.0","130","68","22","114","50","1.43","8.17","3.56","4.99","7593"
"Mike Montgomery","Royals","6","9","0","4.75","24","26","129.0","142","68","18","94","50","1.49","6.54","3.47","4.99","4869"
"Aaron Barrett","Nationals","1","1","0","4.93","0","22","20.0","21","11","3","18","9","1.45","7.85","3.88","4.99","11243"
"Adalberto Mejia","White Sox","0","1","0","4.62","0","6","11.0","10","5","1","10","5","1.44","8.28","4.11","5.00","13188"
"Phillips Valdez","Mariners","0","0","0","4.44","0","9","14.0","15","7","2","12","6","1.59","7.83","4.24","5.00","15605"
"Kyle Barraclough","","1","1","1","4.39","0","28","25.0","21","12","3","27","18","1.52","9.48","6.23","5.01","13713"
"Anthony Banda","Rays","2","2","0","4.53","1","24","30.0","29","15","5","27","12","1.36","8.17","3.63","5.02","14706"
"Austin Brice","Red Sox","1","0","0","4.44","0","16","17.0","17","8","3","15","6","1.35","8.12","3.15","5.03","17237"
"Dario Agrazal","Tigers","1","1","0","5.16","1","18","28.0","33","16","6","19","6","1.38","6.15","1.91","5.03","15821"
"A.J. Cole","Blue Jays","1","1","0","5.24","0","16","20.0","20","12","4","22","8","1.38","9.67","3.39","5.03","11467"
"Cristian Javier","Astros","2","2","0","4.78","4","6","24.0","21","13","4","28","13","1.40","10.34","4.87","5.03","sa874816"
"Victor Alcantara","","1","0","0","4.93","0","14","14.0","15","8","2","10","5","1.47","6.20","3.48","5.04","15028"
"Joe Barlow","Rangers","0","0","0","5.29","0","11","11.0","9","6","1","13","9","1.66","10.74","7.43","5.04","sa919113"
"Zac Rosscup","","0","1","0","4.68","0","19","13.0","13","7","1","15","13","1.99","10.51","8.94","5.05","9419"
"Taylor Clarke","Diamondbacks","2","2","0","5.01","3","18","35.0","36","20","7","29","12","1.37","7.44","3.12","5.05","17611"
"Ashton Goudeau","Rockies","0","0","0","5.48","1","1","8.0","9","5","1","6","3","1.54","7.50","3.46","5.05","sa658634"
"Travis Lakins","Orioles","0","0","0","5.11","0","14","16.0","17","9","2","13","8","1.52","7.14","4.32","5.06","18600"
"Joseph Palumbo","Rangers","1","2","0","5.69","4","9","22.0","21","14","5","25","10","1.41","10.49","4.04","5.06","17035"
"Tayler Scott","","1","0","0","7.71","0","12","17.0","19","14","3","16","8","1.62","8.54","4.54","5.06","13652"
"Wily Peralta","","1","2","0","5.02","0","33","33.0","35","18","5","28","16","1.55","7.52","4.43","5.06","7738"
"Clayton Richard","","3","4","0","4.81","11","11","60.0","67","32","8","39","22","1.48","5.92","3.32","5.06","3551"
"Logan Allen","Indians","5","5","0","4.91","11","22","80.0","83","44","14","66","34","1.45","7.44","3.78","5.06","18555"
"Hunter Strickland","Nationals","2","2","0","4.77","0","37","36.0","36","19","6","32","14","1.41","7.94","3.54","5.06","7836"
"Wei-Yin Chen","","3","5","1","4.94","9","26","72.0","79","39","14","60","23","1.42","7.58","2.86","5.06","13071"
"AJ Ramos","","1","1","0","5.03","0","13","13.0","12","7","2","13","7","1.49","8.95","4.71","5.07","8350"
"Jake McGee","Rockies","2","2","0","5.28","0","52","50.0","54","29","10","44","17","1.41","7.93","3.04","5.07","7550"
"Jeanmar Gomez","","1","1","0","4.77","0","21","21.0","22","11","3","16","7","1.43","7.11","3.23","5.07","9033"
"Wes Parsons","","0","1","0","4.70","0","13","20.0","21","10","3","14","9","1.53","6.54","3.92","5.08","14764"
"Tyson Ross","","3","4","0","4.78","8","10","46.0","47","24","6","35","21","1.50","6.98","4.13","5.08","7872"
"Trevor Kelley","","0","1","0","5.51","0","11","9.0","10","6","2","7","3","1.40","6.81","3.29","5.08","18454"
"Ivan Nova","Tigers","6","10","0","5.14","23","32","126.0","148","72","23","81","30","1.42","5.80","2.17","5.08","1994"
"Patrick Weigel","Braves","0","0","0","3.83","0","5","6.0","5","2","1","5","3","1.42","8.07","4.14","5.08","sa829466"
"Felix Hernandez","","2","3","0","5.15","9","11","45.0","49","26","8","37","17","1.46","7.34","3.31","5.08","4772"
"Antonio Senzatela","Rockies","8","10","0","5.32","26","26","139.0","163","82","21","94","54","1.56","6.05","3.49","5.09","15488"
"Javy Guerra","","0","0","0","5.30","0","13","14.0","14","8","3","11","5","1.37","7.30","3.15","5.09","7407"
"Chi Chi Gonzalez","Rockies","3","4","0","5.31","9","24","66.0","74","39","11","52","29","1.56","7.06","4.00","5.09","14663"
"Sal Romano","Reds","1","1","0","4.42","0","21","22.0","22","11","3","20","9","1.43","8.22","3.59","5.09","13690"
"Alex Cobb","Orioles","6","11","0","5.12","25","25","139.0","158","79","25","97","39","1.42","6.28","2.55","5.09","6562"
"Anthony Kay","Blue Jays","2","3","0","5.02","5","11","42.0","42","23","7","37","19","1.46","7.91","4.16","5.09","20387"
"Brian Duensing","","0","0","0","4.98","0","6","6.0","6","3","1","4","3","1.50","6.74","4.07","5.09","4064"
"Taijuan Walker","","4","3","0","4.59","12","23","65.0","68","33","11","58","22","1.38","8.08","3.04","5.09","11836"
"Jerad Eickhoff","","1","1","0","4.08","2","27","34.0","34","16","6","31","10","1.28","8.28","2.59","5.09","12664"
"Addison Reed","","1","1","0","5.04","0","14","14.0","15","8","3","12","4","1.36","7.49","2.68","5.10","10586"
"Kyle Bird","Rangers","1","1","0","4.84","0","15","15.0","16","8","3","13","8","1.54","7.81","4.47","5.10","16618"
"Michael Rucker","Orioles","1","2","0","5.02","0","26","29.0","30","16","6","27","11","1.39","8.19","3.29","5.10","sa919117"
"John Means","Orioles","9","12","0","4.77","29","30","166.0","178","88","34","129","43","1.33","6.99","2.33","5.10","16269"
"Brad Boxberger","","2","2","1","4.91","0","32","31.0","32","17","5","32","17","1.56","9.12","4.98","5.10","10133"
"Jake Faria","Brewers","0","0","0","4.39","0","13","17.0","16","8","3","18","7","1.41","9.66","3.83","5.11","13699"
"Gabe Speier","Royals","0","0","0","5.39","0","7","7.0","7","4","1","6","3","1.43","8.74","3.83","5.12","17170"
"Jaime Barria","Angels","3","3","0","4.80","6","21","47.0","49","25","10","41","15","1.35","7.85","2.81","5.12","18356"
"Jordan Holloway","Marlins","0","0","0","5.36","0","5","5.0","5","3","1","5","4","1.70","8.01","6.30","5.12","sa829245"
"Jesse Hahn","Royals","2","3","0","5.06","4","21","44.0","46","25","7","38","19","1.46","7.68","3.82","5.13","13287"
"Justin Shafer","Reds","1","0","0","4.81","0","19","21.0","21","11","4","20","10","1.47","8.56","4.22","5.13","16132"
"Tyler Bashlor","Mets","1","1","0","5.11","0","13","14.0","13","8","2","13","6","1.41","8.53","4.32","5.13","15203"
"Michael Shawaryn","Red Sox","0","0","0","5.83","0","16","19.0","19","12","3","19","9","1.50","8.93","4.39","5.13","19495"
"Edinson Volquez","Rangers","0","0","0","5.02","0","12","13.0","13","7","2","11","5","1.45","7.79","3.90","5.14","3990"
"Jose Ruiz","White Sox","1","1","0","4.94","0","17","16.0","16","9","3","15","8","1.49","8.51","4.40","5.15","14552"
"Mike Morin","Brewers","0","1","0","5.07","0","17","17.0","19","10","3","12","5","1.37","6.51","2.59","5.15","13442"
"Bobby Poyner","","1","1","0","5.36","0","17","16.0","16","10","3","16","8","1.49","8.96","4.38","5.16","17987"
"Gabriel Ynoa","","1","2","0","5.29","6","7","32.0","39","19","6","19","8","1.49","5.43","2.39","5.17","12938"
"Julio Teheran","Angels","9","10","0","4.72","27","27","151.0","147","79","27","136","67","1.41","8.12","3.98","5.17","6797"
"Jordan Zimmermann","Tigers","5","10","0","5.34","22","22","119.0","138","70","23","86","29","1.41","6.56","2.19","5.17","4505"
"Luke Farrell","Rangers","1","3","0","5.12","0","32","38.0","37","22","7","37","19","1.48","8.80","4.52","5.17","15101"
"Dean Kremer","Orioles","5","5","0","5.29","13","18","74.0","78","43","14","65","29","1.46","7.86","3.59","5.18","sa876350"
"T.J. Zeuch","Blue Jays","1","2","0","5.20","4","7","27.0","31","16","4","17","11","1.55","5.77","3.68","5.18","19269"
"Tyler Kinley","Rockies","1","1","0","5.17","0","24","24.0","24","14","4","24","14","1.58","8.84","5.27","5.18","18297"
"Mike Fiers","Athletics","11","9","0","4.63","30","30","169.0","177","87","31","129","50","1.35","6.85","2.68","5.18","7754"
"Jefry Rodriguez","Indians","2","3","0","5.29","4","13","36.0","37","21","5","27","18","1.53","6.91","4.50","5.18","17018"
"Tanner Houck","Red Sox","2","1","0","5.27","4","5","22.0","22","13","3","18","11","1.53","7.45","4.48","5.18","sa829037"
"Colin Rea","Cubs","1","1","0","5.02","1","8","15.0","16","8","3","13","7","1.50","7.87","4.05","5.19","12317"
"Peter Lambert","Rockies","4","7","0","5.71","17","21","90.0","106","57","16","60","29","1.51","6.02","2.96","5.22","17969"
"Nick Goody","Rangers","1","2","0","4.69","0","33","33.0","30","17","6","38","16","1.40","10.34","4.40","5.22","13685"
"Jake Newberry","Royals","2","2","0","4.95","0","34","36.0","37","20","6","32","18","1.54","8.06","4.58","5.23","15136"
"Nick Margevicius","Mariners","3","5","0","5.27","11","14","58.0","66","34","12","42","16","1.42","6.44","2.55","5.23","20395"
"Thomas Hatch","Blue Jays","0","1","0","4.65","0","11","12.0","12","6","2","10","4","1.41","7.67","3.34","5.23","sa738514"
"Carson Fulmer","White Sox","1","1","0","5.47","0","21","25.0","24","15","4","25","15","1.58","9.25","5.44","5.24","18311"
"Kyle Zimmer","Royals","1","2","0","5.86","0","32","35.0","35","23","5","31","21","1.62","8.08","5.58","5.24","14169"
"J. D. Hammer","Phillies","1","1","0","4.98","0","11","12.0","12","7","2","11","6","1.55","8.26","4.69","5.24","19548"
"Chase Anderson","Blue Jays","7","9","0","4.74","26","26","138.0","138","73","27","119","49","1.35","7.71","3.17","5.24","6895"
"Rony Garcia","Tigers","1","2","0","5.23","0","35","38.0","39","22","7","33","14","1.42","7.84","3.41","5.25","sa918036"
"Enyel De Los Santos","Phillies","1","1","0","5.16","4","5","22.0","22","13","4","19","9","1.41","7.63","3.57","5.25","18403"
"Donnie Hart","Mets","0","0","0","4.88","0","9","8.0","9","4","1","5","3","1.47","5.75","3.39","5.26","15306"
"Gerson Bautista","Mariners","0","1","0","5.40","0","26","25.0","25","15","4","26","15","1.59","9.28","5.45","5.26","19256"
"Yohander Mendez","Rangers","1","1","0","4.87","0","22","26.0","26","14","4","26","13","1.47","8.97","4.36","5.26","14391"
"Jharel Cotton","Cubs","1","2","0","4.15","4","27","35.0","38","16","7","35","16","1.55","8.90","4.15","5.27","13654"
"Tommy Milone","","3","5","0","5.10","12","14","64.0","70","36","14","52","17","1.37","7.31","2.42","5.27","7608"
"Shelby Miller","Brewers","2","2","0","5.70","6","6","34.0","37","22","6","28","17","1.57","7.34","4.47","5.27","10197"
"Ryan Burr","","0","0","0","5.39","0","8","9.0","9","6","2","9","4","1.40","8.77","3.79","5.28","17536"
"Odrisamer Despaigne","","0","1","0","5.14","0","4","8.0","9","4","1","6","3","1.62","6.37","3.72","5.29","16017"
"Ian Gibaut","Rangers","1","2","0","5.08","0","18","26.0","26","14","3","28","23","1.90","9.85","8.01","5.29","17871"
"Rico Garcia","","1","2","0","5.21","5","11","23.0","24","13","4","17","10","1.48","6.85","4.07","5.30","20023"
"Tyler Thornburg","","0","1","0","5.92","0","11","11.0","12","8","2","12","6","1.55","9.67","4.73","5.31","10688"
"Adam Plutko","Indians","5","6","0","5.18","9","45","87.0","92","50","19","68","24","1.34","7.07","2.53","5.32","15846"
"Jason Vargas","","5","7","0","5.13","17","22","92.0","99","53","17","73","36","1.46","7.14","3.47","5.33","8044"
"Ty Blach","Orioles","1","1","0","6.16","3","6","21.0","28","15","3","13","8","1.68","5.31","3.31","5.33","14361"
"Nick Tropeano","Yankees","0","0","0","5.85","1","1","6.0","7","4","1","5","2","1.57","7.34","3.52","5.34","12385"
"Yennsy Diaz","Blue Jays","0","1","0","5.31","0","13","12.0","12","7","2","9","6","1.48","6.60","4.30","5.35","20218"
"Stephen Woods Jr.","Royals","1","1","0","5.36","0","19","20.0","21","12","3","16","11","1.61","7.08","5.04","5.35","sa737853"
"Michael Baumann","Orioles","0","1","0","4.66","2","2","9.0","9","5","2","7","4","1.38","6.86","3.61","5.35","sa829681"
"Alex Wilson","","1","1","0","4.99","0","21","22.0","25","12","4","16","6","1.41","6.63","2.56","5.36","9239"
"Brian Johnson","Red Sox","2","2","0","5.44","8","16","42.0","55","26","7","35","24","1.86","7.42","5.04","5.36","14272"
"Trey Supak","Brewers","1","1","0","5.48","3","3","18.0","19","11","3","13","6","1.43","6.72","2.95","5.37","sa828707"
"Jhoulys Chacin","Twins","4","5","0","5.05","12","16","65.0","69","37","12","54","26","1.45","7.42","3.56","5.37","2608"
"Yency Almonte","Rockies","2","2","0","5.37","0","34","36.0","38","21","6","32","22","1.67","8.04","5.57","5.39","15068"
"Josh Tomlin","","2","2","0","5.15","3","28","46.0","54","26","10","31","7","1.34","6.14","1.44","5.40","9388"
"Tayron Guerrero","White Sox","0","0","6","5.03","0","24","24.0","23","14","4","25","15","1.57","9.13","5.75","5.41","11691"
"Kohl Stewart","Orioles","4","6","0","5.37","13","26","86.0","95","51","14","58","39","1.57","6.05","4.13","5.41","15502"
"Glenn Sparkman","Royals","3","6","0","5.71","14","18","80.0","96","51","15","49","24","1.50","5.52","2.67","5.41","15200"
"Alex Faedo","Tigers","1","1","0","5.94","4","4","26.0","29","17","6","22","8","1.42","7.68","2.69","5.42","sa829855"
"Francis Martes","Astros","0","0","0","3.85","0","7","8.0","7","3","1","8","5","1.56","9.34","6.01","5.45","17303"
"Dan Straily","","1","1","0","5.51","2","2","10.0","11","6","2","8","3","1.40","7.03","2.74","5.45","9460"
"Jeff Hoffman","Rockies","4","7","0","5.50","15","19","81.0","88","50","15","74","34","1.50","8.12","3.78","5.45","17432"
"James Pazos","Rockies","1","1","0","4.80","0","36","33.0","37","18","5","29","17","1.62","7.78","4.58","5.46","13323"
"Mike Dunn","","0","0","0","5.66","0","11","9.0","9","6","2","8","5","1.52","8.19","4.70","5.48","9948"
"Chance Adams","Royals","1","2","0","5.63","3","25","36.0","38","22","7","31","18","1.55","7.71","4.43","5.48","18135"
"Ljay Newsome","Mariners","1","1","0","5.33","3","3","17.0","19","10","4","13","4","1.30","7.04","1.93","5.48","sa875837"
"Matt Harvey","","2","2","0","5.33","5","6","29.0","32","17","6","22","10","1.45","6.83","3.23","5.52","11713"
"Hector Santiago","","1","2","0","5.33","1","19","26.0","27","15","5","25","12","1.48","8.45","3.98","5.53","4026"
"Branden Kline","","1","0","0","5.60","0","18","19.0","20","12","4","18","10","1.61","8.39","4.84","5.54","14101"
"David Hess","Orioles","3","4","0","5.42","6","30","55.0","59","33","12","47","22","1.46","7.69","3.55","5.54","16130"
"Heath Fillmyer","","1","1","0","5.49","2","7","14.0","16","9","3","11","8","1.63","6.88","4.69","5.55","17466"
"Ryan Carpenter","","1","2","0","6.67","5","5","21.0","27","16","4","15","8","1.66","6.29","3.38","5.55","12699"
"Cody Carroll","Orioles","1","0","0","5.53","0","12","13.0","12","8","3","13","7","1.48","9.11","4.84","5.57","17664"
"Taylor Hearn","Rangers","1","4","0","6.49","5","31","34.0","42","25","4","30","28","2.02","7.86","7.31","5.57","18325"
"Josh A. Smith","Marlins","1","0","0","5.58","0","14","18.0","21","11","4","16","7","1.53","7.95","3.49","5.57","10946"
"Wade LeBlanc","","4","6","0","5.50","14","15","80.0","93","49","18","56","24","1.46","6.37","2.66","5.58","5221"
"Parker Dunshee","Athletics","0","0","0","5.48","1","1","5.0","6","3","1","4","2","1.41","7.22","3.30","5.62","sa873274"
"Hector Velazquez","Red Sox","2","3","0","5.01","7","19","49.0","51","27","9","37","26","1.56","6.70","4.76","5.63","19341"
"Kyle Hart","Red Sox","1","1","0","5.28","3","6","19.0","21","11","4","15","7","1.50","6.99","3.51","5.66","sa918414"
"Danny Salazar","","3","5","0","5.09","10","28","65.0","69","37","12","56","29","1.52","7.72","4.03","5.67","5867"
"Tyler Lyons","Yankees","0","0","0","5.90","0","11","8.0","8","5","2","10","3","1.39","10.86","3.58","5.70","11334"
"Eric Skoglund","Royals","1","3","0","5.75","4","13","38.0","45","24","7","21","13","1.52","4.84","2.99","5.70","16155"
"Miguel Diaz","","0","0","0","5.37","0","6","9.0","9","5","2","9","3","1.34","9.49","3.09","5.71","18815"
"Sean Gilmartin","","0","1","0","6.04","0","4","8.0","9","5","2","6","3","1.54","6.32","3.79","5.71","12781"
"Joey Wentz","Tigers","1","2","0","5.79","5","5","28.0","30","18","6","22","12","1.51","7.30","3.94","5.73","sa917946"
"Joe Harvey","Rockies","0","0","0","5.21","0","12","13.0","12","7","3","12","7","1.51","8.59","4.91","5.74","16459"
"Brandon Bailey","Orioles","2","5","0","5.57","9","21","60.0","63","37","13","54","31","1.55","7.98","4.62","5.76","sa873692"
"Stephen Nogosek","Mets","0","1","0","5.29","0","10","10.0","10","6","2","9","6","1.59","8.54","5.37","5.76","19545"
"Ryan Dull","Blue Jays","0","0","0","7.25","0","7","6.0","7","5","1","7","2","1.53","10.09","3.38","5.77","13974"
"Asher Wojciechowski","Orioles","7","10","0","5.32","25","26","136.0","141","81","33","121","49","1.40","8.02","3.26","5.80","10836"
"Drew Gagnon","","2","1","0","6.04","0","15","23.0","25","15","6","16","6","1.37","6.26","2.32","5.83","12545"
"Alex McRae","","1","2","0","6.34","0","7","14.0","18","10","3","11","6","1.69","6.69","3.88","5.84","16317"
"Keegan Akin","Orioles","2","4","0","5.50","9","11","47.0","49","29","10","44","26","1.57","8.33","4.89","5.85","sa873980"
"Ben Lively","Diamondbacks","0","0","0","5.37","0","7","9.0","10","5","2","7","3","1.56","7.22","3.43","5.85","14932"
"Jeremy Hellickson","","3","5","0","5.51","12","16","64.0","73","39","13","45","20","1.45","6.30","2.85","5.88","4371"
"Tim Melville","","1","1","0","5.62","4","6","15.0","17","9","3","12","7","1.60","7.34","4.21","5.89","9149"
"Jesus Tinoco","Rockies","1","2","0","5.43","0","25","28.0","31","17","6","21","14","1.57","6.75","4.47","5.89","16300"
"Zac Lowther","Orioles","1","2","0","5.50","6","6","32.0","33","19","7","26","16","1.53","7.43","4.52","5.90","sa915645"
"Hector Noesi","Pirates","1","0","0","5.40","0","7","9.0","11","6","3","8","3","1.42","7.30","2.71","5.98","3292"
"Daniel Stumpf","","0","0","0","5.25","0","15","8.0","9","5","2","9","4","1.59","10.00","4.15","6.06","13780"
"Bruce Zimmermann","Orioles","1","1","0","5.95","2","2","13.0","14","8","3","9","6","1.56","6.50","4.00","6.07","sa3004810"
"Jon Edwards","","1","0","0","5.45","0","11","11.0","12","7","2","10","7","1.72","8.30","5.75","6.07","1483"
"A.J. Schugel","","1","0","0","3.75","0","5","7.0","7","3","2","6","3","1.41","7.16","3.68","6.08","11432"
"Marco Estrada","","4","7","0","5.88","18","18","96.0","106","63","23","71","37","1.47","6.61","3.41","6.09","1118"
"Edwin Jackson","Diamondbacks","1","2","0","5.57","5","5","27.0","29","17","6","19","14","1.61","6.47","4.79","6.14","1841"
"Caleb Frare","","1","0","0","4.85","0","12","11.0","10","6","2","12","8","1.66","10.39","6.58","6.14","14353"
"Jimmy Herget","Rangers","0","0","0","4.76","0","8","10.0","10","5","2","7","7","1.66","5.98","5.82","6.25","17556"
"Chris Rusin","","1","0","0","4.45","0","12","13.0","15","6","3","8","5","1.57","5.69","3.63","6.26","9895"
"Mark Appel","Phillies","0","0","0","5.90","0","1","7.0","8","5","1","5","5","1.97","6.52","6.83","6.28","sa501726"
"Harrison Musgrave","Rockies","0","1","0","7.07","0","8","9.0","17","7","2","7","5","2.38","7.02","4.99","6.29","16532"
"Ervin Santana","","2","3","0","5.77","8","8","46.0","53","29","10","29","16","1.51","5.76","3.22","6.30","3200"
"Ryan Castellani","Rockies","0","0","0","6.53","1","1","7.0","9","5","2","6","4","1.78","7.50","5.35","6.58","sa828689"
"Sam Freeman","","0","0","0","5.07","0","6","8.0","12","5","2","5","5","1.93","5.82","4.87","6.71","6832"
"Ross Detwiler","","1","3","0","5.77","3","12","29.0","36","19","9","18","9","1.54","5.50","2.66","6.81","2859"
"Brock Stewart","Cubs","2","1","0","7.45","0","14","26.0","38","22","9","19","15","2.02","6.56","5.15","7.82","16727"
