"Name","Team","G","PA","AB","H","2B","3B","HR","R","RBI","BB","SO","HBP","SB","CS","-1","AVG","OBP","SLG","OPS","wOBA","-1","wRC+","BsR","Fld","-1","Off","Def","WAR","playerid"
"Carlos Correa","Astros","150","643","562","164","34","2","30","94","103","71","117","4","8","4","",".292",".373",".519",".892",".375","","139","1.0","-2.1","","32.2","5.4","6.0","14162"
"Corey Seager","Dodgers","146","643","568","164","36","2","25","93","81","62","120","5","4","3","",".290",".362",".492",".854",".361","","125","1.5","4.8","","22.5","12.1","5.5","13624"
"Francisco Lindor","Indians","150","668","597","175","35","3","26","97","91","58","83","4","14","7","",".293",".357",".492",".850",".359","","123","0.0","10.7","","18.6","18.2","6.0","12916"
"Trea Turner","Nationals","143","563","513","153","29","6","15","69","68","38","103","3","42","16","",".298",".347",".466",".813",".347","","111","2.6","0.4","","10.6","7.5","3.6","16252"
"Jung Ho Kang","Pirates","0","1","1","0","0","0","0","0","0","0","0","0","0","0","",".266",".343",".463",".806",".344","","112","0.0","0.0","","0.0","0.0","0.0","17182"
"Ian Desmond","Rockies","141","591","534","151","28","2","22","76","78","45","145","5","16","7","",".283",".341",".468",".809",".344","","95","1.0","5.7","","-2.5","-6.2","1.0","6885"
"Xander Bogaerts","Red Sox","146","625","560","162","32","4","16","79","77","53","105","5","10","5","",".289",".353",".444",".797",".341","","109","2.1","-1.2","","9.2","6.1","3.7","12161"
"Trevor Story","Rockies","149","604","537","136","31","3","27","75","84","55","182","5","10","5","",".253",".325",".473",".797",".336","","90","0.6","-0.7","","-7.2","6.7","1.9","12564"
"Wilmer Flores","Mets","130","526","486","133","25","1","24","62","75","29","76","4","3","2","",".273",".317",".479",".796",".336","","109","-1.2","-2.8","","5.0","-0.7","2.1","5827"
"Troy Tulowitzki","Blue Jays","126","512","460","120","23","1","21","61","66","42","98","5","2","1","",".261",".327",".449",".776",".331","","104","-1.9","0.0","","0.8","6.4","2.5","3531"
"Eduardo Nunez","","113","488","453","130","27","1","13","60","55","24","68","4","20","9","",".288",".327",".442",".769",".328","","102","0.3","-1.8","","1.3","0.1","1.8","6848"
"Ketel Marte","Diamondbacks","130","524","475","137","28","4","8","59","54","39","72","3","11","5","",".288",".343",".417",".761",".327","","94","0.6","-4.1","","-3.5","2.3","1.6","13613"
"Brendan Rodgers","Rockies","0","1","1","0","0","0","0","0","0","0","0","0","0","0","",".286",".322",".444",".766",".327","","84","0.0","0.0","","0.0","0.0","0.0","sa874238"
"Addison Russell","Cubs","122","482","427","107","23","2","18","57","64","43","103","6","4","2","",".252",".325",".444",".769",".325","","97","0.4","8.3","","-1.3","14.3","2.8","14106"
"Paul DeJong","Cardinals","146","602","556","145","30","2","26","71","85","33","152","6","3","2","",".261",".308",".463",".770",".325","","100","-0.7","-0.4","","-0.7","6.9","2.6","18015"
"Asdrubal Cabrera","Mets","138","587","527","137","31","1","19","69","67","47","103","5","4","2","",".261",".326",".433",".758",".324","","102","-2.3","-1.6","","-1.0","0.7","1.9","4962"
"Jorge Polanco","Twins","149","613","556","152","31","4","15","71","72","46","89","4","13","8","",".273",".330",".423",".753",".324","","98","0.0","-4.5","","-1.2","2.9","2.3","13152"
"Marcus Semien","Athletics","138","578","513","129","27","2","21","73","68","53","123","2","11","5","",".251",".322",".432",".755",".323","","102","0.4","-10.0","","2.0","-3.1","1.9","12533"
"Brad Miller","Rays","130","534","464","111","22","3","19","63","63","61","131","3","7","4","",".239",".328",".424",".752",".323","","103","0.3","1.1","","2.0","-8.6","1.2","12775"
"Javier Baez","Cubs","136","536","489","128","24","2","23","63","75","33","135","6","10","5","",".262",".314",".462",".776",".322","","95","1.1","2.8","","-2.3","5.2","2.0","12979"
"Elvis Andrus","Rangers","149","625","568","159","33","3","12","74","69","45","88","4","21","10","",".279",".334",".412",".746",".322","","95","1.7","-5.9","","-2.4","1.6","2.1","8709"
"Didi Gregorius","Yankees","143","574","530","143","28","1","19","67","75","31","77","6","4","2","",".270",".315",".436",".751",".320","","97","1.7","0.1","","-0.3","7.2","2.7","6012"
"Aledmys Diaz","Blue Jays","42","175","160","42","10","1","5","21","21","11","28","2","2","1","",".264",".317",".434",".751",".319","","96","-0.4","-0.9","","-1.2","0.5","0.5","15937"
"Zack Cozart","Angels","138","600","536","136","26","5","17","75","66","51","95","4","4","2","",".254",".322",".417",".739",".317","","100","-0.4","12.6","","-0.7","15.1","3.5","2616"
"Starlin Castro","Marlins","138","571","531","146","28","2","16","60","70","29","105","5","3","2","",".276",".316",".427",".743",".317","","95","-1.2","-4.6","","-4.9","-2.3","1.1","4579"
"Brandon Crawford","Giants","146","596","533","137","31","3","15","62","69","51","119","5","5","3","",".257",".325",".412",".737",".315","","95","-0.1","6.3","","-4.0","13.6","2.9","5343"
"Eduardo Escobar","Twins","40","164","150","39","8","1","5","19","20","11","32","1","1","1","",".259",".312",".426",".738",".314","","92","0.2","-0.1","","-1.5","0.6","0.5","6153"
"Tim Beckham","Orioles","147","605","552","141","25","5","20","71","70","40","170","5","8","5","",".255",".309",".423",".732",".313","","92","-0.4","-1.5","","-6.1","4.1","1.9","7949"
"Jonathan Villar","Brewers","130","563","499","125","26","2","15","70","54","54","152","3","34","13","",".250",".324",".400",".724",".313","","88","1.2","-8.4","","-7.7","-7.0","0.4","10071"
"Jean Segura","Mariners","143","641","588","162","29","2","14","80","61","36","97","8","22","9","",".275",".323",".406",".729",".313","","97","1.0","-5.7","","-1.3","1.4","2.2","5933"
"J.P. Crawford","Phillies","143","564","484","116","21","4","12","57","56","69","105","2","7","5","",".240",".335",".376",".712",".313","","90","-0.3","-5.7","","-7.8","1.3","1.2","15491"
"Jhonny Peralta","Cardinals","0","1","1","0","0","0","0","0","0","0","0","0","0","0","",".259",".316",".408",".724",".311","","91","0.0","0.0","","0.0","0.0","0.0","1738"
"Andrelton Simmons","Angels","149","608","555","150","30","2","12","66","67","41","60","4","12","7","",".270",".323",".397",".720",".311","","96","-1.0","12.7","","-4.4","20.1","3.7","10847"
"Jose Reyes","","81","347","313","81","14","3","8","41","35","27","54","1","12","5","",".258",".318",".404",".722",".311","","90","0.6","-0.3","","-3.9","1.1","0.9","1736"
"Daniel Descalso","Diamondbacks","64","256","223","53","11","2","6","27","27","28","56","2","2","1","",".238",".327",".388",".714",".310","","83","0.1","-1.4","","-5.5","-4.5","-0.2","8392"
"Jordy Mercer","Pirates","138","546","487","127","24","3","12","55","58","47","87","4","3","2","",".262",".329",".401",".730",".310","","89","0.3","-5.4","","-7.2","1.5","1.2","6547"
"Pat Valaika","Rockies","23","88","82","21","5","0","3","10","11","4","21","0","1","1","",".260",".297",".429",".726",".308","","72","0.1","-0.2","","-3.1","0.6","0.0","14885"
"Alex Blandino","Reds","6","26","23","6","1","0","1","3","3","3","6","0","0","0","",".239",".320",".381",".701",".306","","84","0.0","0.0","","-0.6","0.2","0.1","sa602521"
"Greg Garcia","Cardinals","69","273","235","59","11","1","3","27","24","30","56","4","3","2","",".251",".343",".346",".689",".306","","87","0.4","-0.6","","-4.1","-1.6","0.3","10951"
"Ruben Tejada","Orioles","24","96","85","22","5","0","1","10","9","8","14","1","1","0","",".260",".329",".370",".699",".306","","87","-0.1","-0.4","","-1.6","0.5","0.2","5519"
"Dansby Swanson","Braves","130","510","448","114","23","2","9","49","49","51","102","3","6","3","",".254",".332",".379",".711",".306","","85","0.5","-0.9","","-9.1","5.5","1.3","18314"
"Ehire Adrianza","Twins","16","63","57","15","3","0","1","7","6","5","11","1","2","1","",".261",".323",".378",".702",".305","","86","0.0","-0.1","","-1.1","0.6","0.2","8418"
"Orlando Arcia","Brewers","138","533","487","127","23","3","14","53","58","36","94","3","14","7","",".261",".313",".405",".718",".305","","82","-0.1","-2.1","","-12.2","4.8","1.0","13185"
"Chris Owings","Diamondbacks","112","459","426","112","25","3","10","48","51","24","98","3","13","5","",".263",".305",".408",".713",".304","","79","0.6","-1.2","","-11.9","-1.9","0.1","10030"
"Jose Iglesias","Tigers","138","525","483","132","29","1","7","55","51","29","62","5","11","5","",".274",".319",".382",".701",".304","","85","0.0","3.5","","-9.7","10.4","1.9","10231"
"Gleyber Torres","Yankees","76","304","272","67","13","1","7","34","32","25","69","2","9","6","",".247",".314",".378",".692",".301","","85","-0.6","0.0","","-6.3","1.3","0.5","sa830372"
"Dixon Machado","Tigers","133","538","484","127","25","3","6","56","48","42","88","4","10","5","",".263",".324",".362",".686",".301","","83","-0.7","2.1","","-11.8","4.9","1.2","11472"
"Rosell Herrera","Rockies","0","1","1","0","0","0","0","0","0","0","0","0","0","0","",".265",".325",".364",".689",".301","","67","0.0","0.0","","0.0","0.0","0.0","sa547996"
"Jose Peraza","Reds","150","614","572","159","22","5","8","61","58","28","80","6","27","13","",".278",".316",".379",".695",".300","","81","1.0","-1.7","","-14.2","5.7","1.1","13593"
"Daniel Robertson","Rays","110","430","377","90","16","3","8","43","41","41","98","6","4","2","",".239",".322",".360",".682",".300","","87","-0.3","3.0","","-7.1","0.3","0.8","14145"
"Johan Camargo","Braves","31","122","114","30","7","1","2","11","13","6","23","1","1","0","",".267",".307",".392",".699",".299","","81","0.0","-0.1","","-2.9","-0.3","0.1","14950"
"Miguel Rojas","Marlins","83","325","294","79","16","2","3","29","30","23","39","3","3","2","",".268",".326",".365",".691",".299","","83","-0.3","0.6","","-7.4","1.8","0.5","7802"
"Chad Pinder","Athletics","109","446","411","100","21","2","14","49","51","24","121","5","4","3","",".244",".292",".405",".697",".298","","85","-0.9","0.1","","-9.0","-4.8","0.2","15191"
"Max Moroff","Pirates","40","158","136","30","6","1","3","16","15","19","42","1","3","2","",".224",".321",".352",".673",".297","","81","-0.1","0.4","","-3.9","-0.5","0.1","14556"
"Cristhian Adames","Rockies","0","1","1","0","0","0","0","0","0","0","0","0","0","0","",".255",".311",".372",".683",".297","","64","0.0","0.0","","0.0","0.0","0.0","6013"
"Christian Arroyo","Rays","73","300","278","72","15","1","6","30","31","16","54","3","3","2","",".259",".304",".384",".688",".295","","84","-0.1","0.5","","-6.0","2.0","0.6","16434"
"Taylor Motter","Mariners","36","143","129","31","6","0","4","16","16","11","29","1","5","2","",".236",".298",".385",".683",".295","","85","-0.2","-0.3","","-2.8","-0.3","0.2","12399"
"Tim Anderson","White Sox","146","619","586","154","27","4","15","66","64","21","153","4","16","7","",".263",".291",".401",".692",".295","","82","0.3","-4.1","","-13.3","3.2","1.1","15172"
"Dawel Lugo","Tigers","71","290","273","72","12","2","6","29","31","12","39","2","2","1","",".264",".297",".390",".687",".294","","79","0.0","0.0","","-7.6","1.4","0.4","sa659207"
"Ivan De Jesus","Reds","0","1","1","0","0","0","0","0","0","0","0","0","0","0","",".255",".317",".353",".669",".293","","76","0.0","0.0","","0.0","0.0","0.0","9886"
"Ronald Torreyes","Yankees","105","407","378","101","19","2","5","42","41","20","51","3","4","2","",".267",".306",".368",".674",".292","","78","0.1","0.7","","-10.9","2.9","0.6","11400"
"Allen Cordoba","Padres","70","280","253","62","9","2","6","26","26","20","58","3","6","3","",".246",".306",".367",".673",".292","","80","-0.1","0.7","","-7.2","0.1","0.2","15722"
"Domingo Leyba","Diamondbacks","0","1","1","0","0","0","0","0","0","0","0","0","0","0","",".256",".302",".372",".674",".292","","71","0.0","0.0","","0.0","0.0","0.0","sa736654"
"Wilmer Difo","Nationals","57","232","212","55","9","2","3","24","22","15","44","2","6","3","",".260",".311",".367",".678",".291","","75","0.4","1.4","","-7.1","1.5","0.2","14320"
"Derrik Gibson","Rockies","0","1","1","0","0","0","0","0","0","0","0","0","0","0","",".251",".314",".350",".663",".291","","60","0.0","0.0","","-0.1","0.0","0.0","sa456041"
"Bo Bichette","Blue Jays","0","1","1","0","0","0","0","0","0","0","0","0","0","0","",".255",".297",".379",".676",".291","","77","0.0","0.0","","0.0","0.0","0.0","sa917949"
"Amed Rosario","Mets","146","580","541","140","23","7","9","51","57","27","120","5","17","10","",".258",".297",".378",".675",".290","","79","-0.6","1.7","","-15.9","9.0","1.2","15518"
"Willy Adames","Rays","8","32","29","7","1","0","0","3","3","3","8","0","1","0","",".234",".309",".348",".657",".289","","80","0.0","0.0","","-0.8","0.4","0.1","sa736655"
"Freddy Galvis","Padres","122","506","465","114","20","3","12","50","48","30","93","4","9","5","",".245",".294",".378",".672",".288","","78","0.2","0.4","","-14.1","6.4","0.9","6609"
"Nicky Lopez","Royals","0","1","1","0","0","0","0","0","0","0","0","0","0","0","",".259",".309",".351",".660",".288","","75","0.0","0.0","","0.0","0.0","0.0","sa918022"
"J.T. Riddle","Marlins","113","441","410","107","20","2","6","38","42","22","81","2","4","2","",".261",".300",".367",".668",".287","","75","-0.2","-0.5","","-14.2","5.2","0.5","17642"
"Mauricio Dubon","Brewers","11","46","43","11","2","0","1","4","4","3","7","0","2","1","",".253",".300",".359",".659",".286","","70","-0.1","0.0","","-1.8","0.2","0.0","sa738378"
"J.J. Hardy","Orioles","19","75","69","17","3","0","2","8","8","4","14","0","0","0","",".244",".290",".373",".663",".286","","74","-0.3","0.4","","-2.7","1.3","0.1","3797"
"Ryan Mountcastle","Orioles","0","1","1","0","0","0","0","0","0","0","0","0","0","0","",".253",".282",".384",".665",".284","","73","0.0","0.0","","0.0","0.0","0.0","sa874734"
"Jake Cronenworth","Rays","0","1","1","0","0","0","0","0","0","0","0","0","0","0","",".244",".312",".328",".640",".284","","76","0.0","0.0","","0.0","0.0","0.0","sa857694"
"Danny Santana","Braves","0","1","1","0","0","0","0","0","0","0","0","0","0","0","",".251",".291",".368",".659",".283","","71","0.0","0.0","","0.0","0.0","0.0","10322"
"Franklin Barreto","Athletics","26","105","97","23","4","1","2","11","11","5","29","1","3","2","",".242",".287",".373",".660",".283","","75","0.0","-0.4","","-3.3","0.7","0.1","15519"
"Jimmy Rollins","White Sox","0","1","1","0","0","0","0","0","0","0","0","0","0","0","",".225",".298",".343",".640",".282","","73","0.0","0.0","","0.0","0.0","0.0","971"
"Nick Ahmed","Diamondbacks","21","82","75","18","4","0","2","8","8","5","16","1","2","1","",".238",".292",".364",".656",".281","","64","0.1","0.7","","-3.8","1.5","0.0","12147"
"Vladimir Frias","Diamondbacks","0","1","1","0","0","0","0","0","0","0","0","0","0","0","",".250",".294",".351",".646",".281","","64","0.0","0.0","","0.0","0.0","0.0","sa455557"
"Ryan Goins","Blue Jays","0","1","1","0","0","0","0","0","0","0","0","0","0","0","",".238",".292",".353",".645",".281","","70","0.0","0.0","","0.0","0.0","0.0","9807"
"Kevin Newman","Pirates","0","1","1","0","0","0","0","0","0","0","0","0","0","0","",".257",".300",".345",".645",".281","","70","0.0","0.0","","0.0","0.0","0.0","sa827183"
"Zach Osborne","Rockies","0","1","1","0","0","0","0","0","0","0","0","0","0","0","",".259",".300",".341",".641",".280","","53","0.0","0.0","","-0.1","0.0","0.0","sa577885"
"Erick Aybar","Padres","0","1","1","0","0","0","0","0","0","0","0","0","0","0","",".245",".300",".345",".645",".280","","72","0.0","0.0","","0.0","0.0","0.0","4082"
"Adeiny Hechavarria","Rays","130","502","466","117","19","4","7","46","47","27","84","3","5","3","",".252",".294",".356",".650",".279","","73","-0.5","1.3","","-17.3","7.8","0.8","10459"
"Cliff Pennington","","49","190","170","39","7","1","3","17","17","16","48","1","3","1","",".232",".300",".333",".633",".279","","69","-0.3","0.4","","-7.8","1.2","0.0","3395"
"Adrian Sanchez","Nationals","18","71","66","17","3","0","1","7","7","3","14","1","1","1","",".255",".294",".349",".643",".279","","66","0.0","-0.1","","-3.1","0.3","0.0","11338"
"Erik Gonzalez","Indians","16","66","62","15","3","0","1","7","7","3","18","0","2","1","",".245",".278",".373",".651",".279","","68","0.0","-0.3","","-2.6","0.3","0.0","13369"
"Tommy Edman","Cardinals","0","1","1","0","0","0","0","0","0","0","0","0","0","0","",".243",".293",".345",".638",".278","","69","0.0","0.0","","0.0","0.0","0.0","sa873704"
"Nick Gordon","Twins","0","1","1","0","0","0","0","0","0","0","0","0","0","0","",".245",".294",".345",".638",".277","","67","0.0","0.0","","0.0","0.0","0.0","sa828662"
"Joe Sclafani","Astros","0","1","1","0","0","0","0","0","0","0","0","0","0","0","",".239",".304",".323",".627",".277","","72","0.0","0.0","","0.0","0.0","0.0","sa658257"
"Yairo Munoz","Cardinals","2","6","6","1","0","0","0","1","1","0","1","0","0","0","",".245",".280",".366",".646",".277","","69","0.0","0.0","","-0.3","0.1","0.0","sa657210"
"Jose Guadalupe Chavez","","0","1","1","0","0","0","0","0","0","0","0","0","0","0","",".227",".308",".311",".619",".277","","67","0.0","0.0","","0.0","0.0","0.0","sa288775"
"Eddy Alvarez","White Sox","0","1","1","0","0","0","0","0","0","0","0","0","0","0","",".227",".307",".311",".618",".277","","70","0.0","0.0","","0.0","0.0","0.0","sa806877"
"Leonardo Reginatto","Twins","0","1","1","0","0","0","0","0","0","0","0","0","0","0","",".253",".301",".325",".626",".276","","66","0.0","0.0","","0.0","0.0","0.0","sa504970"
"Anthony Phillips","Rockies","0","1","1","0","0","0","0","0","0","0","0","0","0","0","",".243",".300",".330",".630",".276","","50","0.0","0.0","","-0.1","0.0","0.0","sa392886"
"Matt Reynolds","Mets","63","244","220","51","10","1","3","22","21","18","64","2","4","2","",".231",".294",".335",".628",".275","","70","-0.1","1.2","","-9.6","-2.1","-0.4","13788"
"Cole Tucker","Pirates","0","1","1","0","0","0","0","0","0","0","0","0","0","0","",".238",".295",".334",".629",".275","","66","0.0","0.0","","0.0","0.0","0.0","sa828671"
"Ronny Rodriguez","Indians","0","1","1","0","0","0","0","0","0","0","0","0","0","0","",".239",".274",".366",".640",".274","","65","0.0","0.0","","0.0","0.0","0.0","sa595953"
"Kristopher Negron","Diamondbacks","0","1","1","0","0","0","0","0","0","0","0","0","0","0","",".228",".282",".349",".631",".274","","59","0.0","0.0","","-0.1","0.0","0.0","5306"
"Jorge Mateo","Athletics","2","6","6","1","0","0","0","1","1","0","2","0","0","0","",".232",".278",".357",".635",".274","","68","0.0","0.0","","-0.3","0.1","0.0","sa657910"
"Elmer Reyes","Braves","0","1","1","0","0","0","0","0","0","0","0","0","0","0","",".246",".281",".353",".634",".274","","64","0.0","0.0","","0.0","0.0","0.0","sa506274"
"Jack Reinheimer","Diamondbacks","2","6","6","1","0","0","0","1","1","0","1","0","0","0","",".241",".295",".327",".622",".273","","59","0.0","0.1","","-0.3","0.1","0.0","14938"
"Adam Rosales","Diamondbacks","0","1","1","0","0","0","0","0","0","0","0","0","0","0","",".217",".274",".361",".635",".273","","59","0.0","0.0","","-0.1","0.0","0.0","9682"
"Dorssys Paulino","Indians","0","1","1","0","0","0","0","0","0","0","0","0","0","0","",".229",".289",".333",".623",".273","","64","0.0","0.0","","0.0","0.0","0.0","sa659464"
"Alcides Escobar","","146","604","566","142","27","4","7","56","51","24","95","5","10","4","",".251",".286",".347",".632",".273","","65","1.4","0.6","","-25.4","7.9","0.3","6310"
"Oscar Tejeda","Red Sox","0","1","1","0","0","0","0","0","0","0","0","0","0","0","",".235",".279",".352",".631",".273","","63","0.0","0.0","","0.0","0.0","0.0","sa392406"
"Yu-Cheng Chang","Indians","0","1","1","0","0","0","0","0","0","0","0","0","0","0","",".209",".271",".360",".631",".273","","64","0.0","0.0","","0.0","0.0","0.0","sa830276"
"Alex Mejia","Cardinals","0","1","1","0","0","0","0","0","0","0","0","0","0","0","",".245",".288",".338",".626",".273","","66","0.0","0.0","","0.0","0.0","0.0","13877"
"Tyler Smith","Rangers","2","7","6","1","0","0","0","1","1","0","1","0","0","0","",".234",".295",".322",".618",".273","","61","0.0","0.0","","-0.3","0.1","0.0","12490"
"Fernando Tatis Jr.","Padres","0","1","1","0","0","0","0","0","0","0","0","0","0","0","",".220",".281",".347",".628",".273","","68","0.0","0.0","","0.0","0.0","0.0","sa919910"
"A.J. Simcox","Tigers","0","1","1","0","0","0","0","0","0","0","0","0","0","0","",".246",".282",".348",".631",".273","","64","0.0","0.0","","0.0","0.0","0.0","sa658901"
"Donovan Solano","Yankees","0","1","1","0","0","0","0","0","0","0","0","0","0","0","",".249",".287",".339",".627",".272","","65","0.0","0.0","","0.0","0.0","0.0","8623"
"Luis Sardinas","Padres","0","1","1","0","0","0","0","0","0","0","0","0","0","0","",".250",".289",".337",".626",".271","","67","0.0","0.0","","0.0","0.0","0.0","13153"
"C.J Hinojosa","Giants","0","1","1","0","0","0","0","0","0","0","0","0","0","0","",".240",".292",".327",".620",".271","","66","0.0","0.0","","0.0","0.0","0.0","sa658616"
"Shawn O'Malley","Mariners","0","1","1","0","0","0","0","0","0","0","0","0","0","0","",".229",".295",".316",".611",".271","","68","0.0","0.0","","0.0","0.0","0.0","9629"
"Mike Freeman","Cubs","0","1","1","0","0","0","0","0","0","0","0","0","0","0","",".237",".299",".317",".616",".271","","62","0.0","0.0","","0.0","0.0","0.0","11241"
"Alexi Amarista","","49","189","173","41","8","1","3","17","17","11","36","1","4","2","",".238",".287",".337",".624",".271","","63","0.0","-2.5","","-8.8","-0.1","-0.3","9063"
"Richard Urena","Blue Jays","3","13","12","3","1","0","0","1","1","1","3","0","0","0","",".240",".277",".352",".628",".270","","63","0.0","0.0","","-0.6","0.1","0.0","16411"
"Calten Daal","Reds","0","1","1","0","0","0","0","0","0","0","0","0","0","0","",".246",".288",".329",".618",".270","","61","0.0","0.0","","-0.1","0.0","0.0","sa729572"
"Edmundo Sosa","Cardinals","3","13","12","3","1","0","0","1","1","1","2","0","0","0","",".247",".285",".335",".620",".270","","64","0.0","0.0","","-0.6","0.2","0.0","sa736859"
"Sergio Alcantara","Tigers","11","46","42","10","2","0","0","4","4","3","7","0","1","1","",".241",".294",".319",".612",".270","","62","-0.1","0.0","","-2.2","0.3","0.0","sa739641"
"Luis Guillorme","Mets","10","40","36","8","1","0","0","3","3","3","5","0","0","0","",".239",".304",".298",".602",".270","","66","0.0","0.0","","-1.7","0.3","0.0","sa737882"
"Bengie Gonzalez","Twins","0","1","1","0","0","0","0","0","0","0","0","0","0","0","",".239",".294",".319",".614",".270","","61","0.0","0.0","","0.0","0.0","0.0","sa454764"
"Danny Espinosa","Rays","0","1","1","0","0","0","0","0","0","0","0","0","0","0","",".202",".280",".343",".624",".270","","66","0.0","0.0","","0.0","0.0","0.0","9219"
"Chan Jong Moon","Astros","0","1","1","0","0","0","0","0","0","0","0","0","0","0","",".231",".292",".316",".608",".269","","66","0.0","0.0","","0.0","0.0","0.0","sa550461"
"Jose Rondon","Padres","8","32","30","7","1","0","0","3","3","2","6","0","0","0","",".241",".281",".336",".616",".268","","65","0.0","-0.1","","-1.5","0.3","0.0","14140"
"Brandon Trinkwon","Dodgers","0","1","1","0","0","0","0","0","0","0","0","0","0","0","",".227",".294",".310",".604",".268","","64","0.0","0.0","","0.0","0.0","0.0","sa709596"
"Gustavo Pierre","Phillies","0","1","1","0","0","0","0","0","0","0","0","0","0","0","",".235",".270",".350",".620",".267","","60","0.0","0.0","","-0.1","0.0","0.0","sa503319"
"Gustavo Nunez","Tigers","0","1","1","0","0","0","0","0","0","0","0","0","0","0","",".246",".292",".316",".609",".267","","60","0.0","0.0","","-0.1","0.0","0.0","sa446859"
"Oscar Mercado","Cardinals","2","7","6","1","0","0","0","1","1","0","1","0","0","0","",".232",".280",".334",".613",".267","","62","0.0","0.0","","-0.3","0.0","0.0","sa737612"
"Paul Janish","Orioles","0","1","1","0","0","0","0","0","0","0","0","0","0","0","",".232",".294",".306",".600",".267","","61","0.0","0.0","","-0.1","0.0","0.0","7412"
"David Fletcher","Angels","0","1","1","0","0","0","0","0","0","0","0","0","0","0","",".248",".285",".325",".611",".266","","65","0.0","0.0","","0.0","0.0","0.0","sa858824"
"Zach Vincej","Mariners","10","39","35","8","2","0","0","4","3","2","7","0","1","0","",".235",".288",".318",".606",".266","","65","0.0","-0.1","","-1.7","0.3","0.0","13269"
"Pedro Florimon","Phillies","0","1","1","0","0","0","0","0","0","0","0","0","0","0","",".213",".281",".326",".607",".266","","59","0.0","0.0","","-0.1","0.0","0.0","8385"
"Daniel Castro","Braves","0","1","1","0","0","0","0","0","0","0","0","0","0","0","",".248",".287",".326",".612",".266","","59","0.0","0.0","","-0.1","0.0","0.0","15450"
"Juan Perez","Reds","0","1","1","0","0","0","0","0","0","0","0","0","0","0","",".220",".277",".332",".608",".265","","58","0.0","0.0","","-0.1","0.0","0.0","sa599306"
"Jake Gatewood","Brewers","0","1","1","0","0","0","0","0","0","0","0","0","0","0","",".218",".265",".350",".614",".265","","56","0.0","0.0","","-0.1","0.0","0.0","sa828685"
"Michael Russell","Rays","0","1","1","0","0","0","0","0","0","0","0","0","0","0","",".227",".277",".327",".604",".264","","63","0.0","0.0","","0.0","0.0","0.0","sa827159"
"Austin Nola","Marlins","16","64","57","13","3","0","1","5","5","5","12","1","1","0","",".227",".292",".307",".600",".264","","60","0.0","0.0","","-3.3","0.8","0.0","sa577789"
"Raul Navarro","Diamondbacks","0","1","1","0","0","0","0","0","0","0","0","0","0","0","",".232",".285",".316",".601",".264","","53","0.0","0.0","","-0.1","0.0","0.0","sa506772"
"Alexei Ramirez","Rays","0","1","1","0","0","0","0","0","0","0","0","0","0","0","",".235",".275",".338",".612",".264","","62","0.0","0.0","","0.0","0.0","0.0","5133"
"Matt Williams","Angels","0","1","1","0","0","0","0","0","0","0","0","0","0","0","",".222",".291",".303",".594",".264","","63","0.0","0.0","","0.0","0.0","0.0","sa577691"
"Osvaldo Abreu","Nationals","0","1","1","0","0","0","0","0","0","0","0","0","0","0","",".232",".281",".321",".601",".264","","57","0.0","0.0","","-0.1","0.0","0.0","sa657398"
"Peter Maris","Rays","0","1","1","0","0","0","0","0","0","0","0","0","0","0","",".230",".282",".318",".601",".264","","62","0.0","0.0","","0.0","0.0","0.0","sa877608"
"Chase d'Arnaud","Padres","0","1","1","0","0","0","0","0","0","0","0","0","0","0","",".228",".284",".317",".601",".264","","62","0.0","0.0","","0.0","0.0","0.0","6652"
"Drew Jackson","Dodgers","0","1","1","0","0","0","0","0","0","0","0","0","0","0","",".222",".284",".312",".596",".263","","61","0.0","0.0","","-0.1","0.0","0.0","sa659066"
"Audy Ciriaco","Indians","0","1","1","0","0","0","0","0","0","0","0","0","0","0","",".218",".268",".338",".606",".263","","57","0.0","0.0","","-0.1","0.0","0.0","sa294300"
"Abiatal Avelino","Yankees","0","1","1","0","0","0","0","0","0","0","0","0","0","0","",".231",".278",".324",".602",".263","","58","0.0","0.0","","-0.1","0.0","0.0","sa657893"
"Eric Stamets","Indians","0","1","1","0","0","0","0","0","0","0","0","0","0","0","",".214",".271",".326",".598",".262","","56","0.0","0.0","","-0.1","0.0","0.0","sa621787"
"Blake Trahan","Reds","0","1","1","0","0","0","0","0","0","0","0","0","0","0","",".229",".286",".308",".594",".262","","55","0.0","0.0","","-0.1","0.0","0.0","sa874990"
"Sean Jamieson","Diamondbacks","0","1","1","0","0","0","0","0","0","0","0","0","0","0","",".220",".278",".315",".594",".261","","51","0.0","0.0","","-0.1","0.0","0.0","sa598483"
"Erick Salcedo","Orioles","0","1","1","0","0","0","0","0","0","0","0","0","0","0","",".237",".282",".312",".594",".261","","57","0.0","0.0","","-0.1","0.0","0.0","sa548029"
"Garabez Rosa","Orioles","0","1","1","0","0","0","0","0","0","0","0","0","0","0","",".243",".270",".336",".606",".261","","57","0.0","0.0","","-0.1","0.0","0.0","sa455978"
"Richie Martin","Athletics","0","1","1","0","0","0","0","0","0","0","0","0","0","0","",".222",".278",".313",".591",".260","","59","0.0","0.0","","-0.1","0.0","0.0","sa659080"
"Mycal Jones","Braves","0","1","1","0","0","0","0","0","0","0","0","0","0","0","",".214",".283",".302",".585",".260","","56","0.0","0.0","","-0.1","0.0","0.0","sa501228"
"Charlie Culberson","Braves","72","287","267","61","12","1","4","24","25","15","66","2","4","2","",".228",".271",".328",".599",".260","","55","0.0","-1.2","","-16.4","-0.9","-0.8","3298"
"Kevin Nolan","Blue Jays","0","1","1","0","0","0","0","0","0","0","0","0","0","0","",".224",".272",".323",".596",".260","","56","0.0","0.0","","-0.1","0.0","0.0","sa502042"
"Peter Mooney","Marlins","0","1","1","0","0","0","0","0","0","0","0","0","0","0","",".223",".285",".303",".588",".260","","58","0.0","0.0","","-0.1","0.0","0.0","sa503239"
"Zack Short","Cubs","0","1","1","0","0","0","0","0","0","0","0","0","0","0","",".204",".282",".301",".583",".260","","54","0.0","0.0","","-0.1","0.0","0.0","sa873287"
"Amadeo Zazueta","","0","1","1","0","0","0","0","0","0","0","0","0","0","0","",".241",".272",".324",".596",".259","","55","0.0","0.0","","-0.1","0.0","0.0","sa328602"
"Jorge Flores","Diamondbacks","0","1","1","0","0","0","0","0","0","0","0","0","0","0","",".225",".278",".309",".587",".258","","49","0.0","0.0","","-0.1","0.0","0.0","sa550275"
"Stephen Perez","Nationals","0","1","1","0","0","0","0","0","0","0","0","0","0","0","",".212",".286",".289",".575",".258","","53","0.0","0.0","","-0.1","0.0","0.0","sa501997"
"Andrew Velazquez","Rays","0","1","1","0","0","0","0","0","0","0","0","0","0","0","",".222",".271",".318",".589",".258","","58","0.0","0.0","","-0.1","0.0","0.0","sa658104"
"Gregorio Petit","Angels","0","1","1","0","0","0","0","0","0","0","0","0","0","0","",".233",".270",".325",".594",".258","","59","0.0","0.0","","-0.1","0.0","0.0","3812"
"Jonathan Mota","Cubs","0","1","1","0","0","0","0","0","0","0","0","0","0","0","",".228",".268",".323",".591",".257","","52","0.0","0.0","","-0.1","0.0","0.0","sa291809"
"Jose Lozada","Nationals","0","1","1","0","0","0","0","0","0","0","0","0","0","0","",".229",".280",".300",".580",".256","","52","0.0","0.0","","-0.1","0.0","0.0","sa454600"
"Luis Marte","Rangers","0","1","1","0","0","0","0","0","0","0","0","0","0","0","",".237",".259",".338",".597",".256","","50","0.0","0.0","","-0.1","0.0","0.0","sa597106"
"Ivan Castillo","Indians","0","1","1","0","0","0","0","0","0","0","0","0","0","0","",".228",".270",".315",".585",".256","","52","0.0","0.0","","-0.1","0.0","0.0","sa657222"
"Elliot Soto","Cubs","0","1","1","0","0","0","0","0","0","0","0","0","0","0","",".213",".289",".284",".573",".255","","51","0.0","0.0","","-0.1","0.0","0.0","sa390666"
"Emerson Jimenez","Rockies","0","1","1","0","0","0","0","0","0","0","0","0","0","0","",".231",".267",".317",".585",".255","","36","0.0","0.0","","-0.1","0.0","0.0","sa657311"
"Sharlon Schoop","Orioles","0","1","1","0","0","0","0","0","0","0","0","0","0","0","",".213",".267",".313",".580",".254","","52","0.0","0.0","","-0.1","0.0","0.0","sa293531"
"Jermaine Palacios","Twins","0","1","1","0","0","0","0","0","0","0","0","0","0","0","",".232",".263",".324",".587",".254","","51","0.0","0.0","","-0.1","0.0","0.0","sa828886"
"Adrian Marin","Orioles","0","1","1","0","0","0","0","0","0","0","0","0","0","0","",".229",".269",".312",".582",".254","","52","0.0","0.0","","-0.1","0.0","0.0","sa657939"
"Joey Wong","Mariners","0","1","1","0","0","0","0","0","0","0","0","0","0","0","",".209",".287",".274",".561",".254","","57","0.0","0.0","","-0.1","0.0","0.0","sa502131"
"Dickie Joe Thon","Cardinals","0","1","1","0","0","0","0","0","0","0","0","0","0","0","",".217",".263",".320",".583",".254","","53","0.0","0.0","","-0.1","0.0","0.0","sa548351"
"Walter Ibarra","","0","1","1","0","0","0","0","0","0","0","0","0","0","0","",".235",".269",".316",".584",".254","","52","0.0","0.0","","-0.1","0.0","0.0","sa314143"
"Danny Black","Marlins","0","1","1","0","0","0","0","0","0","0","0","0","0","0","",".207",".281",".286",".566",".254","","54","0.0","0.0","","-0.1","0.0","0.0","sa503432"
"Alberto Carreon","","0","1","1","0","0","0","0","0","0","0","0","0","0","0","",".222",".269",".305",".574",".252","","51","0.0","0.0","","-0.1","0.0","0.0","sa508493"
"Carter Kieboom","Nationals","0","1","1","0","0","0","0","0","0","0","0","0","0","0","",".213",".265",".315",".580",".252","","49","0.0","0.0","","-0.1","0.0","0.0","sa917937"
"Chris Diaz","Pirates","0","1","1","0","0","0","0","0","0","0","0","0","0","0","",".219",".277",".287",".564",".251","","51","0.0","0.0","","-0.1","0.0","0.0","sa621581"
"Cito Culver","Yankees","0","1","1","0","0","0","0","0","0","0","0","0","0","0","",".204",".260",".311",".571",".250","","50","0.0","0.0","","-0.1","0.0","0.0","sa548315"
"Malquin Canelo","Phillies","0","1","1","0","0","0","0","0","0","0","0","0","0","0","",".211",".265",".303",".568",".250","","49","0.0","0.0","","-0.1","0.0","0.0","sa657479"
"Willi Castro","Indians","0","1","1","0","0","0","0","0","0","0","0","0","0","0","",".228",".260",".317",".577",".250","","48","0.0","0.0","","-0.1","0.0","0.0","sa830274"
"Joe Munoz","","0","1","1","0","0","0","0","0","0","0","0","0","0","0","",".203",".263",".304",".567",".249","","49","0.0","0.0","","-0.1","0.0","0.0","sa657976"
"Nick Noonan","Padres","0","1","1","0","0","0","0","0","0","0","0","0","0","0","",".221",".265",".303",".568",".249","","52","0.0","0.0","","-0.1","0.0","0.0","6880"
"Danny Pinero","Tigers","0","1","1","0","0","0","0","0","0","0","0","0","0","0","",".219",".272",".289",".561",".249","","48","0.0","0.0","","-0.1","0.0","0.0","sa738204"
"Niko Vasquez","","0","1","1","0","0","0","0","0","0","0","0","0","0","0","",".204",".256",".316",".572",".249","","49","0.0","0.0","","-0.1","0.0","0.0","sa454460"
"Juan Ciriaco","Giants","0","1","1","0","0","0","0","0","0","0","0","0","0","0","",".221",".263",".310",".572",".249","","52","0.0","0.0","","-0.1","0.0","0.0","sa226165"
"Hak-Ju Lee","Giants","0","1","1","0","0","0","0","0","0","0","0","0","0","0","",".205",".272",".288",".560",".249","","52","0.0","0.0","","-0.1","0.0","0.0","sa502536"
"Pete Kozma","Rangers","0","1","1","0","0","0","0","0","0","0","0","0","0","0","",".211",".270",".290",".560",".249","","45","0.0","0.0","","-0.1","0.0","0.0","2539"
"Angel Ortega","Brewers","0","1","1","0","0","0","0","0","0","0","0","0","0","0","",".225",".259",".314",".573",".249","","45","0.0","0.0","","-0.1","0.0","0.0","sa658030"
"Engelb Vielma","Pirates","2","6","6","1","0","0","0","0","0","0","1","0","0","0","",".230",".273",".288",".562",".249","","49","0.0","0.0","","-0.4","0.1","0.0","sa657416"
"Peter Van Gansen","Padres","0","1","1","0","0","0","0","0","0","0","0","0","0","0","",".218",".271",".290",".561",".248","","52","0.0","0.0","","-0.1","0.0","0.0","sa875579"
"Brandon Lopez","Twins","0","1","1","0","0","0","0","0","0","0","0","0","0","0","",".221",".276",".279",".555",".248","","47","0.0","0.0","","-0.1","0.0","0.0","sa658974"
"Juan Herrera","Cardinals","0","1","1","0","0","0","0","0","0","0","0","0","0","0","",".223",".263",".303",".566",".248","","49","0.0","0.0","","-0.1","0.0","0.0","sa597168"
"Humberto Arteaga","Royals","0","1","1","0","0","0","0","0","0","0","0","0","0","0","",".234",".268",".301",".568",".248","","47","0.0","0.0","","-0.1","0.0","0.0","sa598821"
"Yunesky Sanchez","","0","1","1","0","0","0","0","0","0","0","0","0","0","0","",".224",".265",".300",".565",".247","","47","0.0","0.0","","-0.1","0.0","0.0","sa381319"
"Jose Vinicio","White Sox","0","1","1","0","0","0","0","0","0","0","0","0","0","0","",".225",".256",".314",".570",".247","","49","0.0","0.0","","-0.1","0.0","0.0","sa549538"
"Ryan Dent","Cubs","0","1","1","0","0","0","0","0","0","0","0","0","0","0","",".206",".262",".299",".561",".247","","46","0.0","0.0","","-0.1","0.0","0.0","sa389941"
"Brendan Ryan","Angels","0","1","1","0","0","0","0","0","0","0","0","0","0","0","",".210",".269",".285",".555",".247","","51","0.0","0.0","","-0.1","0.0","0.0","6073"
"Vicente Conde","Yankees","0","1","1","0","0","0","0","0","0","0","0","0","0","0","",".192",".268",".282",".550",".247","","47","0.0","0.0","","-0.1","0.0","0.0","sa827330"
"Jake Hager","Rays","0","1","1","0","0","0","0","0","0","0","0","0","0","0","",".220",".259",".307",".566",".246","","50","0.0","0.0","","-0.1","0.0","0.0","sa600840"
"Devin Lohman","Phillies","0","1","1","0","0","0","0","0","0","0","0","0","0","0","",".209",".258",".301",".559",".245","","46","0.0","0.0","","-0.1","0.0","0.0","sa526331"
"Yefri Perez","Marlins","0","1","1","0","0","0","0","0","0","0","0","0","0","0","",".215",".272",".279",".551",".245","","48","0.0","0.0","","-0.1","0.0","0.0","12090"
"Alberto Triunfel","Angels","0","1","1","0","0","0","0","0","0","0","0","0","0","0","",".218",".257",".304",".561",".245","","50","0.0","0.0","","-0.1","0.0","0.0","sa597103"
"Pat Blair","Rays","0","1","1","0","0","0","0","0","0","0","0","0","0","0","",".200",".263",".289",".552",".245","","50","0.0","0.0","","-0.1","0.0","0.0","sa620945"
"Hoy Jun Park","Yankees","0","1","1","0","0","0","0","0","0","0","0","0","0","0","",".202",".266",".283",".549",".245","","46","0.0","0.0","","-0.1","0.0","0.0","sa877610"
"Paul Leon","","0","1","1","0","0","0","0","0","0","0","0","0","0","0","",".209",".258",".299",".557",".245","","46","0.0","0.0","","-0.1","0.0","0.0","sa546826"
"Jason Martinson","Rangers","0","1","1","0","0","0","0","0","0","0","0","0","0","0","",".187",".252",".304",".556",".245","","42","0.0","0.0","","-0.1","0.0","0.0","sa548330"
"Jio Mier","Mets","0","1","1","0","0","0","0","0","0","0","0","0","0","0","",".204",".261",".291",".552",".245","","49","0.0","0.0","","-0.1","0.0","0.0","sa500732"
"Jose Gomez","","0","1","1","0","0","0","0","0","0","0","0","0","0","0","",".227",".262",".295",".557",".244","","45","0.0","0.0","","-0.1","0.0","0.0","sa828331"
"Marcus Lemon","White Sox","0","1","1","0","0","0","0","0","0","0","0","0","0","0","",".208",".263",".288",".551",".244","","47","0.0","0.0","","-0.1","0.0","0.0","sa326707"
"Juniel Querecuto","Rays","0","1","1","0","0","0","0","0","0","0","0","0","0","0","",".214",".265",".287",".553",".244","","49","0.0","0.0","","-0.1","0.0","0.0","12140"
"Ryan Howard","Giants","0","1","1","0","0","0","0","0","0","0","0","0","0","0","",".229",".260",".298",".557",".244","","48","0.0","0.0","","-0.1","0.0","0.0","sa857225"
"Edgar Duran","Phillies","0","1","1","0","0","0","0","0","0","0","0","0","0","0","",".207",".261",".291",".552",".244","","44","0.0","0.0","","-0.1","0.0","0.0","sa503253"
"Kevin Santa","Mariners","0","1","1","0","0","0","0","0","0","0","0","0","0","0","",".206",".253",".303",".556",".244","","50","0.0","0.0","","-0.1","0.0","0.0","sa3004252"
"Dusty Coleman","Padres","0","1","1","0","0","0","0","0","0","0","0","0","0","0","",".191",".247",".312",".559",".243","","49","0.0","0.0","","-0.1","0.0","0.0","8979"
"Jack Lopez","Royals","0","1","1","0","0","0","0","0","0","0","0","0","0","0","",".215",".258",".298",".556",".243","","44","0.0","0.0","","-0.1","0.0","0.0","sa598270"
"Domingo Castro","","0","1","1","0","0","0","0","0","0","0","0","0","0","0","",".223",".266",".282",".548",".243","","44","0.0","0.0","","-0.1","0.0","0.0","sa185832"
"Carlos Penalver","Cubs","0","1","1","0","0","0","0","0","0","0","0","0","0","0","",".217",".260",".293",".554",".243","","43","0.0","0.0","","-0.1","0.0","0.0","sa596953"
"Mikey White","Athletics","0","1","1","0","0","0","0","0","0","0","0","0","0","0","",".207",".255",".295",".551",".242","","47","0.0","0.0","","-0.1","0.0","0.0","sa658966"
"Jared Reaves","Tigers","0","1","1","0","0","0","0","0","0","0","0","0","0","0","",".213",".257",".290",".548",".241","","42","0.0","0.0","","-0.1","0.0","0.0","sa658626"
"Rando Moreno","Giants","0","1","1","0","0","0","0","0","0","0","0","0","0","0","",".222",".264",".284",".548",".241","","47","0.0","0.0","","-0.1","0.0","0.0","sa597695"
"Eli White","Athletics","0","1","1","0","0","0","0","0","0","0","0","0","0","0","",".212",".261",".283",".544",".241","","46","0.0","0.0","","-0.1","0.0","0.0","sa738478"
"Luis Borges","","0","1","1","0","0","0","0","0","0","0","0","0","0","0","",".235",".262",".288",".550",".241","","43","0.0","0.0","","-0.1","0.0","0.0","sa199621"
"Alec Sole","Rays","0","1","1","0","0","0","0","0","0","0","0","0","0","0","",".209",".256",".293",".549",".240","","46","0.0","0.0","","-0.1","0.0","0.0","sa829320"
"Kyle Holder","Yankees","0","1","1","0","0","0","0","0","0","0","0","0","0","0","",".222",".257",".291",".547",".240","","43","0.0","0.0","","-0.1","0.0","0.0","sa857840"
"Ivan Jimenez","","0","1","1","0","0","0","0","0","0","0","0","0","0","0","",".208",".263",".275",".538",".240","","42","0.0","0.0","","-0.1","0.0","0.0","sa652169"
"Isaac Paredes","Cubs","0","1","1","0","0","0","0","0","0","0","0","0","0","0","",".206",".251",".292",".543",".239","","41","0.0","0.0","","-0.1","0.0","0.0","sa920275"
"Yeyson Yrizarri","Rangers","0","1","1","0","0","0","0","0","0","0","0","0","0","0","",".223",".245",".307",".552",".239","","38","0.0","0.0","","-0.1","0.0","0.0","sa828293"
"David Masters","Nationals","0","1","1","0","0","0","0","0","0","0","0","0","0","0","",".199",".254",".281",".535",".237","","39","0.0","0.0","","-0.1","0.0","0.0","sa602586"
"Luis Gonzalez","Reds","0","1","1","0","0","0","0","0","0","0","0","0","0","0","",".219",".242",".304",".547",".236","","39","0.0","0.0","","-0.1","0.0","0.0","sa736875"
"Stephen Alemais","","0","1","1","0","0","0","0","0","0","0","0","0","0","0","",".210",".250",".290",".540",".236","","40","0.0","0.0","","-0.1","0.0","0.0","sa874070"
"Leobaldo Pina","Cardinals","0","1","1","0","0","0","0","0","0","0","0","0","0","0","",".214",".247",".293",".540",".235","","41","0.0","0.0","","-0.1","0.0","0.0","sa596837"
"Chad Sedio","Tigers","0","1","1","0","0","0","0","0","0","0","0","0","0","0","",".203",".241",".299",".540",".235","","38","0.0","0.0","","-0.1","0.0","0.0","sa918611"
"Carlos Eduardo Gonzalez","","0","1","1","0","0","0","0","0","0","0","0","0","0","0","",".194",".253",".275",".528",".235","","39","0.0","0.0","","-0.1","0.0","0.0","sa509268"
"Javier Guerra","Padres","8","33","31","6","1","0","1","2","3","2","10","0","0","0","",".198",".240",".300",".540",".235","","43","0.0","0.0","","-2.4","0.4","-0.1","sa736916"
"Andres Gimenez","Mets","0","1","1","0","0","0","0","0","0","0","0","0","0","0","",".205",".252",".279",".531",".235","","43","0.0","0.0","","-0.1","0.0","0.0","sa917114"
"Richy Pedroza","","0","1","1","0","0","0","0","0","0","0","0","0","0","0","",".198",".265",".252",".517",".234","","39","0.0","0.0","","-0.1","0.0","0.0","sa621648"
"Jeremy Rivera","Red Sox","0","1","1","0","0","0","0","0","0","0","0","0","0","0","",".219",".251",".284",".535",".234","","36","0.0","0.0","","-0.1","0.0","0.0","sa829240"
"Jose Martinez","Cardinals","0","1","1","0","0","0","0","0","0","0","0","0","0","0","",".208",".255",".271",".526",".233","","40","0.0","0.0","","-0.1","0.0","0.0","sa736960"
"Andruw Monasterio","Cubs","0","1","1","0","0","0","0","0","0","0","0","0","0","0","",".210",".253",".274",".527",".233","","37","0.0","0.0","","-0.1","0.0","0.0","sa830359"
"Samar Leyva","","0","1","1","0","0","0","0","0","0","0","0","0","0","0","",".215",".247",".285",".532",".233","","38","0.0","0.0","","-0.1","0.0","0.0","sa824634"
"Carlos Herrera","Rockies","0","1","1","0","0","0","0","0","0","0","0","0","0","0","",".213",".243",".292",".535",".233","","22","0.0","0.0","","-0.1","0.0","0.0","sa830140"
"Jecksson Flores","Royals","0","1","1","0","0","0","0","0","0","0","0","0","0","0","",".211",".251",".279",".530",".233","","37","0.0","0.0","","-0.1","0.0","0.0","sa597007"
"Andrew Sohn","Cardinals","0","1","1","0","0","0","0","0","0","0","0","0","0","0","",".198",".253",".269",".522",".233","","39","0.0","0.0","","-0.1","0.0","0.0","sa829047"
"Royce Lewis","Twins","0","1","1","0","0","0","0","0","0","0","0","0","0","0","",".206",".246",".283",".529",".233","","36","0.0","0.0","","-0.1","0.0","0.0","sa3004259"
"Luis Valdes","Tigers","0","1","1","0","0","0","0","0","0","0","0","0","0","0","",".210",".246",".284",".531",".232","","37","0.0","0.0","","-0.1","0.0","0.0","sa863270"
"Felipe Blanco","Padres","0","1","1","0","0","0","0","0","0","0","0","0","0","0","",".197",".242",".286",".528",".232","","41","0.0","0.0","","-0.1","0.0","0.0","sa598819"
"Arquimedes Gamboa","Phillies","0","1","1","0","0","0","0","0","0","0","0","0","0","0","",".197",".245",".280",".525",".232","","36","0.0","0.0","","-0.1","0.0","0.0","sa877497"
"Rayder Ascanio","Cardinals","0","1","1","0","0","0","0","0","0","0","0","0","0","0","",".199",".252",".268",".519",".231","","38","0.0","0.0","","-0.1","0.0","0.0","sa735861"
"Edwin Lora","Nationals","0","1","1","0","0","0","0","0","0","0","0","0","0","0","",".203",".249",".275",".524",".231","","35","0.0","0.0","","-0.1","0.0","0.0","sa737245"
"Matt McLaughlin","Rockies","0","1","1","0","0","0","0","0","0","0","0","0","0","0","",".207",".252",".267",".519",".231","","21","0.0","0.0","","-0.1","0.0","0.0","sa915706"
"Alfredo Rodriguez","Reds","0","1","1","0","0","0","0","0","0","0","0","0","0","0","",".213",".249",".274",".523",".231","","35","0.0","0.0","","-0.1","0.0","0.0","sa922180"
"Grenny Cumana","Phillies","0","1","1","0","0","0","0","0","0","0","0","0","0","0","",".214",".248",".277",".525",".231","","36","0.0","0.0","","-0.1","0.0","0.0","sa735846"
"Kramer Robertson","Cardinals","0","1","1","0","0","0","0","0","0","0","0","0","0","0","",".205",".248",".274",".522",".231","","38","0.0","0.0","","-0.1","0.0","0.0","sa857820"
"Connor Justus","Angels","0","1","1","0","0","0","0","0","0","0","0","0","0","0","",".185",".256",".251",".508",".230","","40","0.0","0.0","","-0.1","0.0","0.0","sa873634"
"Wade Kirkland","Athletics","0","1","1","0","0","0","0","0","0","0","0","0","0","0","",".204",".238",".290",".527",".230","","38","0.0","0.0","","-0.1","0.0","0.0","sa549069"
"Brendon Davis","Rangers","0","1","1","0","0","0","0","0","0","0","0","0","0","0","",".187",".247",".268",".515",".229","","32","0.0","0.0","","-0.1","0.0","0.0","sa875089"
"Javier Salazar","","0","1","1","0","0","0","0","0","0","0","0","0","0","0","",".200",".253",".261",".514",".229","","35","0.0","0.0","","-0.1","0.0","0.0","sa3001898"
"David Gonzalez","Tigers","0","1","1","0","0","0","0","0","0","0","0","0","0","0","",".204",".250",".262",".512",".228","","33","0.0","0.0","","-0.1","0.0","0.0","sa596234"
"Anfernee Seymour","Braves","0","1","1","0","0","0","0","0","0","0","0","0","0","0","",".208",".251",".262",".513",".228","","34","0.0","0.0","","-0.1","0.0","0.0","sa829114"
"Lucius Fox","Rays","0","1","1","0","0","0","0","0","0","0","0","0","0","0","",".196",".251",".256",".508",".228","","38","0.0","0.0","","-0.1","0.0","0.0","sa914200"
"Heber Gomez","","0","1","1","0","0","0","0","0","0","0","0","0","0","0","",".208",".247",".267",".514",".227","","34","0.0","0.0","","-0.1","0.0","0.0","sa203954"
"Alejandro Rivero","","0","1","1","0","0","0","0","0","0","0","0","0","0","0","",".202",".254",".252",".505",".227","","34","0.0","0.0","","-0.1","0.0","0.0","sa592345"
"Gavin Lux","Dodgers","0","1","1","0","0","0","0","0","0","0","0","0","0","0","",".195",".245",".264",".510",".227","","37","0.0","0.0","","-0.1","0.0","0.0","sa917933"
"Adrian Valerio","Pirates","0","1","1","0","0","0","0","0","0","0","0","0","0","0","",".206",".231",".290",".522",".226","","34","0.0","0.0","","-0.1","0.0","0.0","sa828164"
"Aramis Ademan","Cubs","0","1","1","0","0","0","0","0","0","0","0","0","0","0","",".202",".238",".279",".516",".226","","32","0.0","0.0","","-0.1","0.0","0.0","sa917352"
"Diego Castillo","Yankees","0","1","1","0","0","0","0","0","0","0","0","0","0","0","",".211",".247",".264",".511",".226","","33","0.0","0.0","","-0.1","0.0","0.0","sa872839"
"Garrett Mattlage","Tigers","0","1","1","0","0","0","0","0","0","0","0","0","0","0","",".193",".241",".269",".509",".226","","32","0.0","0.0","","-0.1","0.0","0.0","sa602548"
"Robi Estrada","","0","1","1","0","0","0","0","0","0","0","0","0","0","0","",".192",".238",".272",".511",".225","","33","0.0","0.0","","-0.1","0.0","0.0","sa328059"
"Galli Cribbs","Diamondbacks","0","1","1","0","0","0","0","0","0","0","0","0","0","0","",".190",".245",".262",".507",".225","","27","0.0","0.0","","-0.1","0.0","0.0","sa708444"
"Edwin Diaz","Athletics","0","1","1","0","0","0","0","0","0","0","0","0","0","0","",".187",".240",".268",".508",".225","","35","0.0","0.0","","-0.1","0.0","0.0","sa738152"
"Emmanuel Marrero","Phillies","0","1","1","0","0","0","0","0","0","0","0","0","0","0","",".198",".240",".270",".510",".225","","32","0.0","0.0","","-0.1","0.0","0.0","sa829119"
"Hector Hernandez","","0","1","1","0","0","0","0","0","0","0","0","0","0","0","",".206",".245",".263",".508",".225","","32","0.0","0.0","","-0.1","0.0","0.0","sa509125"
"Cleuluis Rondon","White Sox","0","1","1","0","0","0","0","0","0","0","0","0","0","0","",".193",".246",".257",".503",".225","","34","0.0","0.0","","-0.1","0.0","0.0","sa596998"
"Kevin Flores","","0","1","1","0","0","0","0","0","0","0","0","0","0","0","",".201",".244",".261",".506",".224","","32","0.0","0.0","","-0.1","0.0","0.0","sa509435"
"Eric Marinez","Athletics","0","1","1","0","0","0","0","0","0","0","0","0","0","0","",".207",".244",".264",".508",".224","","34","0.0","0.0","","-0.1","0.0","0.0","sa736686"
"Jake Yacinich","Angels","0","1","1","0","0","0","0","0","0","0","0","0","0","0","",".202",".239",".269",".508",".223","","35","0.0","0.0","","-0.1","0.0","0.0","sa829135"
"Johan Cruz","White Sox","0","1","1","0","0","0","0","0","0","0","0","0","0","0","",".194",".233",".275",".507",".223","","33","0.0","0.0","","-0.1","0.0","0.0","sa736621"
"Rufino Candelario","","0","1","1","0","0","0","0","0","0","0","0","0","0","0","",".202",".239",".266",".505",".223","","31","0.0","0.0","","-0.1","0.0","0.0","sa509120"
"Kevin Vicuna","Blue Jays","0","1","1","0","0","0","0","0","0","0","0","0","0","0","",".205",".239",".264",".503",".222","","30","0.0","0.0","","-0.1","0.0","0.0","sa872466"
"Trace Tam Sing","Pirates","0","1","1","0","0","0","0","0","0","0","0","0","0","0","",".188",".239",".263",".502",".222","","31","0.0","0.0","","-0.1","0.0","0.0","sa549579"
"Angel Aguilar","Yankees","0","1","1","0","0","0","0","0","0","0","0","0","0","0","",".193",".228",".279",".507",".222","","30","0.0","0.0","","-0.1","0.0","0.0","sa657323"
"Ruddy Giron","Padres","0","1","1","0","0","0","0","0","0","0","0","0","0","0","",".193",".235",".266",".501",".221","","34","0.0","0.0","","-0.1","0.0","0.0","sa830284"
"Luke Wakamatsu","Indians","0","1","1","0","0","0","0","0","0","0","0","0","0","0","",".189",".229",".271",".500",".220","","27","0.0","0.0","","-0.1","0.0","0.0","sa875259"
"Yeltsin Gudino","Blue Jays","0","1","1","0","0","0","0","0","0","0","0","0","0","0","",".197",".240",".253",".493",".219","","28","0.0","0.0","","-0.1","0.0","0.0","sa830208"
"John Polonius","Giants","0","1","1","0","0","0","0","0","0","0","0","0","0","0","",".193",".235",".260",".494",".219","","32","0.0","0.0","","-0.1","0.0","0.0","sa599310"
"Luis Aviles","Brewers","0","1","1","0","0","0","0","0","0","0","0","0","0","0","",".193",".228",".271",".499",".218","","25","0.0","0.0","","-0.1","0.0","0.0","sa738445"
"Jeremy Sy","Giants","0","1","1","0","0","0","0","0","0","0","0","0","0","0","",".173",".233",".253",".487",".218","","31","0.0","0.0","","-0.1","0.0","0.0","sa658194"
"Cristian Toribio","Rays","0","1","1","0","0","0","0","0","0","0","0","0","0","0","",".195",".228",".270",".498",".218","","31","0.0","0.0","","-0.1","0.0","0.0","sa657281"
"Jose Fernandez","Braves","0","1","1","0","0","0","0","0","0","0","0","0","0","0","",".173",".242",".236",".478",".217","","28","0.0","0.0","","-0.1","0.0","0.0","sa549697"
"Gorge Munoz","Twins","0","1","1","0","0","0","0","0","0","0","0","0","0","0","",".195",".229",".265",".494",".217","","25","0.0","0.0","","-0.1","0.0","0.0","sa872810"
"Mason McCoy","Orioles","0","1","1","0","0","0","0","0","0","0","0","0","0","0","",".194",".236",".251",".488",".217","","27","0.0","0.0","","-0.1","0.0","0.0","sa3002758"
"Chris Baker","Padres","0","1","1","0","0","0","0","0","0","0","0","0","0","0","",".185",".230",".260",".490",".217","","31","0.0","0.0","","-0.1","0.0","0.0","sa918365"
"Roberto Baldoquin","Angels","0","1","1","0","0","0","0","0","0","0","0","0","0","0","",".193",".233",".254",".487",".216","","30","0.0","0.0","","-0.1","0.0","0.0","sa857538"
"Leonardo Laffita","Tigers","0","1","1","0","0","0","0","0","0","0","0","0","0","0","",".196",".228",".263",".491",".216","","25","0.0","0.0","","-0.1","0.0","0.0","sa879555"
"Keaton Jones","Tigers","0","1","1","0","0","0","0","0","0","0","0","0","0","0","",".188",".229",".259",".488",".215","","25","0.0","0.0","","-0.1","0.0","0.0","sa875710"
"Nick Dean","Dodgers","0","1","1","0","0","0","0","0","0","0","0","0","0","0","",".180",".235",".244",".479",".215","","30","0.0","0.0","","-0.1","0.0","0.0","sa876094"
"Horacio Vasquez","","0","1","1","0","0","0","0","0","0","0","0","0","0","0","",".196",".231",".257",".488",".215","","26","0.0","0.0","","-0.1","0.0","0.0","sa509736"
"Osvaldo Duarte","Astros","0","1","1","0","0","0","0","0","0","0","0","0","0","0","",".180",".226",".260",".486",".215","","29","0.0","0.0","","-0.1","0.0","0.0","sa828299"
"Daniel Bravo","Padres","0","1","1","0","0","0","0","0","0","0","0","0","0","0","",".193",".228",".261",".489",".214","","29","0.0","0.0","","-0.1","0.0","0.0","sa657827"
"Hector Vargas","Reds","0","1","1","0","0","0","0","0","0","0","0","0","0","0","",".199",".225",".266",".491",".214","","24","0.0","0.0","","-0.1","0.0","0.0","sa736941"
"Austin Aune","Yankees","0","1","1","0","0","0","0","0","0","0","0","0","0","0","",".175",".223",".259",".482",".213","","24","0.0","0.0","","-0.1","0.0","0.0","sa657969"
"Carlos Belonis","Brewers","0","1","1","0","0","0","0","0","0","0","0","0","0","0","",".191",".229",".252",".481",".213","","22","0.0","0.0","","-0.1","0.0","0.0","sa657248"
"Anibal Sierra","Astros","0","1","1","0","0","0","0","0","0","0","0","0","0","0","",".180",".224",".258",".483",".213","","28","0.0","0.0","","-0.1","0.0","0.0","sa908626"
"Marten Gasparini","Royals","0","1","1","0","0","0","0","0","0","0","0","0","0","0","",".185",".223",".260",".483",".212","","23","0.0","0.0","","-0.1","0.0","0.0","sa830181"
"Carlos Tovar","Red Sox","0","1","1","0","0","0","0","0","0","0","0","0","0","0","",".193",".225",".259",".484",".212","","21","0.0","0.0","","-0.1","0.0","0.0","sa828311"
"Kurt Hoekstra","Braves","0","1","1","0","0","0","0","0","0","0","0","0","0","0","",".186",".231",".246",".477",".212","","24","0.0","0.0","","-0.1","0.0","0.0","sa875296"
"Jesus Lopez","","0","1","1","0","0","0","0","0","0","0","0","0","0","0","",".190",".223",".258",".482",".212","","24","0.0","0.0","","-0.1","0.0","0.0","sa325096"
"Steve Carrillo","","0","1","1","0","0","0","0","0","0","0","0","0","0","0","",".181",".228",".246",".474",".211","","23","0.0","0.0","","-0.1","0.0","0.0","sa922596"
"Alfredo Reyes","Pirates","0","1","1","0","0","0","0","0","0","0","0","0","0","0","",".194",".227",".252",".480",".211","","24","0.0","0.0","","-0.1","0.0","0.0","sa597093"
"Jared Breen","Orioles","0","1","1","0","0","0","0","0","0","0","0","0","0","0","",".180",".234",".233",".467",".211","","22","0.0","0.0","","-0.1","0.0","0.0","sa738339"
"Erison Mendez","Braves","0","1","1","0","0","0","0","0","0","0","0","0","0","0","",".194",".225",".253",".478",".211","","23","0.0","0.0","","-0.1","0.0","0.0","sa743080"
"Manuel Lopez","","0","1","1","0","0","0","0","0","0","0","0","0","0","0","",".182",".228",".244",".472",".210","","23","0.0","0.0","","-0.1","0.0","0.0","sa509652"
"Trae Arbet","Pirates","0","1","1","0","0","0","0","0","0","0","0","0","0","0","",".186",".217",".263",".480",".210","","24","0.0","0.0","","-0.1","0.0","0.0","sa737823"
"Tyler Filliben","Pirates","0","1","1","0","0","0","0","0","0","0","0","0","0","0","",".187",".228",".241",".469",".209","","23","0.0","0.0","","-0.1","0.0","0.0","sa829055"
"Yan Sanchez","Diamondbacks","0","1","1","0","0","0","0","0","0","0","0","0","0","0","",".187",".220",".258",".478",".209","","16","0.0","0.0","","-0.1","0.0","0.0","sa828285"
"Milton Ramos","Orioles","0","1","1","0","0","0","0","0","0","0","0","0","0","0","",".192",".228",".244",".472",".208","","21","0.0","0.0","","-0.1","0.0","0.0","sa828792"
"Justin Twine","Marlins","0","1","1","0","0","0","0","0","0","0","0","0","0","0","",".185",".222",".253",".475",".208","","24","0.0","0.0","","-0.1","0.0","0.0","sa828686"
"J.C. Cardenas","Blue Jays","0","1","1","0","0","0","0","0","0","0","0","0","0","0","",".178",".225",".243",".467",".208","","21","0.0","0.0","","-0.1","0.0","0.0","sa875166"
"Raul Rivas","Phillies","0","1","1","0","0","0","0","0","0","0","0","0","0","0","",".193",".227",".241",".468",".208","","21","0.0","0.0","","-0.1","0.0","0.0","sa871433"
"J.J. Gould","Marlins","0","1","1","0","0","0","0","0","0","0","0","0","0","0","",".169",".222",".243",".465",".208","","23","0.0","0.0","","-0.1","0.0","0.0","sa918528"
"Aaron Blanton","Marlins","0","1","1","0","0","0","0","0","0","0","0","0","0","0","",".176",".223",".241",".464",".207","","23","0.0","0.0","","-0.1","0.0","0.0","sa737862"
"Garvis Lara","Marlins","0","1","1","0","0","0","0","0","0","0","0","0","0","0","",".183",".223",".247",".470",".207","","23","0.0","0.0","","-0.1","0.0","0.0","sa828305"
"Jordan Gore","Twins","0","1","1","0","0","0","0","0","0","0","0","0","0","0","",".181",".220",".246",".466",".206","","18","0.0","0.0","","-0.1","0.0","0.0","sa3004127"
"Brandon Van Horn","Giants","0","1","1","0","0","0","0","0","0","0","0","0","0","0","",".184",".221",".242",".462",".205","","23","0.0","0.0","","-0.1","0.0","0.0","sa918436"
"Irving Ortega","Orioles","0","1","1","0","0","0","0","0","0","0","0","0","0","0","",".181",".221",".239",".461",".205","","18","0.0","0.0","","-0.1","0.0","0.0","sa872446"
"Jasrado Chisholm","Diamondbacks","0","1","1","0","0","0","0","0","0","0","0","0","0","0","",".178",".217",".246",".463",".205","","14","0.0","0.0","","-0.1","0.0","0.0","sa919327"
"Cory Thompson","Reds","0","1","1","0","0","0","0","0","0","0","0","0","0","0","",".178",".214",".251",".465",".205","","18","0.0","0.0","","-0.1","0.0","0.0","sa738349"
"Deion Tansel","Rays","0","1","1","0","0","0","0","0","0","0","0","0","0","0","",".187",".218",".246",".464",".204","","22","0.0","0.0","","-0.1","0.0","0.0","sa918795"
"Kevin Merrell","Athletics","0","1","1","0","0","0","0","0","0","0","0","0","0","0","",".186",".218",".245",".463",".204","","21","0.0","0.0","","-0.1","0.0","0.0","sa915707"
"Elvis Perez","Indians","0","1","1","0","0","0","0","0","0","0","0","0","0","0","",".183",".221",".240",".460",".204","","16","0.0","0.0","","-0.1","0.0","0.0","sa872780"
"Devin Hairston","Brewers","0","1","1","0","0","0","0","0","0","0","0","0","0","0","",".175",".218",".241",".458",".204","","16","0.0","0.0","","-0.1","0.0","0.0","sa915575"
"Grant Massey","White Sox","0","1","1","0","0","0","0","0","0","0","0","0","0","0","",".190",".223",".236",".459",".204","","19","0.0","0.0","","-0.1","0.0","0.0","sa875816"
"Nick Maton","Phillies","0","1","1","0","0","0","0","0","0","0","0","0","0","0","",".175",".221",".231",".453",".203","","17","0.0","0.0","","-0.1","0.0","0.0","sa876186"
"Javier Lopez","Marlins","0","1","1","0","0","0","0","0","0","0","0","0","0","0","",".184",".218",".241",".459",".203","","20","0.0","0.0","","-0.1","0.0","0.0","sa657314"
"Guillermo Salas","Orioles","0","1","1","0","0","0","0","0","0","0","0","0","0","0","",".187",".214",".246",".460",".201","","16","0.0","0.0","","-0.1","0.0","0.0","sa736882"
"Cole Peterson","Tigers","0","1","1","0","0","0","0","0","0","0","0","0","0","0","",".187",".218",".236",".454",".201","","15","0.0","0.0","","-0.1","0.0","0.0","sa3003965"
"Hiram Martinez","","0","1","1","0","0","0","0","0","0","0","0","0","0","0","",".183",".220",".227",".447",".200","","15","0.0","0.0","","-0.1","0.0","0.0","sa550519"
"Logan Warmoth","Blue Jays","0","1","1","0","0","0","0","0","0","0","0","0","0","0","",".182",".211",".243",".453",".199","","14","0.0","0.0","","-0.1","0.0","0.0","sa3004813"
"William Cuicas","Phillies","0","1","1","0","0","0","0","0","0","0","0","0","0","0","",".171",".216",".228",".443",".198","","15","0.0","0.0","","-0.1","0.0","0.0","sa655916"
"Luis Silva","Blue Jays","0","1","1","0","0","0","0","0","0","0","0","0","0","0","",".180",".213",".235",".448",".198","","13","0.0","0.0","","-0.1","0.0","0.0","sa828292"
"Colby Woodmansee","Mets","0","1","1","0","0","0","0","0","0","0","0","0","0","0","",".171",".212",".232",".445",".198","","19","0.0","0.0","","-0.1","0.0","0.0","sa873689"
"Luis Guzman","","0","1","1","0","0","0","0","0","0","0","0","0","0","0","",".174",".214",".230",".444",".198","","14","0.0","0.0","","-0.1","0.0","0.0","sa872453"
"Manuel Geraldo","Giants","0","1","1","0","0","0","0","0","0","0","0","0","0","0","",".184",".211",".236",".447",".197","","18","0.0","0.0","","-0.1","0.0","0.0","sa827970"
"Adrian Rondon","Rays","0","1","1","0","0","0","0","0","0","0","0","0","0","0","",".167",".209",".234",".443",".196","","16","0.0","0.0","","-0.1","0.0","0.0","sa877519"
"Jonathan Guzman","Phillies","0","1","1","0","0","0","0","0","0","0","0","0","0","0","",".178",".211",".231",".442",".196","","13","0.0","0.0","","-0.1","0.0","0.0","sa917127"
"Miguel Hernandez","Reds","0","1","1","0","0","0","0","0","0","0","0","0","0","0","",".180",".209",".232",".442",".195","","12","0.0","0.0","","-0.1","0.0","0.0","sa917055"
"Edgardo Fermin","Mets","0","1","1","0","0","0","0","0","0","0","0","0","0","0","",".169",".211",".222",".433",".194","","16","0.0","0.0","","-0.1","0.0","0.0","sa872571"
"Cole Stobbe","Phillies","0","1","1","0","0","0","0","0","0","0","0","0","0","0","",".161",".200",".238",".439",".194","","11","0.0","0.0","","-0.1","0.0","0.0","sa917956"
"Ricky Aracena","Royals","0","1","1","0","0","0","0","0","0","0","0","0","0","0","",".179",".206",".233",".440",".193","","10","0.0","0.0","","-0.1","0.0","0.0","sa877365"
"Kelvin Melean","Padres","0","1","1","0","0","0","0","0","0","0","0","0","0","0","",".173",".215",".215",".430",".193","","15","0.0","0.0","","-0.1","0.0","0.0","sa917141"
"Geraldo Perdomo","Diamondbacks","0","1","1","0","0","0","0","0","0","0","0","0","0","0","",".164",".212",".214",".426",".192","","5","0.0","0.0","","-0.1","0.0","0.0","sa3003290"
"Chris Torres","Mariners","0","1","1","0","0","0","0","0","0","0","0","0","0","0","",".161",".207",".221",".428",".192","","14","0.0","0.0","","-0.1","0.0","0.0","sa872538"
"Cristian Perez","Royals","0","1","1","0","0","0","0","0","0","0","0","0","0","0","",".177",".209",".223",".432",".192","","9","0.0","0.0","","-0.1","0.0","0.0","sa917025"
"Marcos Gonzalez","","0","1","1","0","0","0","0","0","0","0","0","0","0","0","",".173",".208",".223",".430",".191","","10","0.0","0.0","","-0.1","0.0","0.0","sa3003311"
"Dillon Moyer","Dodgers","0","1","1","0","0","0","0","0","0","0","0","0","0","0","",".163",".209",".216",".425",".191","","14","0.0","0.0","","-0.1","0.0","0.0","sa549574"
"Clayton Brandt","Nationals","0","1","1","0","0","0","0","0","0","0","0","0","0","0","",".169",".207",".218",".425",".190","","8","0.0","0.0","","-0.1","0.0","0.0","sa875801"
"Ignacio Otano","","0","1","1","0","0","0","0","0","0","0","0","0","0","0","",".173",".203",".227",".430",".190","","9","0.0","0.0","","-0.1","0.0","0.0","sa872858"
"Joseph Astacio","Rays","0","1","1","0","0","0","0","0","0","0","0","0","0","0","",".177",".206",".223",".428",".190","","12","0.0","0.0","","-0.1","0.0","0.0","sa744255"
"Cristian Gomez","Dodgers","0","1","1","0","0","0","0","0","0","0","0","0","0","0","",".166",".200",".228",".428",".189","","13","0.0","0.0","","-0.1","0.0","0.0","sa739578"
"Gilbert Lara","Brewers","0","1","1","0","0","0","0","0","0","0","0","0","0","0","",".166",".198",".227",".424",".187","","5","0.0","0.0","","-0.1","0.0","0.0","sa877337"
"Juan Pascal","Nationals","0","1","1","0","0","0","0","0","0","0","0","0","0","0","",".173",".202",".219",".421",".187","","6","0.0","0.0","","-0.1","0.0","0.0","sa917155"
"Imeldo Diaz","Cardinals","0","1","1","0","0","0","0","0","0","0","0","0","0","0","",".171",".202",".220",".421",".187","","9","0.0","0.0","","-0.1","0.0","0.0","sa872851"
"Chris Seise","","0","1","1","0","0","0","0","0","0","0","0","0","0","0","",".169",".200",".222",".421",".186","","7","0.0","0.0","","-0.1","0.0","0.0","sa3004142"
"Oswald Peraza","","0","1","1","0","0","0","0","0","0","0","0","0","0","0","",".169",".203",".215",".418",".186","","6","0.0","0.0","","-0.1","0.0","0.0","sa3003305"
"Marcos Rivera","Marlins","0","1","1","0","0","0","0","0","0","0","0","0","0","0","",".160",".202",".215",".416",".186","","9","0.0","0.0","","-0.1","0.0","0.0","sa872509"
"Carlos Rivero","Reds","0","1","1","0","0","0","0","0","0","0","0","0","0","0","",".161",".204",".211",".415",".186","","6","0.0","0.0","","-0.1","0.0","0.0","sa828427"
"Jeter Downs","Reds","0","1","1","0","0","0","0","0","0","0","0","0","0","0","",".161",".201",".219",".420",".186","","6","0.0","0.0","","-0.1","0.0","0.0","sa3004615"
"Jose King","Diamondbacks","0","1","1","0","0","0","0","0","0","0","0","0","0","0","",".173",".201",".219",".420",".186","","1","0.0","0.0","","-0.1","0.0","0.0","sa917184"
"Taylor Walls","Rays","0","1","1","0","0","0","0","0","0","0","0","0","0","0","",".156",".206",".204",".410",".186","","9","0.0","0.0","","-0.1","0.0","0.0","sa915802"
"Miguelangel Sierra","Astros","0","1","1","0","0","0","0","0","0","0","0","0","0","0","",".156",".196",".219",".415",".184","","9","0.0","0.0","","-0.1","0.0","0.0","sa872750"
"Francisco Acuna","","0","1","1","0","0","0","0","0","0","0","0","0","0","0","",".155",".201",".208",".409",".184","","5","0.0","0.0","","-0.1","0.0","0.0","sa3003291"
"Derian Cruz","Braves","0","1","1","0","0","0","0","0","0","0","0","0","0","0","",".166",".196",".219",".416",".183","","5","0.0","0.0","","-0.1","0.0","0.0","sa916719"
"Wilkerman Garcia","Yankees","0","1","1","0","0","0","0","0","0","0","0","0","0","0","",".166",".198",".215",".413",".183","","3","0.0","0.0","","-0.1","0.0","0.0","sa872548"
"Delvin Perez","Cardinals","0","1","1","0","0","0","0","0","0","0","0","0","0","0","",".165",".200",".210",".409",".183","","6","0.0","0.0","","-0.1","0.0","0.0","sa917935"
"Jose Rivero","","0","1","1","0","0","0","0","0","0","0","0","0","0","0","",".164",".199",".208",".407",".182","","3","0.0","0.0","","-0.1","0.0","0.0","sa872802"
"Eduardo Torrealba","","0","1","1","0","0","0","0","0","0","0","0","0","0","0","",".164",".198",".209",".407",".182","","3","0.0","0.0","","-0.1","0.0","0.0","sa917095"
"Jose Fermin","","0","1","1","0","0","0","0","0","0","0","0","0","0","0","",".167",".194",".216",".411",".181","","3","0.0","0.0","","-0.1","0.0","0.0","sa917339"
"Jose Devers","","0","1","1","0","0","0","0","0","0","0","0","0","0","0","",".163",".195",".212",".407",".180","","2","0.0","0.0","","-0.1","0.0","0.0","sa3003295"
"Yancarlos Baez","","0","1","1","0","0","0","0","0","0","0","0","0","0","0","",".160",".193",".213",".406",".180","","2","0.0","0.0","","-0.1","0.0","0.0","sa827962"
"Jeison Guzman","Royals","0","1","1","0","0","0","0","0","0","0","0","0","0","0","",".162",".196",".206",".402",".180","","1","0.0","0.0","","-0.1","0.0","0.0","sa914314"
"Emmanuel Morel","Twins","0","1","1","0","0","0","0","0","0","0","0","0","0","0","",".158",".198",".199",".397",".179","","-1","0.0","0.0","","-0.1","0.0","0.0","sa828178"
"Jesus Severino","Blue Jays","0","1","1","0","0","0","0","0","0","0","0","0","0","0","",".156",".195",".203",".398",".179","","0","0.0","0.0","","-0.1","0.0","0.0","sa827943"
"Jesus Navarro","Blue Jays","0","1","1","0","0","0","0","0","0","0","0","0","0","0","",".162",".196",".203",".399",".178","","0","0.0","0.0","","-0.1","0.0","0.0","sa872468"
"Zach Rutherford","Rays","0","1","1","0","0","0","0","0","0","0","0","0","0","0","",".158",".189",".211",".400",".177","","3","0.0","0.0","","-0.1","0.0","0.0","sa915797"
"Santo Vasquez","White Sox","0","1","1","0","0","0","0","0","0","0","0","0","0","0","",".152",".187",".211",".399",".177","","1","0.0","0.0","","-0.1","0.0","0.0","sa916993"
"Jesus Bastidas","","0","1","1","0","0","0","0","0","0","0","0","0","0","0","",".162",".192",".206",".398",".177","","0","0.0","0.0","","-0.1","0.0","0.0","sa916969"
"Luis Hernandez","","0","1","1","0","0","0","0","0","0","0","0","0","0","0","",".151",".188",".208",".396",".176","","0","0.0","0.0","","-0.1","0.0","0.0","sa872553"
"Wilson Amador","Astros","0","1","1","0","0","0","0","0","0","0","0","0","0","0","",".159",".190",".207",".397",".176","","3","0.0","0.0","","-0.1","0.0","0.0","sa828306"
"Edidson Rojas","","0","1","1","0","0","0","0","0","0","0","0","0","0","0","",".153",".189",".206",".395",".176","","0","0.0","0.0","","-0.1","0.0","0.0","sa3003427"
"Westhers Magdaleno","Padres","0","1","1","0","0","0","0","0","0","0","0","0","0","0","",".153",".193",".196",".390",".175","","4","0.0","0.0","","-0.1","0.0","0.0","sa828269"
"Kevin Smith","Blue Jays","0","1","1","0","0","0","0","0","0","0","0","0","0","0","",".155",".183",".214",".398",".175","","-2","0.0","0.0","","-0.1","0.0","0.0","sa915864"
"Luis Leon","Rays","0","1","1","0","0","0","0","0","0","0","0","0","0","0","",".160",".190",".205",".395",".175","","2","0.0","0.0","","-0.1","0.0","0.0","sa917463"
"Joan Mauricio","Astros","0","1","1","0","0","0","0","0","0","0","0","0","0","0","",".152",".192",".196",".388",".174","","2","0.0","0.0","","-0.1","0.0","0.0","sa828130"
"Cecilio Aybar","Mets","0","1","1","0","0","0","0","0","0","0","0","0","0","0","",".157",".187",".206",".393",".174","","3","0.0","0.0","","-0.1","0.0","0.0","sa834828"
"Julio Garcia","Angels","0","1","1","0","0","0","0","0","0","0","0","0","0","0","",".159",".190",".200",".390",".174","","2","0.0","0.0","","-0.1","0.0","0.0","sa837670"
"Jhoander Saez","Mets","0","1","1","0","0","0","0","0","0","0","0","0","0","0","",".157",".190",".199",".389",".174","","3","0.0","0.0","","-0.1","0.0","0.0","sa3003206"
"Carlos Baez","Orioles","0","1","1","0","0","0","0","0","0","0","0","0","0","0","",".159",".186",".208",".394",".173","","-3","0.0","0.0","","-0.1","0.0","0.0","sa880736"
"Amado Nunez","White Sox","0","1","1","0","0","0","0","0","0","0","0","0","0","0","",".155",".187",".198",".385",".172","","-2","0.0","0.0","","-0.1","0.0","0.0","sa877349"
"Urwin Juaquin","Reds","0","1","1","0","0","0","0","0","0","0","0","0","0","0","",".154",".186",".200",".385",".172","","-4","0.0","0.0","","-0.1","0.0","0.0","sa873161"
"Starlin Balbuena","Cardinals","0","1","1","0","0","0","0","0","0","0","0","0","0","0","",".156",".184",".203",".387",".171","","-1","0.0","0.0","","-0.1","0.0","0.0","sa872478"
"Sebastian Espino","Mets","0","1","1","0","0","0","0","0","0","0","0","0","0","0","",".151",".181",".203",".384",".170","","1","0.0","0.0","","-0.1","0.0","0.0","sa3003347"
"Raffy Ozuna","Cardinals","0","1","1","0","0","0","0","0","0","0","0","0","0","0","",".140",".184",".194",".378",".170","","-2","0.0","0.0","","-0.1","0.0","0.0","sa917133"
"Dylan Snypes","Mets","0","1","1","0","0","0","0","0","0","0","0","0","0","0","",".141",".185",".186",".371",".168","","-1","0.0","0.0","","-0.1","0.0","0.0","sa3003966"
"Hugo Cardona","Blue Jays","0","1","1","0","0","0","0","0","0","0","0","0","0","0","",".150",".183",".194",".377",".168","","-7","0.0","0.0","","-0.1","0.0","0.0","sa3003339"
"Nonie Williams","Angels","0","1","1","0","0","0","0","0","0","0","0","0","0","0","",".150",".180",".190",".369",".165","","-5","0.0","0.0","","-0.1","0.0","0.0","sa917984"
"Yeffry De Aza","Mets","0","1","1","0","0","0","0","0","0","0","0","0","0","0","",".148",".179",".190",".369",".165","","-3","0.0","0.0","","-0.1","0.0","0.0","sa828866"
"Joey Hawkins","Cardinals","0","1","1","0","0","0","0","0","0","0","0","0","0","0","",".142",".177",".182",".359",".162","","-7","0.0","0.0","","-0.1","0.0","0.0","sa602648"
"Jose Sanchez","","0","1","1","0","0","0","0","0","0","0","0","0","0","0","",".138",".172",".181",".353",".158","","-12","0.0","0.0","","-0.1","0.0","0.0","sa917146"
"Ronal Reynoso","","0","1","1","0","0","0","0","0","0","0","0","0","0","0","",".139",".173",".176",".349",".157","","-13","0.0","0.0","","-0.1","0.0","0.0","sa872842"
"Luis Arias","Rays","0","1","1","0","0","0","0","0","0","0","0","0","0","0","",".126",".160",".163",".323",".146","","-18","0.0","0.0","","-0.1","0.0","0.0","sa917494"
