"","Name","Team","position","playerid","PA","AB","R","HR","RBI","SB","AVG","marginal.total.points","dollar.value","status"
"1","Mike Trout","Angels","outfield","10155",658,518,117,39,106,20,0.3,15.84,43.61,"drafted"
"2","Mookie Betts","Red Sox","outfield","13611",679,587,115,29,92,26,0.302,14.9,41.01,"drafted"
"3","J.D. Martinez","Red Sox","outfield","6184",651,568,101,39,117,4,0.297,12.7,34.97,"drafted"
"4","Adalberto Mondesi","Royals","shortstop","13769",651,580,79,23,78,46,0.252,12.66,34.86,"drafted"
"5","Jose Ramirez","Indians","third_base","13510",651,557,93,27,97,23,0.284,12.29,33.84,"drafted"
"6","Trea Turner","Nationals","shortstop","16252",644,587,92,17,67,40,0.287,12.16,33.48,"drafted"
"7","Ronald Acuna Jr.","Braves","outfield","18401",658,588,94,28,80,24,0.279,12.06,33.2,"drafted"
"8","Francisco Lindor","Indians","shortstop","12916",658,590,100,30,88,20,0.286,11.9,32.76,"drafted"
"9","Starling Marte","Pirates","outfield","9241",644,591,82,18,73,34,0.282,11.59,31.91,"drafted"
"10","Trevor Story","Rockies","shortstop","12564",644,566,88,32,101,19,0.271,11.54,31.77,"drafted"
"11","Christian Yelich","Brewers","outfield","11477",651,568,95,27,86,15,0.296,11.27,31.03,"drafted"
"12","Nolan Arenado","Rockies","third_base","9777",651,578,96,36,108,3,0.286,10.73,29.53,"drafted"
"13","Bryce Harper",NA,"outfield","11579",630,510,95,34,92,10,0.267,10.68,29.39,"drafted"
"14","Giancarlo Stanton","Yankees","outfield","4949",574,500,91,42,102,3,0.267,10.63,29.27,"drafted"
"15","Manny Machado",NA,"third_base","11493",630,566,91,33,95,9,0.288,10.49,28.87,"drafted"
"16","Nelson Cruz","Twins","dh","2434",630,549,91,37,106,1,0.282,10.38,28.59,"drafted"
"17","Juan Soto","Nationals","outfield","20123",637,530,91,29,93,7,0.291,10.08,27.75,"drafted"
"18","Aaron Judge","Yankees","outfield","15640",644,536,98,36,93,7,0.251,10.05,27.68,"drafted"
"19","Javier Baez","Cubs","shortstop","12979",637,573,80,29,93,17,0.269,10,27.54,"drafted"
"20","Joey Gallo","Rangers","outfield","14128",651,530,90,43,101,7,0.225,9.93,27.35,"drafted"
"21","Yasiel Puig","Reds","outfield","14225",595,503,77,28,88,15,0.275,9.82,27.02,"drafted"
"22","Andrew Benintendi","Red Sox","outfield","17901",644,568,94,18,79,17,0.286,9.76,26.86,"drafted"
"23","Anthony Rizzo","Cubs","first_base","3473",651,548,94,30,95,7,0.281,9.74,26.82,"drafted"
"24","Alex Bregman","Astros","third_base","17678",651,556,96,26,88,11,0.279,9.54,26.28,"drafted"
"25","Paul Goldschmidt","Cardinals","first_base","9218",658,550,92,27,89,11,0.277,9.52,26.2,"drafted"
"26","Charlie Blackmon","Rockies","outfield","7859",630,574,95,24,73,12,0.287,9.47,26.07,"drafted"
"27","Freddie Freeman","Braves","first_base","5361",658,562,91,27,92,8,0.286,9.43,25.96,"drafted"
"28","Rhys Hoskins","Phillies","outfield","16472",651,554,93,36,92,6,0.249,9.33,25.68,"drafted"
"29","Khris Davis","Athletics","dh","9112",658,570,89,40,107,1,0.24,9.29,25.56,"drafted"
"30","Kris Bryant","Cubs","third_base","15429",651,548,98,29,87,7,0.275,9.16,25.21,"drafted"
"31","Mallex Smith","Mariners","outfield","13608",644,558,71,6,55,40,0.262,8.98,24.71,"drafted"
"32","Eddie Rosario","Twins","outfield","12155",644,590,82,25,88,9,0.277,8.8,24.22,"drafted"
"33","Victor Robles","Nationals","outfield","18363",603,535,73,13,64,28,0.273,8.77,24.14,"drafted"
"34","Cody Bellinger","Dodgers","outfield","15998",595,509,78,30,89,10,0.257,8.67,23.86,"drafted"
"35","Gary Sanchez","Yankees","catcher","11442",550,483,74,31,84,3,0.245,8.59,23.64,"drafted"
"36","A.J. Pollock",NA,"outfield","9256",630,564,79,22,77,18,0.259,8.58,23.63,"drafted"
"37","Marcell Ozuna","Cardinals","outfield","10324",630,566,79,28,96,2,0.288,8.53,23.49,"drafted"
"38","Jose Altuve","Astros","second_base","5417",644,580,88,17,81,17,0.302,8.48,23.35,"drafted"
"39","Lorenzo Cain","Brewers","outfield","9077",630,565,81,14,63,21,0.284,8.32,22.91,"drafted"
"40","George Springer","Astros","outfield","12856",644,569,95,26,75,8,0.263,8.29,22.83,"drafted"
"41","David Dahl","Rockies","outfield","13744",609,544,76,23,82,12,0.27,8.25,22.7,"drafted"
"42","Xander Bogaerts","Red Sox","shortstop","12161",644,569,86,20,86,10,0.286,8.14,22.41,"drafted"
"43","Ryan Braun","Brewers","outfield","3410",560,498,71,25,79,13,0.265,8.04,22.13,"drafted"
"44","Miguel Andujar","Yankees","third_base","15878",644,576,81,27,93,4,0.279,8.03,22.12,"drafted"
"45","Andrew McCutchen","Phillies","outfield","9847",595,511,81,26,76,11,0.263,8.02,22.07,""
"46","Anthony Rendon","Nationals","third_base","12861",644,554,85,23,88,5,0.287,7.93,21.84,"drafted"
"47","Justin Upton","Angels","outfield","5222",630,548,80,29,88,8,0.242,7.78,21.42,"drafted"
"48","Wil Myers","Padres","first_base","10047",637,562,79,25,75,18,0.24,7.75,21.35,"drafted"
"49","Jose Abreu","White Sox","first_base","15676",630,572,80,28,92,2,0.28,7.73,21.29,"drafted"
"50","Shohei Ohtani","Angels","dh","19755",490,420,69,26,76,10,0.273,7.71,21.21,"drafted"
"51","Miguel Cabrera","Tigers","first_base","1744",651,564,84,26,89,2,0.283,7.67,21.1,"drafted"
"52","Rougned Odor","Rangers","second_base","12282",644,574,79,28,86,16,0.249,7.57,20.85,""
"53","Eugenio Suarez","Reds","third_base","12552",651,552,82,29,92,4,0.257,7.5,20.66,"drafted"
"54","Justin Turner","Dodgers","third_base","5235",644,561,87,22,83,4,0.286,7.49,20.62,"drafted"
"55","Matt Olson","Athletics","first_base","14344",651,549,86,33,93,2,0.244,7.48,20.6,"drafted"
"56","Eloy Jimenez","White Sox","outfield","sa830373",574,506,74,25,80,3,0.293,7.47,20.56,"drafted"
"57","Nicholas Castellanos","Tigers","outfield","11737",644,582,81,24,87,3,0.276,7.43,20.45,"drafted"
"58","Nomar Mazara","Rangers","outfield","14553",644,574,80,26,89,2,0.271,7.43,20.44,"drafted"
"59","Ender Inciarte","Braves","outfield","4922",644,584,75,10,57,24,0.274,7.42,20.42,"drafted"
"60","Jean Segura","Phillies","shortstop","5933",637,598,79,14,60,20,0.284,7.33,20.18,"drafted"
"61","Mike Moustakas",NA,"third_base","4892",630,566,80,31,89,3,0.256,7.33,20.17,"drafted"
"62","Whit Merrifield","Royals","second_base","11281",637,588,78,11,57,30,0.275,7.32,20.15,"drafted"
"63","Carlos Correa","Astros","shortstop","14162",644,557,85,26,92,4,0.265,7.29,20.07,"drafted"
"64","Billy Hamilton","Royals","outfield","10199",595,526,65,5,45,40,0.241,7.27,20.02,"drafted"
"65","Jose Peraza","Reds","shortstop","13593",644,592,74,11,63,23,0.281,7.25,19.95,"drafted"
"66","David Peralta","Diamondbacks","outfield","2136",637,574,81,22,76,5,0.281,7.23,19.9,"drafted"
"67","Michael Brantley","Astros","outfield","4106",595,540,79,17,74,10,0.282,7.22,19.87,"drafted"
"68","Aaron Hicks","Yankees","outfield","5297",630,530,83,23,76,11,0.247,7.14,19.67,"drafted"
"69","Austin Meadows","Rays","outfield","15672",581,520,70,18,69,16,0.264,7.09,19.53,"drafted"
"70","Tommy Pham","Rays","outfield","2967",581,496,75,20,67,16,0.255,7.09,19.53,"drafted"
"71","Corey Seager","Dodgers","shortstop","13624",637,566,90,23,76,4,0.283,7.08,19.49,"drafted"
"72","Daniel Murphy","Rockies","second_base","4316",616,554,83,22,88,4,0.306,7.03,19.37,"drafted"
"73","Joey Votto","Reds","first_base","4314",651,526,90,22,81,3,0.278,7.03,19.36,"drafted"
"74","Jonathan Villar","Orioles","shortstop","10071",560,496,65,15,55,30,0.25,7.02,19.33,"drafted"
"75","Mitch Haniger","Mariners","outfield","14274",651,570,81,23,79,7,0.259,7.02,19.33,"drafted"
"76","Jarrod Dyson","Diamondbacks","outfield","4866",596,508,61,7,52,33,0.253,6.98,19.23,""
"77","Ozzie Albies","Braves","second_base","16556",651,595,83,20,73,16,0.273,6.98,19.21,"drafted"
"78","Jake Bauers","Indians","first_base","15194",630,535,77,20,76,16,0.245,6.97,19.2,"drafted"
"79","Dee Gordon","Mariners","second_base","8203",644,610,72,5,50,36,0.275,6.93,19.09,"drafted"
"80","Jackie Bradley Jr.","Red Sox","outfield","12984",630,523,79,19,75,13,0.248,6.93,19.07,"drafted"
"81","Matt Chapman","Athletics","third_base","16505",651,562,84,28,86,4,0.248,6.91,19.02,"drafted"
"82","Michael Conforto","Mets","outfield","16376",644,546,81,28,80,5,0.244,6.87,18.9,"drafted"
"83","Kendrys Morales","Blue Jays","dh","8610",630,550,78,28,86,3,0.249,6.84,18.84,""
"84","Kyle Schwarber","Cubs","outfield","16478",574,469,77,30,80,5,0.241,6.81,18.74,"drafted"
"85","Travis Shaw","Brewers","third_base","11982",630,542,76,28,87,6,0.248,6.77,18.64,"drafted"
"86","Franmil Reyes","Padres","outfield","14566",630,547,74,30,85,2,0.251,6.67,18.35,"drafted"
"87","Corey Dickerson","Pirates","dh","10762",595,546,72,21,76,6,0.275,6.66,18.33,""
"88","Tim Anderson","White Sox","shortstop","15172",637,586,68,17,67,21,0.252,6.62,18.22,"drafted"
"89","Cedric Mullins II","Orioles","outfield","17929",630,576,75,16,62,16,0.257,6.55,18.03,"drafted"
"90","Stephen Piscotty","Athletics","outfield","13367",644,554,79,23,81,4,0.261,6.52,17.96,"drafted"
"91","Gleyber Torres","Yankees","second_base","16997",651,550,81,25,84,10,0.257,6.52,17.96,"drafted"
"92","Salvador Perez","Royals","catcher","7304",534,499,61,24,75,1,0.251,6.5,17.91,"drafted"
"93","Rafael Devers","Red Sox","third_base","17350",560,490,72,23,80,6,0.27,6.5,17.9,"drafted"
"94","Randal Grichuk","Blue Jays","outfield","10243",546,484,71,29,80,5,0.243,6.48,17.84,"drafted"
"95","Amed Rosario","Mets","shortstop","15518",637,573,66,12,61,24,0.262,6.43,17.69,"drafted"
"96","Joc Pederson","Dodgers","outfield","11899",521,436,72,27,73,6,0.249,6.29,17.32,"drafted"
"97","Eric Hosmer","Padres","first_base","3516",651,576,75,22,78,6,0.265,6.21,17.09,"drafted"
"98","Buster Posey","Giants","catcher","9166",547,483,61,12,62,4,0.287,6.2,17.07,"drafted"
"99","Jorge Polanco","Twins","shortstop","13152",623,556,74,14,70,14,0.272,6.2,17.06,"drafted"
"100","Max Kepler","Twins","outfield","12144",616,526,76,21,77,7,0.254,6.19,17.04,"drafted"
"101","J.T. Realmuto","Marlins","catcher","11739",547,498,60,17,62,5,0.267,6.18,17.01,"drafted"
"102","Yasmani Grandal",NA,"catcher","11368",544,452,65,24,71,2,0.237,6.16,16.97,"drafted"
"103","Carlos Santana","Indians","first_base","2396",630,522,85,24,81,3,0.251,6.14,16.89,"drafted"
"104","Maikel Franco","Phillies","third_base","12179",590,524,70,28,84,2,0.263,6.13,16.88,"drafted"
"105","Edwin Encarnacion","Mariners","dh","2151",574,488,73,30,84,2,0.237,6.12,16.84,"drafted"
"106","Adam Jones",NA,"outfield","6368",630,591,74,22,76,4,0.266,6.11,16.83,"drafted"
"107","Marcus Semien","Athletics","shortstop","12533",644,572,79,19,69,13,0.251,6.1,16.79,"drafted"
"108","Jesus Aguilar","Brewers","first_base","11342",630,550,76,30,87,1,0.242,6.06,16.69,"drafted"
"109","Shin-Soo Choo","Rangers","dh","3174",637,550,85,20,65,7,0.254,6.03,16.61,"drafted"
"110","Ian Desmond","Rockies","outfield","6885",485,426,60,17,62,15,0.268,6.02,16.58,"drafted"
"111","Mark Trumbo","Orioles","dh","6876",595,531,70,29,83,1,0.247,6.01,16.55,""
"112","Adam Eaton","Nationals","outfield","11205",616,542,81,11,55,12,0.283,5.99,16.49,"drafted"
"113","Miguel Sano","Twins","dh","12164",595,514,76,29,84,1,0.236,5.99,16.49,"drafted"
"114","Justin Smoak","Blue Jays","first_base","9054",644,550,81,29,86,1,0.239,5.98,16.45,""
"115","Josh Donaldson","Braves","third_base","5038",560,476,81,26,71,4,0.257,5.98,16.45,"drafted"
"116","Yadier Molina","Cardinals","catcher","7007",527,478,59,15,63,5,0.267,5.94,16.37,"drafted"
"117","Odubel Herrera","Phillies","outfield","11476",616,556,71,18,71,8,0.267,5.94,16.35,"drafted"
"118","Matt Carpenter","Cardinals","first_base","8090",623,523,91,24,68,4,0.251,5.91,16.28,"drafted"
"119","Kevin Kiermaier","Rays","outfield","11038",609,543,71,15,62,18,0.238,5.84,16.09,""
"120","Kevin Pillar","Blue Jays","outfield","12434",609,550,67,15,66,14,0.258,5.82,16.03,""
"121","Hunter Renfroe","Padres","outfield","15464",567,513,66,28,80,3,0.246,5.79,15.93,""
"122","Trey Mancini","Orioles","outfield","15149",623,560,72,24,76,2,0.261,5.75,15.82,"drafted"
"123","Adam Duvall","Braves","outfield","10950",658,576,71,26,85,5,0.226,5.7,15.68,"drafted"
"124","Lourdes Gurriel Jr.","Blue Jays","shortstop","19238",616,567,72,21,73,7,0.266,5.65,15.54,"drafted"
"125","Josh Bell","Pirates","first_base","13145",616,524,73,19,76,5,0.27,5.62,15.48,""
"126","Harrison Bader","Cardinals","outfield","18030",582,504,62,17,66,15,0.245,5.57,15.34,"drafted"
"127","Byron Buxton","Twins","outfield","14161",525,453,61,16,61,18,0.244,5.57,15.33,"drafted"
"128","Kole Calhoun","Angels","outfield","11200",630,551,79,21,71,6,0.243,5.53,15.21,""
"129","C.J. Cron","Twins","dh","12546",504,448,66,24,73,3,0.261,5.52,15.2,"drafted"
"130","Elvis Andrus","Rangers","shortstop","8709",651,588,72,11,68,14,0.266,5.39,14.84,"drafted"
"131","Kyle Seager","Mariners","third_base","9785",644,564,74,25,82,3,0.241,5.38,14.8,"drafted"
"132","Andrelton Simmons","Angels","shortstop","10847",651,581,71,12,71,11,0.276,5.37,14.77,"drafted"
"133","Ryan Zimmerman","Nationals","first_base","4220",540,475,67,24,80,2,0.262,5.35,14.73,"drafted"
"134","Ryan McMahon","Rockies","first_base","15112",583,499,68,17,72,7,0.27,5.32,14.64,""
"135","Paul DeJong","Cardinals","shortstop","18015",602,536,70,25,82,3,0.253,5.3,14.59,"drafted"
"136","Jake Lamb","Diamondbacks","third_base","13329",630,536,73,23,77,6,0.24,5.29,14.56,"drafted"
"137","Brian Dozier",NA,"second_base","9810",630,556,82,24,70,12,0.235,5.24,14.43,"drafted"
"138","Steven Souza Jr.","Diamondbacks","outfield","5667",560,476,65,20,67,11,0.239,5.24,14.42,""
"139","Enrique Hernandez","Dodgers","outfield","10472",583,494,70,22,73,4,0.247,5.18,14.25,""
"140","Manuel Margot","Padres","outfield","14712",560,504,61,12,54,17,0.259,5.16,14.19,""
"141","Chris Taylor","Dodgers","outfield","13757",623,549,73,14,62,12,0.248,5.15,14.17,"drafted"
"142","Marwin Gonzalez",NA,"outfield","5497",595,516,65,19,72,6,0.26,5.11,14.06,"drafted"
"143","Ramon Laureano","Athletics","outfield","17128",525,453,62,15,58,15,0.251,5.1,14.05,"drafted"
"144","Evan Longoria","Giants","third_base","9368",630,577,69,21,78,4,0.255,5.06,13.94,""
"145","Hernan Perez","Brewers","outfield","5751",545,495,56,14,61,16,0.253,5.06,13.92,""
"146","Robinson Cano","Mets","second_base","3269",637,578,77,23,81,1,0.277,5.02,13.81,"drafted"
"147","Jurickson Profar","Athletics","third_base","10815",616,534,73,16,70,8,0.258,5.01,13.79,"drafted"
"148","Willson Contreras","Cubs","catcher","11609",480,412,55,15,60,4,0.256,5,13.76,"drafted"
"149","Jorge Soler","Royals","outfield","14221",581,492,70,23,70,4,0.244,4.99,13.73,""
"150","Brandon Belt","Giants","first_base","10264",630,529,75,20,73,4,0.252,4.93,13.57,""
"151","Luke Voit","Yankees","first_base","14811",532,454,68,23,72,2,0.263,4.93,13.56,"drafted"
"152","Ketel Marte","Diamondbacks","shortstop","13613",623,540,68,13,68,8,0.28,4.9,13.49,""
"153","Domingo Santana","Mariners","outfield","10348",609,516,71,20,69,7,0.237,4.88,13.44,""
"154","Jesse Winker","Reds","outfield","13590",560,472,70,15,61,3,0.284,4.81,13.23,"drafted"
"155","Leonys Martin","Indians","outfield","11846",525,470,62,14,54,15,0.249,4.71,12.98,""
"156","Yoan Moncada","White Sox","second_base","17232",637,556,76,19,62,16,0.236,4.67,12.85,"drafted"
"157","Brandon Nimmo","Mets","outfield","12927",637,528,75,16,61,9,0.24,4.66,12.83,"drafted"
"158","Avisail Garcia",NA,"outfield","5760",525,472,60,19,68,4,0.264,4.64,12.78,""
"159","Yuli Gurriel","Astros","first_base","19198",553,506,64,14,72,4,0.283,4.59,12.64,""
"160","Ryan O'Hearn","Royals","dh","16442",616,530,69,23,74,2,0.235,4.56,12.56,""
"161","Jonathan Schoop","Twins","second_base","11265",560,510,69,25,79,2,0.266,4.56,12.56,"drafted"
"162","Eduardo Escobar","Diamondbacks","third_base","6153",630,560,69,19,74,4,0.252,4.52,12.44,"drafted"
"163","Alex Verdugo","Dodgers","outfield","17027",560,490,61,14,63,7,0.27,4.44,12.23,""
"164","Roman Quinn","Phillies","outfield","13546",449,389,48,8,43,25,0.245,4.41,12.15,""
"165","Scooter Gennett","Reds","second_base","10339",637,578,73,20,79,4,0.262,4.39,12.09,"drafted"
"166","Tyler Naquin","Indians","outfield","13359",560,479,63,14,64,7,0.262,4.34,11.96,""
"167","Greg Allen","Indians","outfield","16623",490,418,53,6,45,24,0.249,4.33,11.92,""
"168","Ronald Guzman","Rangers","first_base","14388",595,504,68,20,70,3,0.252,4.28,11.77,""
"169","Brian Anderson","Marlins","outfield","18289",644,567,69,16,66,3,0.26,4.19,11.53,"drafted"
"170","Adam Frazier","Pirates","outfield","15223",568,502,65,9,52,10,0.273,4.17,11.48,""
"171","Kevin Newman","Pirates","shortstop","17696",602,527,53,6,55,19,0.268,4.15,11.42,""
"172","Max Muncy","Dodgers","first_base","13301",562,464,70,23,69,3,0.236,4.12,11.35,"drafted"
"173","Alex Gordon","Royals","outfield","5209",623,531,65,16,62,9,0.237,4.12,11.35,""
"174","Todd Frazier","Mets","third_base","785",560,476,63,24,70,8,0.218,4.08,11.23,""
"175","Jeimer Candelario","Tigers","third_base","13621",630,555,76,19,67,4,0.239,4.05,11.16,""
"176","Willy Adames","Rays","shortstop","15986",623,528,65,14,64,11,0.248,4.04,11.11,"drafted"
"177","Delino DeShields","Rangers","outfield","11379",490,422,57,6,39,25,0.239,4.03,11.1,""
"178","Carlos Gonzalez",NA,"outfield","7287",525,466,59,19,68,4,0.25,4.02,11.07,""
"179","Nick Markakis",NA,"outfield","5930",630,550,68,12,70,1,0.271,3.95,10.87,""
"180","Tyler White","Astros","first_base","15564",525,446,64,20,68,3,0.249,3.89,10.7,"drafted"
"181","Renato Nunez","Orioles","third_base","14503",588,512,63,23,71,2,0.239,3.82,10.52,""
"182","Jose Martinez","Cardinals","outfield","7996",466,413,56,13,57,3,0.288,3.81,10.48,"drafted"
"183","Brett Gardner","Yankees","outfield","9927",518,456,68,12,48,12,0.245,3.77,10.39,""
"184","Brandon Crawford","Giants","shortstop","5343",637,556,63,15,70,6,0.255,3.77,10.38,"drafted"
"185","David Fletcher","Angels","third_base","17992",602,554,66,7,56,10,0.272,3.75,10.33,""
"186","Yolmer Sanchez","White Sox","third_base","11602",616,554,66,12,58,12,0.243,3.74,10.29,""
"187","JaCoby Jones","Tigers","outfield","14818",560,492,58,14,56,15,0.224,3.73,10.28,""
"188","Zack Cozart","Angels","shortstop","2616",630,562,76,18,67,3,0.243,3.71,10.2,""
"189","Yonder Alonso","White Sox","first_base","2530",595,509,67,22,71,1,0.239,3.69,10.17,"drafted"
"190","Howie Kendrick","Nationals","outfield","4229",470,420,54,10,52,8,0.281,3.6,9.91,""
"191","Jordan Luplow","Indians","outfield","16424",490,424,59,15,58,8,0.245,3.55,9.78,""
"192","Wilson Ramos","Mets","catcher","1433",384,346,42,15,50,1,0.26,3.54,9.74,"drafted"
"193","Scott Schebler","Reds","outfield","12225",490,426,58,20,62,5,0.24,3.54,9.73,""
"194","Cesar Hernandez","Phillies","second_base","10556",644,562,77,10,49,15,0.256,3.52,9.68,"drafted"
"195","Gregory Polanco","Pirates","outfield","12907",420,368,52,15,53,8,0.258,3.44,9.47,""
"196","DJ LeMahieu",NA,"second_base","9874",630,574,76,11,55,9,0.273,3.4,9.35,"drafted"
"197","Patrick Wisdom","Rangers","third_base","13602",560,482,62,19,63,8,0.225,3.38,9.31,""
"198","Jason Kipnis","Indians","second_base","9776",616,538,73,16,67,7,0.247,3.28,9.04,""
"199","Dansby Swanson","Braves","shortstop","18314",595,502,60,13,61,9,0.248,3.28,9.02,""
"200","Adam Engel","White Sox","outfield","15082",560,479,55,10,50,19,0.218,3.27,9,""
"201","Francisco Cervelli","Pirates","catcher","5275",462,386,48,9,47,4,0.256,3.24,8.91,""
"202","Mike Zunino","Rays","catcher","13265",448,380,50,21,57,1,0.21,3.22,8.88,""
"203","Welington Castillo","White Sox","catcher","3256",416,371,44,16,50,2,0.241,3.22,8.87,""
"204","Danny Jansen","Blue Jays","catcher","16535",384,324,45,12,44,3,0.256,3.22,8.85,"drafted"
"205","Jason Heyward","Cubs","outfield","4940",525,455,59,11,57,4,0.269,3.21,8.85,"drafted"
"206","Daniel Palka","White Sox","dh","14897",455,404,53,23,63,3,0.231,3.18,8.74,""
"207","Chris Davis","Orioles","first_base","9272",588,500,65,27,71,2,0.203,3.15,8.68,""
"208","Ian Happ","Cubs","outfield","17919",447,368,54,18,55,8,0.232,3.14,8.65,""
"209","Nick Ahmed","Diamondbacks","shortstop","12147",624,545,60,15,65,8,0.237,3.14,8.64,""
"210","Steven Duggar","Giants","outfield","17719",616,532,55,8,51,15,0.238,3.08,8.49,""
"211","Orlando Arcia","Brewers","shortstop","13185",560,486,52,11,57,12,0.253,3.08,8.47,""
"212","Starlin Castro","Marlins","second_base","4579",644,590,64,15,68,5,0.266,3.05,8.41,"drafted"
"213","Austin Dean","Marlins","outfield","18288",541,476,52,14,58,3,0.267,3.03,8.35,""
"214","Mikie Mahtook","Tigers","outfield","13130",490,433,54,15,55,7,0.244,2.95,8.11,""
"215","Tucker Barnhart","Reds","catcher","10200",487,417,48,9,49,3,0.246,2.92,8.04,""
"216","J.P. Crawford","Mariners","third_base","15491",630,516,66,14,61,8,0.228,2.89,7.96,"drafted"
"217","Austin Barnes","Dodgers","catcher","12158",448,370,46,9,44,8,0.234,2.86,7.88,""
"218","Ji-Man Choi","Rays","dh","5452",490,414,57,17,59,3,0.241,2.79,7.69,""
"219","Jed Lowrie",NA,"second_base","4418",630,554,73,17,70,1,0.254,2.73,7.51,"drafted"
"220","Josh Harrison",NA,"third_base","8202",525,478,58,12,52,7,0.259,2.72,7.49,""
"221","Asdrubal Cabrera",NA,"shortstop","4962",490,442,59,16,58,2,0.264,2.72,7.49,"drafted"
"222","John Hicks","Tigers","catcher","12547",417,376,42,11,46,3,0.248,2.7,7.44,""
"223","Hunter Dozier","Royals","first_base","15117",595,521,59,16,63,5,0.232,2.61,7.19,""
"224","Josh Phegley","Athletics","catcher","9308",448,386,48,12,48,3,0.228,2.6,7.14,""
"225","Jose Iglesias",NA,"shortstop","10231",525,459,51,6,50,13,0.263,2.58,7.1,""
"226","Logan Morrison",NA,"first_base","9205",490,416,57,22,64,2,0.226,2.56,7.04,""
"227","Niko Goodrum","Tigers","second_base","12092",546,487,59,15,60,12,0.238,2.56,7.04,"drafted"
"228","Grayson Greiner","Tigers","catcher","17062",480,414,47,11,48,2,0.237,2.51,6.9,""
"229","Dustin Pedroia","Red Sox","second_base","8370",553,496,71,10,56,5,0.272,2.42,6.66,""
"230","Colin Moran","Pirates","third_base","16909",505,436,52,14,59,2,0.265,2.42,6.66,""
"231","Christian Vazquez","Red Sox","catcher","9774",384,334,41,6,40,5,0.256,2.41,6.62,""
"232","Lewis Brinson","Marlins","outfield","14352",525,464,49,16,56,6,0.234,2.37,6.52,""
"233","Roberto Perez","Indians","catcher","2900",480,396,51,12,49,3,0.215,2.34,6.44,""
"234","Ian Kinsler","Padres","second_base","6195",526,476,59,14,48,13,0.245,2.28,6.29,""
"235","Albert Pujols","Angels","dh","1177",420,386,48,17,58,1,0.249,2.26,6.23,"drafted"
"236","Christin Stewart","Tigers","outfield","17714",420,368,54,18,52,1,0.245,2.19,6.04,"drafted"
"237","Justin Bour","Angels","first_base","9744",420,356,53,19,58,1,0.246,2.19,6.03,""
"238","Tyler Flowers","Braves","catcher","9134",382,324,41,11,43,1,0.248,2.16,5.95,""
"239","Omar Narvaez","Mariners","catcher","13338",448,377,45,8,42,2,0.249,2.15,5.93,""
"240","Martin Prado","Marlins","third_base","3312",595,542,58,10,52,4,0.261,2.1,5.79,""
"241","Josh Reddick","Astros","outfield","3892",385,338,47,12,47,5,0.262,2.08,5.73,""
"242","Albert Almora Jr.","Cubs","outfield","14109",470,424,51,9,49,3,0.271,2.05,5.64,""
"243","Kurt Suzuki","Nationals","catcher","8259",307,272,34,10,39,1,0.264,2.04,5.61,""
"244","Teoscar Hernandez","Blue Jays","outfield","13066",385,345,47,15,47,7,0.236,1.95,5.36,""
"245","Jorge Alfaro","Phillies","catcher","12180",416,364,38,12,45,2,0.233,1.94,5.33,""
"246","D.J. Stewart","Orioles","outfield","17766",413,350,45,13,45,9,0.24,1.91,5.27,""
"247","Austin Slater","Giants","outfield","16153",464,400,45,9,45,8,0.257,1.91,5.26,""
"248","Raimel Tapia","Rockies","outfield","14350",326,289,37,6,36,10,0.284,1.91,5.25,""
"249","Chris Iannetta","Rockies","catcher","8267",320,262,38,11,39,1,0.248,1.89,5.21,""
"250","Steve Pearce","Red Sox","outfield","9957",343,298,46,14,48,1,0.266,1.86,5.11,""
"251","Mac Williamson","Giants","outfield","14158",505,436,49,17,56,4,0.226,1.85,5.08,""
"252","Kolten Wong","Cardinals","second_base","12532",490,410,53,11,53,9,0.262,1.76,4.83,""
"253","Billy McKinney","Blue Jays","outfield","15654",420,376,53,15,47,3,0.242,1.75,4.82,""
"254","Joe Panik","Giants","second_base","11936",560,496,61,9,52,5,0.276,1.7,4.69,""
"255","Wilmer Flores",NA,"first_base","5827",350,312,42,14,49,1,0.274,1.62,4.47,""
"256","J.T. Riddle","Marlins","shortstop","17642",581,517,51,12,55,5,0.248,1.56,4.29,""
"257","Jason Castro","Twins","catcher","8722",416,344,45,11,42,2,0.219,1.54,4.24,""
"258","Ben Zobrist","Cubs","outfield","7435",418,361,50,8,44,3,0.268,1.52,4.19,""
"259","Yandy Diaz","Rays","dh","16578",483,404,51,6,45,3,0.271,1.52,4.18,""
"260","Kevan Smith","Angels","catcher","12284",320,285,33,7,35,1,0.264,1.43,3.94,""
"261","Evan Gattis",NA,"dh","11003",350,306,41,18,50,1,0.245,1.43,3.94,""
"262","Francisco Mejia","Padres","catcher","16403",337,304,34,9,36,2,0.247,1.41,3.88,"drafted"
"263","Robinson Chirinos","Astros","catcher","3142",384,318,43,15,45,2,0.201,1.4,3.86,""
"264","Willie Calhoun","Rangers","outfield","17838",364,316,42,12,44,2,0.267,1.39,3.84,"drafted"
"265","Juan Lagares","Mets","outfield","5384",434,386,41,7,41,10,0.253,1.35,3.73,""
"266","Joey Wendle","Rays","second_base","13853",525,477,53,8,52,10,0.255,1.33,3.66,""
"267","Yan Gomes","Nationals","catcher","9627",307,268,31,11,37,1,0.241,1.17,3.23,"drafted"
"268","Joey Rickard","Orioles","outfield","13277",441,386,46,8,41,7,0.247,1.15,3.15,""
"269","Jonathan Lucroy",NA,"catcher","7870",320,275,32,6,34,1,0.257,1.01,2.78,""
"270","Garrett Hampson","Rockies","shortstop","19262",263,227,30,4,28,12,0.291,0.95,2.62,"drafted"
"271","Isiah Kiner-Falefa","Rangers","catcher","16512",275,242,28,3,26,5,0.263,0.94,2.58,""
"272","Denard Span",NA,"outfield","8347",350,312,42,8,34,7,0.258,0.92,2.52,""
"273","Manny Pina","Brewers","catcher","2829",307,270,29,7,33,2,0.251,0.9,2.49,""
"274","Alex Avila","Diamondbacks","catcher","7476",415,332,42,11,40,1,0.211,0.87,2.4,""
"275","Devon Travis","Blue Jays","second_base","13862",420,377,49,12,48,5,0.264,0.86,2.37,""
"276","Matt Wieters",NA,"catcher","4298",320,274,32,9,36,1,0.239,0.86,2.36,"drafted"
"277","Jordy Mercer","Tigers","shortstop","6547",490,416,52,10,50,2,0.252,0.81,2.22,""
"278","Austin Hedges","Padres","catcher","12976",307,272,30,12,36,2,0.225,0.78,2.15,""
"279","Jose Briceno","Angels","catcher","13151",320,284,32,10,36,3,0.222,0.74,2.05,""
"280","Erik Kratz","Brewers","catcher","4403",301,264,29,9,34,2,0.235,0.67,1.83,""
"281","Mitch Moreland","Red Sox","first_base","3086",350,304,44,12,47,1,0.251,0.56,1.53,""
"282","Tony Kemp","Astros","outfield","14894",301,255,34,4,29,9,0.267,0.48,1.32,""
"283","Matt Duffy","Rays","third_base","13836",350,316,39,5,34,7,0.271,0.46,1.27,""
"284","Johan Camargo","Braves","third_base","14950",379,328,40,11,44,1,0.261,0.4,1.11,"drafted"
"285","Ryon Healy","Mariners","first_base","15447",350,316,38,14,45,1,0.251,0.39,1.07,"drafted"
"286","Brett Phillips","Royals","outfield","14735",476,404,45,10,44,8,0.212,0.37,1.03,""
"287","Yangervis Solarte",NA,"third_base","5352",350,317,39,11,43,2,0.257,0.36,0.99,""
"288","Michael A. Taylor","Nationals","outfield","11489",278,242,29,8,31,13,0.236,0.35,0.96,""
"289","Lucas Duda",NA,"first_base","2502",350,299,42,16,48,1,0.231,0.34,0.93,""
"290","Carlos Gomez",NA,"outfield","4881",350,302,37,10,38,8,0.229,0.34,0.92,""
"291","Lonnie Chisenhall","Pirates","outfield","7571",335,290,34,9,39,3,0.26,0.3,0.82,""
"292","Jay Bruce","Mariners","outfield","9892",336,296,39,14,44,2,0.234,0.29,0.8,""
"293","Willians Astudillo","Twins","catcher","15608",127,116,15,4,16,2,0.29,0.29,0.79,"drafted"
"294","Dexter Fowler","Cardinals","outfield","4062",354,300,42,9,35,6,0.239,0.28,0.77,""
"295","Didi Gregorius","Yankees","shortstop","6012",280,252,34,10,38,4,0.265,0.15,0.41,""
"296","Peter O'Brien","Marlins","outfield","13288",455,400,44,19,52,1,0.196,0.09,0.24,""
"297","Troy Tulowitzki",NA,"shortstop","3531",350,308,38,12,43,2,0.255,0.09,0.24,""
"298","Jeff Mathis","Rangers","catcher","3448",384,330,36,6,35,2,0.223,0.08,0.23,""
"299","Garrett Cooper","Marlins","outfield","15279",385,334,36,9,39,2,0.256,0.08,0.22,""
"300","Brian McCann","Braves","catcher","4810",256,218,27,10,31,1,0.229,0.08,0.21,""
"301","Scott Kingery","Phillies","shortstop","17975",363,322,35,9,39,9,0.242,0.07,0.19,""
"302","Luis Urias","Padres","second_base","16622",575,504,59,8,46,4,0.247,0.01,0.02,"drafted"
"303","Martin Maldonado",NA,"catcher","6887",320,274,30,8,33,1,0.225,-0.03,-0.08,""
"304","Leury Garcia","White Sox","outfield","5913",308,278,31,6,29,9,0.253,-0.05,-0.14,""
"305","Nick Williams","Phillies","outfield","14330",290,256,32,11,37,3,0.251,-0.08,-0.23,""
"306","Tyler Wade","Yankees","second_base","15730",427,368,44,6,40,13,0.236,-0.13,-0.36,""
"307","Daniel Robertson","Rays","shortstop","14145",413,345,45,9,41,3,0.243,-0.21,-0.59,""
"308","Addison Russell","Cubs","shortstop","14106",371,316,39,10,43,3,0.248,-0.26,-0.71,""
"309","Chris Owings","Royals","outfield","10030",287,256,29,5,28,9,0.252,-0.31,-0.85,""
"310","Alen Hanson","Giants","outfield","12926",278,248,27,6,28,9,0.248,-0.37,-1.02,""
"311","Victor Caratini","Cubs","catcher","14968",183,159,19,4,20,1,0.261,-0.44,-1.21,""
"312","Brandon Drury","Blue Jays","outfield","11615",350,304,37,8,37,2,0.244,-0.48,-1.33,""
"313","Jose Bautista",NA,"outfield","1887",350,290,41,12,37,4,0.214,-0.49,-1.34,""
"314","Austin Wynns","Orioles","catcher","15271",256,221,25,6,25,1,0.238,-0.5,-1.37,""
"315","Tony Wolters","Rockies","catcher","11470",256,212,25,4,24,2,0.24,-0.54,-1.49,""
"316","Mark Canha","Athletics","outfield","11445",301,260,35,10,35,2,0.241,-0.57,-1.57,""
"317","Elias Diaz","Pirates","catcher","11680",160,143,16,3,18,1,0.268,-0.59,-1.63,""
"318","Jon Jay",NA,"outfield","5227",350,315,38,3,27,4,0.262,-0.62,-1.7,""
"319","Travis d'Arnaud","Mets","catcher","7739",192,167,19,7,23,1,0.24,-0.71,-1.94,""
"320","Brandon Lowe","Rays","outfield","18882",245,208,29,9,30,3,0.252,-0.71,-1.95,""
"321","Matt Davidson",NA,"dh","7226",350,306,37,14,43,1,0.213,-0.71,-1.97,""
"322","Mark Reynolds",NA,"first_base","7619",350,297,38,14,43,1,0.222,-0.76,-2.1,""
"323","Tim Beckham",NA,"shortstop","7949",350,314,37,10,37,3,0.241,-0.76,-2.1,""
"324","Jung Ho Kang","Pirates","third_base","17182",230,198,28,9,31,2,0.265,-0.77,-2.13,""
"325","Cory Spangenberg","Brewers","third_base","12294",325,284,33,7,34,5,0.245,-0.78,-2.13,""
"326","Carson Kelly","Diamondbacks","catcher","13620",224,190,21,5,22,1,0.242,-0.81,-2.23,"drafted"
"327","Matt Adams","Nationals","first_base","9393",245,214,30,11,35,1,0.253,-0.88,-2.43,""
"328","Socrates Brito","Diamondbacks","outfield","12944",277,244,27,6,29,5,0.248,-0.93,-2.56,""
"329","Mitch Garver","Twins","catcher","15161",174,148,19,4,19,1,0.248,-0.93,-2.57,"drafted"
"330","Jeff McNeil","Mets","second_base","15362",314,284,36,7,32,4,0.275,-0.97,-2.66,""
"331","Brock Holt","Red Sox","outfield","9345",252,212,29,3,25,5,0.26,-1.02,-2.8,""
"332","Andrew Susac","Orioles","catcher","13132",256,216,26,8,26,1,0.213,-1.03,-2.83,""
"333","Nick Martini","Athletics","outfield","12005",357,309,40,4,29,3,0.245,-1.07,-2.94,""
"334","Eduardo Nunez","Red Sox","third_base","6848",182,168,22,4,21,5,0.284,-1.09,-2.99,""
"335","Travis Jankowski","Padres","outfield","13768",256,224,26,2,18,12,0.242,-1.09,-3,""
"336","Greg Bird","Yankees","first_base","14131",287,242,35,13,38,1,0.227,-1.1,-3.03,""
"337","Yairo Munoz","Cardinals","shortstop","16313",261,228,27,7,29,5,0.259,-1.12,-3.1,""
"338","Miguel Rojas","Marlins","shortstop","7802",349,307,31,5,31,4,0.262,-1.17,-3.22,""
"339","Dominic Smith","Mets","first_base","15653",360,316,35,10,39,1,0.234,-1.19,-3.27,""
"340","Max Stassi","Astros","catcher","10059",224,190,24,7,25,1,0.216,-1.2,-3.29,""
"341","Wilmer Difo","Nationals","shortstop","14320",303,262,30,5,29,7,0.249,-1.28,-3.53,""
"342","Andrew Knizner","Cardinals","catcher","sa857827",128,115,13,2,13,1,0.263,-1.29,-3.55,""
"343","Eric Thames","Brewers","outfield","3711",217,184,29,10,27,3,0.235,-1.3,-3.59,""
"344","Chad Pinder","Athletics","outfield","15191",252,223,29,8,29,2,0.244,-1.32,-3.64,""
"345","Steve Wilkerson","Orioles","third_base","16041",371,322,34,6,32,5,0.235,-1.33,-3.66,""
"346","Christian Walker","Diamondbacks","dh","13419",245,210,27,9,30,2,0.239,-1.36,-3.73,""
"347","Jedd Gyorko","Cardinals","third_base","10816",256,220,29,9,32,2,0.247,-1.37,-3.76,""
"348","Yoenis Cespedes","Mets","outfield","13110",190,171,24,9,26,1,0.254,-1.42,-3.91,""
"349","Nicky Delmonico","White Sox","outfield","13157",266,230,30,8,30,2,0.237,-1.44,-3.97,""
"350","James McCann","White Sox","catcher","12859",192,169,18,5,19,1,0.229,-1.59,-4.37,""
"351","David Freitas","Mariners","catcher","10619",173,148,17,3,16,1,0.238,-1.66,-4.57,""
"352","Sandy Leon","Red Sox","catcher","5273",192,166,20,4,19,1,0.225,-1.67,-4.59,""
"353","Russell Martin","Blue Jays","catcher","4616",166,136,19,6,18,1,0.222,-1.73,-4.77,"drafted"
"354","Austin Romine","Yankees","catcher","5491",156,136,16,4,17,1,0.232,-1.74,-4.8,""
"355","Andrew Knapp","Phillies","catcher","14942",224,188,21,5,21,1,0.218,-1.75,-4.82,""
"356","Brian Goodwin","Royals","outfield","12858",245,212,26,7,25,5,0.233,-1.78,-4.91,""
"357","Victor Reyes","Tigers","dh","15487",196,176,19,2,19,6,0.261,-1.79,-4.94,""
"358","Matt Kemp","Reds","outfield","5631",160,144,19,7,23,0,0.265,-1.8,-4.95,""
"359","Cam Gallagher","Royals","catcher","12981",128,112,13,2,12,1,0.25,-1.8,-4.95,""
"360","Alcides Escobar",NA,"shortstop","6310",350,313,30,4,30,5,0.244,-1.82,-5.02,""
"361","Michael Perez","Rays","catcher","12977",166,145,16,3,16,1,0.234,-1.84,-5.07,""
"362","Andrew Toles","Dodgers","outfield","13414",215,192,22,5,23,3,0.252,-1.86,-5.11,"drafted"
"363","Blake Swihart","Red Sox","catcher","13176",134,116,14,2,13,2,0.235,-2.03,-5.59,""
"364","Fernando Tatis Jr.","Padres","shortstop","sa919910",245,216,24,7,25,7,0.233,-2.03,-5.6,"drafted"
"365","David Freese","Dodgers","third_base","9549",246,210,27,7,28,1,0.246,-2.04,-5.61,"drafted"
"366","Rajai Davis","Mets","outfield","3708",193,172,19,3,16,12,0.223,-2.07,-5.69,""
"367","Noel Cuevas","Rockies","outfield","11894",144,128,15,3,16,2,0.276,-2.13,-5.88,""
"368","Cameron Maybin",NA,"outfield","5223",175,150,19,3,16,6,0.25,-2.17,-5.96,""
"369","Kyle Tucker","Astros","outfield","18345",140,122,18,5,18,4,0.253,-2.19,-6.03,"drafted"
"370","Chance Sisco","Orioles","catcher","15694",128,108,13,3,12,1,0.235,-2.24,-6.17,""
"371","Melky Cabrera",NA,"outfield","4022",140,128,15,3,16,1,0.278,-2.25,-6.2,""
"372","Brandon Dixon","Tigers","outfield","15214",189,168,20,5,21,4,0.241,-2.25,-6.21,""
"373","Chris Herrmann","Athletics","catcher","9284",160,134,17,4,16,1,0.217,-2.26,-6.22,""
"374","Jose Trevino","Rangers","catcher","16725",128,116,12,2,12,1,0.238,-2.27,-6.25,""
"375","Jake Cave","Twins","outfield","14477",196,171,21,5,22,2,0.248,-2.28,-6.26,""
"376","Franchy Cordero","Padres","outfield","14567",164,148,18,5,19,4,0.247,-2.3,-6.33,""
"377","Isaac Galloway","Marlins","outfield","5238",227,200,20,5,20,7,0.226,-2.33,-6.41,""
"378","Mike Gerber","Giants","outfield","16115",296,261,27,6,27,4,0.219,-2.34,-6.45,""
"379","Erik Gonzalez","Pirates","second_base","13369",281,254,27,5,28,5,0.256,-2.35,-6.48,""
"380","Tyler Austin","Twins","dh","11850",175,151,21,8,23,1,0.239,-2.36,-6.49,"drafted"
"381","Jake Marisnick","Astros","outfield","11339",210,180,23,7,23,6,0.215,-2.39,-6.57,""
"382","Guillermo Heredia","Rays","outfield","18721",210,178,22,3,19,3,0.252,-2.39,-6.57,""
"383","Aaron Altherr","Phillies","outfield","11270",230,195,25,7,25,3,0.222,-2.4,-6.61,""
"384","Matt Holliday",NA,"dh","1873",210,181,23,7,24,1,0.236,-2.44,-6.72,""
"385","Eric Haase","Indians","catcher","14111",160,141,17,6,18,1,0.203,-2.48,-6.83,""
"386","Charlie Culberson","Braves","outfield","3298",228,200,21,5,23,3,0.236,-2.51,-6.92,""
"387","Rene Rivera",NA,"catcher","3648",128,112,12,4,14,1,0.22,-2.52,-6.93,""
"388","Brandon Guyer",NA,"outfield","2636",210,178,22,5,22,2,0.239,-2.53,-6.96,""
"389","Chris Stewart",NA,"catcher","3878",128,111,11,1,11,1,0.235,-2.6,-7.15,""
"390","Jose Osuna","Pirates","outfield","12937",129,114,14,4,15,1,0.268,-2.62,-7.22,""
"391","Rocky Gale","Dodgers","catcher","10533",160,145,13,2,13,1,0.225,-2.63,-7.25,""
"392","Curtis Granderson",NA,"outfield","4747",210,179,26,7,21,2,0.225,-2.66,-7.32,""
"393","Chris Young",NA,"outfield","3882",210,179,22,7,24,3,0.224,-2.66,-7.34,""
"394","Stephen Vogt",NA,"catcher","5000",64,57,7,2,8,0,0.244,-2.69,-7.41,""
"395","Franklin Barreto","Athletics","shortstop","15519",210,184,23,7,24,4,0.234,-2.69,-7.42,""
"396","Ronny Rodriguez","Tigers","shortstop","11875",161,146,17,4,18,3,0.26,-2.79,-7.68,""
"397","Michael Hermosillo","Angels","outfield","16285",182,156,20,4,18,5,0.227,-2.85,-7.83,""
"398","Cheslor Cuthbert","Royals","third_base","10473",168,148,18,5,18,1,0.258,-2.9,-7.97,""
"399","John Ryan Murphy","Diamondbacks","catcher","10346",111,96,10,3,11,0,0.225,-2.91,-8,""
"400","Aramis Garcia","Giants","catcher","16925",128,114,11,3,13,0,0.221,-2.91,-8.02,""
"401","Keibert Ruiz","Dodgers","catcher","sa872528",32,29,3,1,3,0,0.253,-2.93,-8.08,"drafted"
"402","Hunter Pence",NA,"outfield","8252",140,124,15,4,16,1,0.255,-2.94,-8.09,""
"403","Gerardo Parra",NA,"outfield","8553",140,125,14,3,15,2,0.255,-2.99,-8.22,""
"404","A.J. Ellis",NA,"catcher","5677",64,53,6,1,6,0,0.241,-3.03,-8.34,""
"405","Drew Jackson","Orioles","shortstop","sa659066",224,194,22,4,20,7,0.225,-3.06,-8.41,""
"406","Tom Murphy","Rockies","catcher","13499",64,56,7,2,8,1,0.228,-3.08,-8.47,""
"407","Aledmys Diaz","Astros","shortstop","15937",133,117,16,4,17,2,0.262,-3.08,-8.49,""
"408","Reese McGuire","Blue Jays","catcher","15674",77,66,8,2,7,1,0.227,-3.09,-8.51,""
"409","Bobby Wilson","Tigers","catcher","6564",128,110,12,3,12,1,0.212,-3.1,-8.54,""
"410","Richie Martin","Orioles","shortstop","sa659080",210,184,20,3,18,6,0.237,-3.12,-8.58,""
"411","Magneuris Sierra","Marlins","outfield","17023",205,182,15,1,15,6,0.239,-3.12,-8.58,""
"412","Tyler Saladino","Brewers","third_base","10807",205,179,20,4,19,5,0.231,-3.12,-8.59,""
"413","Devin Mesoraco",NA,"catcher","5666",64,54,7,2,8,0,0.232,-3.12,-8.59,""
"414","Jacob Stallings","Pirates","catcher","13723",32,29,3,0,3,0,0.25,-3.16,-8.7,""
"415","Nick Hundley",NA,"catcher","3376",64,57,6,2,7,0,0.232,-3.17,-8.73,""
"416","Ildemaro Vargas","Diamondbacks","third_base","13324",133,119,13,2,13,2,0.268,-3.19,-8.78,""
"417","Pablo Sandoval","Giants","third_base","5409",190,166,18,6,21,1,0.241,-3.19,-8.78,""
"418","Phillip Ervin","Reds","outfield","14738",135,116,14,3,15,5,0.236,-3.21,-8.84,""
"419","Eric Young Jr.",NA,"outfield","7158",175,150,16,2,16,5,0.232,-3.22,-8.87,""
"420","Jose Rondon","White Sox","dh","14140",140,127,15,4,15,2,0.242,-3.22,-8.87,""
"421","Tommy La Stella","Angels","third_base","12371",196,166,21,3,18,1,0.25,-3.26,-8.98,""
"422","Mike Tauchman","Rockies","outfield","15274",85,72,9,2,9,2,0.267,-3.31,-9.11,""
"423","Robbie Grossman",NA,"dh","5254",140,116,15,3,14,1,0.25,-3.32,-9.14,""
"424","Jose Pirela","Padres","outfield","5485",109,98,11,2,11,2,0.259,-3.34,-9.18,""
"425","Ronald Torreyes","Twins","third_base","11400",140,124,14,1,13,1,0.27,-3.34,-9.2,""
"426","Luke Maile","Blue Jays","catcher","13355",83,72,8,2,8,1,0.22,-3.36,-9.25,""
"427","Tyler O'Neill","Cardinals","outfield","15711",100,87,13,5,15,1,0.243,-3.37,-9.28,"drafted"
"428","Austin Jackson",NA,"outfield","9848",175,153,17,2,15,2,0.243,-3.38,-9.31,""
"429","Kevin Plawecki","Mets","catcher","13807",51,44,5,1,5,0,0.234,-3.41,-9.38,""
"430","Jose Reyes",NA,"third_base","1736",140,122,15,3,14,4,0.244,-3.41,-9.39,""
"431","Rio Ruiz","Orioles","third_base","14103",168,144,17,4,17,1,0.245,-3.46,-9.53,""
"432","Chad Wallach","Marlins","catcher","17161",128,110,10,3,11,1,0.205,-3.49,-9.61,""
"433","Yonathan Daza","Rockies","outfield","sa597083",14,12,1,0,1,0,0.3,-3.49,-9.61,""
"434","Pablo Reyes","Pirates","outfield","16357",78,70,8,2,8,2,0.262,-3.52,-9.68,""
"435","Matt Joyce",NA,"outfield","3353",140,118,17,5,15,1,0.232,-3.55,-9.77,""
"436","Freddy Galvis",NA,"shortstop","6609",175,157,17,3,17,3,0.244,-3.56,-9.79,""
"437","Kyle Farmer","Reds","third_base","14813",162,144,16,3,17,1,0.249,-3.57,-9.82,""
"438","Taylor Davis","Cubs","catcher","12782",13,12,1,0,1,0,0.244,-3.58,-9.84,""
"439","Meibrys Viloria","Royals","catcher","17109",13,12,1,0,1,0,0.244,-3.58,-9.84,""
"440","Raudy Read","Nationals","catcher","15766",6,6,1,0,1,0,0.244,-3.58,-9.85,""
"441","Dan Vogelbach","Mariners","dh","14130",112,92,13,4,13,0,0.247,-3.58,-9.86,""
"442","Greg Garcia","Padres","third_base","10951",208,170,19,2,17,3,0.24,-3.58,-9.86,""
"443","Caleb Joseph",NA,"catcher","7087",64,56,6,1,6,0,0.225,-3.6,-9.92,""
"444","Adeiny Hechavarria",NA,"shortstop","10459",175,154,16,3,17,1,0.255,-3.64,-10.02,""
"445","Ben Gamel","Brewers","outfield","12160",78,68,8,1,8,1,0.267,-3.65,-10.04,""
"446","Dustin Fowler","Athletics","outfield","17098",63,58,7,2,7,2,0.261,-3.65,-10.05,""
"447","Drew Ferguson","Giants","outfield","sa875766",155,130,14,2,13,3,0.236,-3.69,-10.16,""
"448","Austin Allen","Padres","catcher","sa875025",13,12,1,0,1,0,0.24,-3.72,-10.23,""
"449","Ehire Adrianza","Twins","shortstop","8418",147,126,16,2,14,2,0.253,-3.72,-10.23,""
"450","Spencer Kieboom","Nationals","catcher","13300",13,10,1,0,1,0,0.239,-3.75,-10.32,""
"451","Jhonatan Solano",NA,"catcher","7515",64,58,5,1,6,0,0.223,-3.75,-10.33,""
"452","Michael Reed","Twins","outfield","13228",91,74,11,2,9,2,0.251,-3.77,-10.37,""
"453","Daniel Descalso","Cubs","second_base","8392",263,216,28,6,28,1,0.23,-3.78,-10.41,""
"454","Garrett Stubbs","Astros","catcher","sa827172",32,28,3,0,3,0,0.232,-3.79,-10.43,""
"455","Drew Butera",NA,"catcher","3411",64,56,6,1,6,0,0.219,-3.82,-10.52,""
"456","Pedro Severino","Nationals","catcher","14523",6,6,1,0,1,0,0.237,-3.82,-10.53,""
"457","Jacoby Ellsbury","Yankees","outfield","4727",105,94,12,2,10,3,0.24,-3.83,-10.53,""
"458","Seby Zavala","White Sox","catcher","sa875572",19,18,2,1,2,0,0.23,-3.84,-10.56,""
"459","Adam Moore",NA,"catcher","9362",64,56,6,1,6,0,0.218,-3.86,-10.63,""
"460","Kevin Kramer","Pirates","third_base","17689",106,92,11,2,11,2,0.253,-3.9,-10.74,""
"461","Jack Reinheimer","Rangers","outfield","14938",133,115,12,1,11,3,0.239,-3.92,-10.79,""
"462","Clint Frazier","Yankees","outfield","15983",84,72,11,3,10,1,0.243,-3.97,-10.94,""
"463","Tomas Nido","Mets","catcher","13755",13,12,1,0,1,0,0.232,-4,-11,""
"464","David Bote","Cubs","third_base","14593",108,93,12,3,13,1,0.247,-4.02,-11.05,""
"465","T.J. Rivera","Mets","third_base","12495",95,86,9,1,9,1,0.264,-4.03,-11.08,""
"466","Curt Casali","Reds","catcher","12510",13,10,1,0,1,0,0.231,-4.03,-11.1,""
"467","Austin Hays","Orioles","outfield","19363",49,44,6,2,6,1,0.258,-4.04,-11.12,""
"468","Pat Valaika","Rockies","third_base","14885",114,100,12,3,13,1,0.244,-4.1,-11.28,""
"469","Kyle Higashioka","Yankees","catcher","5517",32,28,3,1,4,0,0.218,-4.12,-11.34,""
"470","Luis Torrens","Padres","catcher","15905",13,12,1,0,1,0,0.227,-4.17,-11.48,""
"471","Raffy Lopez","Braves","catcher","12606",49,42,5,1,5,0,0.212,-4.2,-11.57,""
"472","Anthony Santander","Orioles","outfield","14551",56,50,6,2,6,1,0.252,-4.21,-11.58,""
"473","Andrew Stevenson","Nationals","outfield","17932",71,62,7,1,7,2,0.247,-4.28,-11.77,""
"474","Tim Locastro","Yankees","outfield","15124",63,55,7,1,6,2,0.247,-4.31,-11.88,""
"475","Luis Guillorme","Mets","third_base","16451",120,102,10,1,10,1,0.253,-4.32,-11.89,""
"476","Ryan Flaherty",NA,"third_base","7888",140,116,14,3,14,2,0.229,-4.34,-11.94,""
"477","Jacob Nottingham","Brewers","catcher","16448",32,28,3,1,3,0,0.212,-4.36,-12.01,""
"478","Nick Ciuffo","Rays","catcher","16291",26,22,2,0,2,0,0.218,-4.38,-12.05,""
"479","Jose Lobaton","Mariners","catcher","4243",19,16,2,0,2,0,0.218,-4.38,-12.07,""
"480","Ryan Cordell","White Sox","outfield","15181",105,92,11,3,11,2,0.224,-4.42,-12.17,""
"481","Adrian Sanchez","Nationals","third_base","11338",100,89,9,1,9,2,0.247,-4.43,-12.19,""
"482","Dwight Smith Jr.","Blue Jays","outfield","13473",56,48,6,1,6,1,0.25,-4.44,-12.23,""
"483","Zack Granite","Twins","outfield","15343",28,24,3,0,3,1,0.262,-4.46,-12.29,""
"484","Carlos Tocci","Rangers","outfield","14558",70,62,7,1,6,1,0.248,-4.48,-12.34,""
"485","Max Moroff","Indians","shortstop","14556",154,126,17,4,15,2,0.219,-4.54,-12.51,""
"486","Beau Taylor","Athletics","catcher","12384",32,27,3,0,3,0,0.211,-4.55,-12.53,""
"487","Bradley Zimmer","Indians","outfield","16221",70,60,8,2,7,3,0.23,-4.58,-12.62,""
"488","Paulo Orlando",NA,"outfield","8628",70,64,6,1,7,1,0.243,-4.64,-12.79,""
"489","Abiatal Avelino","Giants","shortstop","15496",92,82,8,2,9,3,0.242,-4.66,-12.83,""
"490","Alex Jackson","Braves","catcher","sa828663",13,12,1,0,1,0,0.212,-4.7,-12.93,""
"491","Jorge Bonifacio","Royals","outfield","12174",77,68,8,2,8,0,0.238,-4.7,-12.93,""
"492","Dawel Lugo","Tigers","second_base","14713",105,94,10,2,11,1,0.27,-4.71,-12.97,""
"493","Marco Hernandez","Red Sox","third_base","13154",7,6,1,0,1,0,0.275,-4.75,-13.07,""
"494","Chris Shaw","Giants","outfield","17738",105,92,10,3,11,0,0.225,-4.77,-13.13,""
"495","Bryan Reynolds","Pirates","outfield","sa873683",7,6,1,0,1,0,0.263,-4.79,-13.19,""
"496","Charlie Tilson","White Sox","outfield","12983",56,48,5,0,5,1,0.243,-4.85,-13.34,""
"497","Scott Heineman","Rangers","outfield","sa827137",14,12,2,0,1,0,0.26,-4.87,-13.4,""
"498","Richard Urena","Blue Jays","shortstop","16411",105,93,10,2,10,1,0.239,-4.89,-13.45,""
"499","Christian Arroyo","Rays","third_base","16434",35,31,4,1,4,0,0.26,-4.89,-13.47,""
"500","LaMonte Wade","Twins","outfield","sa856280",7,6,1,0,1,0,0.259,-4.92,-13.55,""
"501","Zack Collins","White Sox","catcher","sa738390",13,10,1,0,1,0,0.205,-4.94,-13.6,""
"502","Alex Blandino","Reds","third_base","16271",99,84,10,2,10,1,0.231,-4.98,-13.7,""
"503","Corban Joseph","Orioles","first_base","5503",14,12,1,0,1,0,0.268,-4.99,-13.73,""
"504","Anthony Alford","Blue Jays","outfield","14329",70,61,7,1,6,2,0.227,-5,-13.77,""
"505","Oscar Mercado","Indians","shortstop","sa737612",70,62,7,1,7,3,0.237,-5.05,-13.9,""
"506","Derek Fisher","Astros","outfield","16192",70,60,8,2,8,2,0.218,-5.07,-13.94,""
"507","J.D. Davis","Astros","third_base","16219",56,49,6,2,7,0,0.243,-5.07,-13.95,""
"508","Gordon Beckham",NA,"third_base","9015",70,61,7,1,7,1,0.239,-5.11,-14.06,""
"509","Carter Kieboom","Nationals","shortstop","sa917937",35,31,4,1,4,0,0.259,-5.12,-14.09,""
"510","Sam Hilliard","Rockies","outfield","sa829542",7,6,1,0,1,0,0.253,-5.14,-14.15,""
"511","Myles Straw","Astros","outfield","17620",7,6,1,0,1,0,0.253,-5.14,-14.15,""
"512","Rowdy Tellez","Blue Jays","first_base","15679",21,18,2,1,3,0,0.255,-5.19,-14.28,""
"513","Justin Williams","Cardinals","outfield","15490",14,12,1,0,2,0,0.25,-5.22,-14.36,""
"514","Jason Martin","Pirates","outfield","sa737834",21,18,2,1,2,0,0.244,-5.22,-14.38,""
"515","Jarrod Saltalamacchia",NA,"catcher","5557",64,54,6,2,6,0,0.177,-5.26,-14.49,""
"516","Luis Barrera","Athletics","outfield","sa736690",7,6,1,0,1,0,0.248,-5.31,-14.61,""
"517","Jesus Sanchez","Rays","outfield","sa872787",7,6,1,0,1,0,0.247,-5.34,-14.71,""
"518","Jonathan Davis","Blue Jays","outfield","15104",35,30,4,1,3,1,0.231,-5.36,-14.74,""
"519","Mark Zagunis","Cubs","outfield","16565",49,40,5,1,5,1,0.225,-5.41,-14.89,""
"520","Braden Bishop","Mariners","outfield","sa659045",14,12,1,0,1,0,0.244,-5.45,-15.01,""
"521","Keon Broxton","Brewers","outfield","9253",78,66,8,2,8,3,0.201,-5.49,-15.11,""
"522","Mauricio Dubon","Brewers","shortstop","sa738378",21,18,2,0,2,1,0.252,-5.5,-15.13,""
"523","Adam Rosales",NA,"third_base","9682",70,61,7,2,8,1,0.223,-5.51,-15.16,""
"524","Breyvic Valera","Orioles","second_base","12758",70,60,7,1,6,1,0.26,-5.51,-15.18,""
"525","Brandon Phillips",NA,"second_base","791",70,65,7,1,7,1,0.259,-5.52,-15.2,""
"526","Andrew Romine",NA,"third_base","1159",70,62,6,1,6,1,0.23,-5.53,-15.22,""
"527","Domingo Leyba","Diamondbacks","shortstop","sa736654",7,6,1,0,1,0,0.259,-5.53,-15.23,""
"528","Hanser Alberto","Yankees","second_base","11902",56,51,6,1,6,0,0.267,-5.54,-15.25,""
"529","Taylor Ward","Angels","third_base","17548",35,30,4,1,4,0,0.241,-5.55,-15.28,""
"530","Nick Gordon","Twins","shortstop","sa828662",35,31,3,0,3,1,0.247,-5.56,-15.3,""
"531","Adolis Garcia","Cardinals","outfield","19287",21,20,2,1,2,0,0.234,-5.57,-15.34,""
"532","Sam Travis","Red Sox","first_base","16263",7,6,1,0,1,0,0.251,-5.59,-15.38,""
"533","Dalton Pompey","Blue Jays","outfield","12797",14,12,1,0,1,0,0.24,-5.59,-15.39,""
"534","Willi Castro","Tigers","shortstop","sa830274",35,32,3,1,3,1,0.242,-5.6,-15.43,""
"535","Drew Robinson","Cardinals","outfield","11761",65,54,7,2,7,1,0.209,-5.65,-15.55,""
"536","Tzu-Wei Lin","Red Sox","shortstop","14678",14,12,2,0,1,0,0.254,-5.68,-15.63,""
"537","Tyrone Taylor","Brewers","outfield","sa657979",21,18,2,1,2,0,0.231,-5.68,-15.63,""
"538","Sergio Alcantara","Tigers","shortstop","sa739641",49,43,4,0,4,1,0.24,-5.7,-15.69,""
"539","Neil Walker",NA,"second_base","7539",70,60,8,2,8,0,0.251,-5.74,-15.81,""
"540","Cole Tucker","Pirates","shortstop","sa828671",35,31,3,0,3,1,0.241,-5.78,-15.9,""
"541","Joey Curletta","Mariners","outfield","sa658025",42,36,4,1,4,0,0.222,-5.78,-15.92,""
"542","Matt Reynolds","Nationals","third_base","13788",14,12,1,0,1,0,0.245,-5.8,-15.97,""
"543","Edward Olivares","Padres","outfield","sa832015",7,6,1,0,1,0,0.234,-5.81,-15.98,""
"544","Lane Thomas","Cardinals","outfield","sa828962",14,12,1,0,1,0,0.231,-5.91,-16.26,""
"545","Dylan Cozens","Phillies","outfield","15115",50,42,6,2,6,1,0.203,-5.95,-16.39,""
"546","Ryder Jones","Giants","first_base","15982",7,6,1,0,1,0,0.24,-5.96,-16.41,""
"547","Kaleb Cowart","Mariners","third_base","11494",42,36,4,1,4,1,0.222,-5.98,-16.46,""
"548","John Andreoli","Mariners","outfield","13012",56,47,5,1,4,2,0.207,-5.99,-16.49,""
"549","Andrew Velazquez","Rays","outfield","14196",14,12,1,0,1,0,0.224,-6.07,-16.7,""
"550","Kristopher Negron","Mariners","outfield","5306",56,50,5,1,5,1,0.206,-6.07,-16.71,""
"551","Logan Forsythe",NA,"second_base","7185",70,60,7,1,6,1,0.242,-6.15,-16.94,""
"552","A.J. Reed","Astros","first_base","16246",42,36,5,2,5,0,0.216,-6.16,-16.96,""
"553","Jose Siri","Reds","outfield","sa736940",14,12,1,0,2,0,0.223,-6.16,-16.96,""
"554","Troy Stokes Jr.","Brewers","outfield","sa828871",14,12,1,0,1,0,0.222,-6.22,-17.13,""
"555","Luis Alexander Basabe","White Sox","outfield","sa736915",21,18,2,0,2,0,0.217,-6.29,-17.32,""
"556","Mitch Walding","Phillies","third_base","13006",78,65,8,3,8,0,0.202,-6.31,-17.37,""
"557","Jace Peterson",NA,"second_base","12325",70,58,7,1,6,2,0.231,-6.34,-17.45,""
"558","Terrance Gore","Royals","dh","13658",7,6,1,0,0,0,0.216,-6.36,-17.51,""
"559","Skye Bolt","Athletics","outfield","sa658783",7,6,1,0,1,0,0.217,-6.39,-17.6,""
"560","Monte Harrison","Marlins","outfield","sa828691",7,6,1,0,1,0,0.214,-6.51,-17.91,""
"561","Jorge Mateo","Athletics","shortstop","sa657910",14,12,1,0,1,1,0.221,-6.68,-18.39,""
"562","Blake Trahan","Reds","shortstop","17588",14,12,1,0,1,0,0.225,-6.72,-18.49,""
"563","Edmundo Sosa","Cardinals","second_base","17022",21,19,2,0,2,0,0.24,-6.97,-19.19,""
"564","Yu Chang","Indians","shortstop","sa830276",7,6,1,0,1,0,0.217,-6.99,-19.25,""
"565","Gavin Cecchini","Mets","second_base","17005",14,12,1,0,1,0,0.24,-7.08,-19.49,""
"566","Eric Stamets","Indians","shortstop","sa621787",14,12,1,0,1,0,0.204,-7.45,-20.52,""
"567","Arquimedes Gamboa","Phillies","shortstop","sa877497",7,6,1,0,1,0,0.203,-7.49,-20.62,""
"568","Javier Guerra","Padres","shortstop","17292",14,12,1,0,1,0,0.187,-8.05,-22.15,""
"569","Gift Ngoepe","Blue Jays","shortstop","10340",14,12,1,0,1,0,0.178,-8.36,-23.02,""
