"","Name","Team","position","playerid","IP","ERA","WHIP","SV","W","K","marginal.total.points","dollar.value","status"
"1","Chris Sale","Red Sox","pitcher","10603",204,2.76,0.97,0,17,278,19.76,54.39,"drafted"
"2","Max Scherzer","Nationals","pitcher","3137",210,3.13,1.04,0,15,274,17.18,47.29,"drafted"
"3","Jacob deGrom","Mets","pitcher","10954",210,2.93,1.06,0,14,255,16.4,45.16,"drafted"
"4","Justin Verlander","Astros","pitcher","8700",205,3.37,1.07,0,15,253,15.26,42.02,"drafted"
"5","Corey Kluber","Indians","pitcher","2429",211,3.45,1.11,0,15,223,13.6,37.44,"drafted"
"6","Gerrit Cole","Astros","pitcher","13125",199,3.48,1.13,0,15,238,13.5,37.15,"drafted"
"7","Luis Severino","Yankees","pitcher","15890",198,3.48,1.15,0,15,224,12.72,35.02,"drafted"
"8","Carlos Carrasco","Indians","pitcher","6632",199,3.39,1.13,0,14,217,12.64,34.81,"drafted"
"9","Blake Snell","Rays","pitcher","13543",192,3.23,1.19,0,13,235,12.34,33.97,"drafted"
"10","Trevor Bauer","Indians","pitcher","12703",195,3.54,1.2,0,14,221,11.39,31.35,"drafted"
"11","Clayton Kershaw","Dodgers","pitcher","2036",185,3.23,1.12,0,13,180,11.21,30.85,"drafted"
"12","James Paxton","Yankees","pitcher","11828",172,3.48,1.15,0,13,198,10.61,29.21,"drafted"
"13","Aaron Nola","Phillies","pitcher","16149",194,3.57,1.19,0,12,210,10.35,28.49,"drafted"
"14","Patrick Corbin","Nationals","pitcher","9323",182,3.43,1.21,0,13,189,9.86,27.15,"drafted"
"15","Walker Buehler","Dodgers","pitcher","19374",163,3.27,1.18,0,12,186,9.76,26.87,"drafted"
"16","Chris Archer","Pirates","pitcher","6345",194,3.64,1.23,0,12,207,9.54,26.27,"drafted"
"17","Stephen Strasburg","Nationals","pitcher","10131",177,3.66,1.19,0,12,192,9.27,25.51,"drafted"
"18","German Marquez","Rockies","pitcher","15038",193,3.89,1.24,0,13,210,9.25,25.47,"drafted"
"19","Edwin Diaz","Mets","pitcher","14710",65,2.46,1,30,4,97,9.2,25.33,"drafted"
"20","Noah Syndergaard","Mets","pitcher","11762",176,3.52,1.18,0,11,183,9.02,24.82,"drafted"
"21","David Price","Red Sox","pitcher","3184",196,3.94,1.23,0,14,189,8.93,24.57,"drafted"
"22","Robbie Ray","Diamondbacks","pitcher","11486",176,3.66,1.27,0,11,221,8.92,24.56,"drafted"
"23","Zack Greinke","Diamondbacks","pitcher","1943",204,3.83,1.22,0,12,191,8.77,24.15,"drafted"
"24","Aroldis Chapman","Yankees","pitcher","10233",65,2.77,1.12,30,4,97,8.41,23.16,"drafted"
"25","Rich Hill","Dodgers","pitcher","4806",159,3.61,1.18,0,11,175,8.27,22.78,""
"26","Kenley Jansen","Dodgers","pitcher","3096",65,3.32,1.06,33,4,77,8.13,22.39,"drafted"
"27","Mike Foltynewicz","Braves","pitcher","10811",194,4,1.28,0,12,204,7.9,21.75,"drafted"
"28","Brad Hand","Indians","pitcher","9111",70,3.4,1.19,33,4,85,7.85,21.61,"drafted"
"29","Madison Bumgarner","Giants","pitcher","5524",205,3.92,1.24,0,11,185,7.71,21.22,"drafted"
"30","Jack Flaherty","Cardinals","pitcher","17479",164,3.69,1.24,0,11,180,7.68,21.15,"drafted"
"31","Jameson Taillon","Pirates","pitcher","11674",192,3.9,1.26,0,12,181,7.61,20.94,"drafted"
"32","Felipe Vazquez","Pirates","pitcher","12076",65,2.94,1.16,30,4,82,7.58,20.87,"drafted"
"33","Andrew Heaney","Angels","pitcher","15423",178,3.96,1.22,0,12,171,7.53,20.72,"drafted"
"34","Jose Quintana","Cubs","pitcher","11423",188,3.88,1.29,0,13,178,7.49,20.62,"drafted"
"35","Charlie Morton","Rays","pitcher","4676",152,3.48,1.23,0,10,168,7.29,20.07,"drafted"
"36","Rick Porcello","Red Sox","pitcher","2717",194,4.24,1.24,0,13,172,7.11,19.58,"drafted"
"37","Miles Mikolas","Cardinals","pitcher","9803",200,4.04,1.24,0,12,163,6.97,19.19,"drafted"
"38","Dallas Keuchel",NA,"pitcher","9434",198,3.68,1.32,0,13,157,6.9,19.01,"drafted"
"39","Nick Pivetta","Phillies","pitcher","15454",169,4.02,1.26,0,11,182,6.88,18.94,"drafted"
"40","Roberto Osuna","Astros","pitcher","13764",65,3.54,1.14,30,4,72,6.84,18.83,"drafted"
"41","Jose Berrios","Twins","pitcher","14168",196,4.26,1.29,0,12,195,6.83,18.8,"drafted"
"42","Kyle Hendricks","Cubs","pitcher","12049",196,4.03,1.28,0,13,164,6.82,18.77,"drafted"
"43","Kirby Yates","Padres","pitcher","9073",65,3.28,1.13,28,3,84,6.76,18.62,"drafted"
"44","Mike Clevinger","Indians","pitcher","12808",170,3.99,1.28,0,11,180,6.64,18.29,"drafted"
"45","Blake Treinen","Athletics","pitcher","12572",70,3.09,1.21,27,4,78,6.62,18.21,"drafted"
"46","Luis Castillo","Reds","pitcher","15689",173,4.01,1.26,0,11,172,6.58,18.11,"drafted"
"47","Zack Wheeler","Mets","pitcher","10310",171,3.86,1.26,0,10,172,6.53,17.98,"drafted"
"48","Corey Knebel","Brewers","pitcher","15010",65,3.05,1.16,23,4,92,6.47,17.82,""
"49","Yu Darvish","Cubs","pitcher","13074",139,3.75,1.21,0,10,157,6.45,17.77,""
"50","Masahiro Tanaka","Yankees","pitcher","15764",153,3.95,1.2,0,11,149,6.43,17.7,"drafted"
"51","Sean Doolittle","Nationals","pitcher","1581",65,3.34,1.11,25,4,78,6.37,17.54,"drafted"
"52","Joey Lucchesi","Padres","pitcher","19320",169,3.81,1.28,0,10,171,6.36,17.5,"drafted"
"53","Archie Bradley","Diamondbacks","pitcher","12918",70,3.5,1.24,28,4,78,6.31,17.37,""
"54","Cole Hamels","Cubs","pitcher","4972",172,3.96,1.29,0,11,171,6.29,17.32,"drafted"
"55","J.A. Happ","Yankees","pitcher","7410",168,4.12,1.26,0,11,169,6.22,17.12,"drafted"
"56","Raisel Iglesias","Reds","pitcher","17130",65,3.66,1.22,30,3,75,6.13,16.89,"drafted"
"57","Josh Hader","Brewers","pitcher","14212",80,2.95,1.12,12,4,121,6.01,16.54,"drafted"
"58","Brandon Morrow","Cubs","pitcher","9346",60,3.43,1.21,30,3,64,5.91,16.26,""
"59","Ryan Brasier","Red Sox","pitcher","5615",65,3.94,1.26,31,4,64,5.9,16.24,"drafted"
"60","Jose Alvarado","Rays","pitcher","17780",60,3.16,1.3,29,3,74,5.89,16.2,"drafted"
"61","Andrew Miller","Cardinals","pitcher","6785",60,2.95,1.13,24,3,76,5.84,16.08,""
"62","Ken Giles","Blue Jays","pitcher","12910",65,3.61,1.2,28,3,73,5.81,15.98,"drafted"
"63","Anthony Swarzak","Mariners","pitcher","7466",65,3.87,1.28,31,3,66,5.58,15.37,""
"64","Trevor May","Twins","pitcher","6398",65,3.97,1.25,30,3,70,5.58,15.35,""
"65","Will Smith","Giants","pitcher","8048",65,3.09,1.17,23,3,78,5.56,15.31,"drafted"
"66","Nathan Eovaldi","Red Sox","pitcher","9132",152,3.9,1.25,0,11,134,5.48,15.07,"drafted"
"67","Marco Gonzales","Mariners","pitcher","15467",180,4.08,1.28,0,11,149,5.42,14.93,""
"68","Nate Jones","White Sox","pitcher","4696",65,3.76,1.26,28,3,73,5.42,14.91,"drafted"
"69","Drew Steckenrider","Marlins","pitcher","18806",65,3.52,1.25,26,3,74,5.3,14.59,""
"70","Kenta Maeda","Dodgers","pitcher","18498",132,3.87,1.2,0,9,138,5.26,14.47,"drafted"
"71","Jon Lester","Cubs","pitcher","4930",194,4.34,1.34,0,12,173,5.21,14.36,"drafted"
"72","Steven Matz","Mets","pitcher","13361",162,4.04,1.29,0,10,155,5.19,14.28,""
"73","Tyler Skaggs","Angels","pitcher","10190",157,3.96,1.28,0,10,147,5.16,14.21,"drafted"
"74","Arodys Vizcaino","Braves","pitcher","5498",65,3.9,1.3,28,3,72,5.09,14.01,"drafted"
"75","Carlos Martinez","Cardinals","pitcher","11682",180,4.05,1.36,0,11,166,5.08,13.99,"drafted"
"76","Wade Davis","Rockies","pitcher","7441",65,3.97,1.32,28,3,74,5.01,13.8,"drafted"
"77","Joe Musgrove","Pirates","pitcher","12970",162,4.03,1.27,0,10,141,4.95,13.63,""
"78","Jakob Junis","Royals","pitcher","13619",184,4.38,1.27,0,10,160,4.9,13.48,""
"79","Kyle Gibson","Twins","pitcher","10123",194,4.19,1.38,0,12,168,4.87,13.41,""
"80","Jose Leclerc","Rangers","pitcher","14524",65,3.64,1.33,24,3,86,4.87,13.4,"drafted"
"81","Mychal Givens","Orioles","pitcher","10430",65,4.05,1.3,28,3,69,4.87,13.39,""
"82","Eduardo Rodriguez","Red Sox","pitcher","13164",136,4.02,1.27,0,10,141,4.85,13.35,"drafted"
"83","Hyun-Jin Ryu","Dodgers","pitcher","14444",126,3.66,1.21,0,9,121,4.85,13.35,"drafted"
"84","Dellin Betances","Yankees","pitcher","6216",75,2.85,1.12,6,5,112,4.84,13.32,""
"85","Brad Peacock","Astros","pitcher","5401",144,4.1,1.28,0,9,157,4.84,13.32,""
"86","Kevin Gausman","Braves","pitcher","14107",170,4.12,1.3,0,10,150,4.75,13.08,""
"87","Seranthony Dominguez","Phillies","pitcher","19249",65,3.39,1.25,21,3,81,4.67,12.86,""
"88","Tyler Glasnow","Rays","pitcher","14374",135,3.91,1.34,0,9,158,4.61,12.69,"drafted"
"89","Shane Bieber","Indians","pitcher","19427",130,3.85,1.19,0,9,116,4.6,12.67,""
"90","Jake Arrieta","Phillies","pitcher","4153",181,4.25,1.33,0,10,162,4.51,12.42,"drafted"
"91","Sean Newcomb","Braves","pitcher","16943",177,4.2,1.42,0,11,179,4.47,12.31,"drafted"
"92","Joshua James","Astros","pitcher","16794",128,3.96,1.3,0,9,146,4.46,12.28,"drafted"
"93","Alex Wood","Reds","pitcher","13781",152,3.99,1.31,0,10,138,4.46,12.28,""
"94","Zack Godley","Diamondbacks","pitcher","14862",178,4.13,1.38,0,10,169,4.41,12.14,"drafted"
"95","Jon Gray","Rockies","pitcher","14916",146,4.18,1.31,0,10,146,4.37,12.04,""
"96","Marcus Stroman","Blue Jays","pitcher","13431",196,4.14,1.38,0,12,149,4.33,11.92,""
"97","Danny Duffy","Royals","pitcher","3542",185,4.35,1.33,0,10,162,4.27,11.76,""
"98","Shane Greene","Tigers","pitcher","10756",65,4.24,1.35,28,3,62,4.25,11.69,""
"99","Collin McHugh","Astros","pitcher","7531",151,4.29,1.29,0,10,142,4.24,11.67,""
"100","Caleb Smith","Marlins","pitcher","14875",141,3.98,1.29,0,8,145,4.18,11.5,""
"101","Andrew Suarez","Giants","pitcher","18300",158,3.85,1.31,0,9,130,4.12,11.34,""
"102","Michael Pineda","Twins","pitcher","5372",138,4.09,1.26,0,9,125,3.93,10.82,"drafted"
"103","Vince Velasquez","Phillies","pitcher","11189",150,4.41,1.33,0,9,156,3.73,10.26,""
"104","Jeff Samardzija","Giants","pitcher","3254",165,4.26,1.29,0,9,134,3.67,10.1,""
"105","Mike Minor","Rangers","pitcher","10021",175,4.59,1.33,0,10,157,3.61,9.94,""
"106","Michael Fulmer","Tigers","pitcher","13218",175,4.38,1.34,0,10,147,3.61,9.93,"drafted"
"107","Ty Buttrey","Angels","pitcher","14719",60,3.71,1.3,21,3,63,3.54,9.75,""
"108","Anibal Sanchez","Nationals","pitcher","3284",144,4.28,1.31,0,9,136,3.5,9.63,"drafted"
"109","Trevor Rosenthal","Nationals","pitcher","10745",65,3.1,1.21,10,4,84,3.4,9.37,""
"110","Robbie Erlin","Padres","pitcher","10354",150,4.09,1.29,0,8,120,3.15,8.67,""
"111","Dylan Bundy","Orioles","pitcher","12917",183,4.88,1.34,0,9,174,3,8.26,""
"112","Luke Weaver","Diamondbacks","pitcher","16918",132,4.19,1.31,0,8,127,3,8.26,"drafted"
"113","Tyler Anderson","Rockies","pitcher","12880",155,4.58,1.36,0,10,144,3,8.26,""
"114","Kyle Freeland","Rockies","pitcher","16256",197,4.63,1.43,0,12,164,2.96,8.15,"drafted"
"115","Chad Green","Yankees","pitcher","15552",75,3.34,1.1,3,4,94,2.93,8.06,""
"116","Alex Reyes","Cardinals","pitcher","15015",101,3.81,1.28,0,7,114,2.9,7.97,"drafted"
"117","Wei-Yin Chen","Marlins","pitcher","13071",157,4.32,1.31,0,8,130,2.84,7.82,""
"118","Craig Kimbrel",NA,"pitcher","6655",65,2.79,1.07,0,4,98,2.81,7.75,"drafted"
"119","Anthony DeSclafani","Reds","pitcher","13050",128,4.34,1.29,0,8,120,2.7,7.43,""
"120","Trevor Richards","Marlins","pitcher","19309",132,4.09,1.31,0,7,120,2.57,7.07,""
"121","Wily Peralta","Royals","pitcher","7738",60,4.24,1.41,21,3,54,2.38,6.56,""
"122","Matthew Boyd","Tigers","pitcher","15440",170,4.81,1.35,0,9,150,2.35,6.47,"drafted"
"123","Ross Stripling","Dodgers","pitcher","13273",86,3.55,1.18,0,6,85,2.32,6.39,"drafted"
"124","Tanner Roark","Reds","pitcher","8753",154,4.56,1.36,0,9,133,2.31,6.37,""
"125","Matt Barnes","Red Sox","pitcher","12863",65,3.27,1.21,5,4,82,2.22,6.12,""
"126","Ryan Pressly","Astros","pitcher","7005",65,3.33,1.18,5,4,78,2.17,5.98,""
"127","Jhoulys Chacin","Brewers","pitcher","2608",189,4.68,1.42,0,10,158,2.17,5.98,"drafted"
"128","Matt Strahm","Padres","pitcher","13799",75,3.42,1.2,3,4,89,2.17,5.96,""
"129","Zach Eflin","Phillies","pitcher","13774",145,4.63,1.32,0,8,128,2.14,5.88,"drafted"
"130","Mike Fiers","Athletics","pitcher","7754",152,4.69,1.33,0,9,125,2.12,5.85,""
"131","Carlos Rodon","White Sox","pitcher","16137",179,4.68,1.42,0,9,162,2.09,5.76,"drafted"
"132","Dereck Rodriguez","Giants","pitcher","14509",159,4.44,1.34,0,8,124,2.07,5.69,"drafted"
"133","Eric Lauer","Padres","pitcher","19316",134,4.29,1.38,0,8,122,2.02,5.55,""
"134","Trevor Cahill","Angels","pitcher","6249",116,4.1,1.37,0,8,107,1.97,5.42,""
"135","Jimmy Nelson","Brewers","pitcher","10547",112,4.2,1.32,0,7,108,1.91,5.25,"drafted"
"136","Jose Urena","Marlins","pitcher","11589",162,4.39,1.38,0,8,127,1.81,4.97,""
"137","A.J. Minter","Braves","pitcher","18655",65,3.38,1.22,6,3,78,1.79,4.94,"drafted"
"138","Diego Castillo","Rays","pitcher","17496",60,3.12,1.16,5,3,73,1.79,4.92,""
"139","Adam Wainwright","Cardinals","pitcher","2233",123,4.2,1.35,0,8,101,1.76,4.84,""
"140","Craig Stammen","Padres","pitcher","7274",75,3.65,1.26,6,4,75,1.75,4.81,""
"141","Mike Leake","Mariners","pitcher","10130",198,4.61,1.37,0,10,123,1.7,4.68,""
"142","Matt Harvey","Angels","pitcher","11713",153,4.7,1.34,0,9,116,1.68,4.63,""
"143","Jake Odorizzi","Twins","pitcher","6397",161,4.93,1.38,0,9,144,1.67,4.59,""
"144","Tony Watson","Giants","pitcher","3132",65,3.44,1.22,8,3,64,1.65,4.55,""
"145","Brandon Woodruff","Brewers","pitcher","16162",134,4.44,1.39,0,8,121,1.64,4.51,""
"146","Jesse Chavez","Rangers","pitcher","5448",80,4.13,1.28,8,4,75,1.6,4.39,""
"147","Chris Paddack","Padres","pitcher","sa875195",74,3.55,1.16,0,5,77,1.59,4.39,""
"148","Touki Toussaint","Braves","pitcher","16929",129,4.44,1.43,0,8,128,1.57,4.32,""
"149","Joe Kelly","Dodgers","pitcher","9761",65,3.21,1.22,3,4,73,1.53,4.21,""
"150","Keone Kela","Pirates","pitcher","14696",60,3.25,1.19,4,3,76,1.48,4.06,""
"151","Julio Teheran","Braves","pitcher","6797",159,4.81,1.41,0,9,138,1.4,3.86,"drafted"
"152","Joakim Soria","Athletics","pitcher","6941",65,3.68,1.25,8,3,66,1.39,3.84,""
"153","Julio Urias","Dodgers","pitcher","14765",81,3.7,1.3,0,6,84,1.38,3.8,"drafted"
"154","Danny Salazar","Indians","pitcher","5867",68,3.41,1.18,0,4,83,1.36,3.75,""
"155","Lance Lynn","Rangers","pitcher","2520",138,4.46,1.43,0,8,126,1.36,3.74,""
"156","Antonio Senzatela","Rockies","pitcher","15488",169,4.81,1.44,0,10,139,1.29,3.56,""
"157","Yonny Chirinos","Rays","pitcher","16401",114,4.27,1.31,0,7,90,1.27,3.49,""
"158","David Robertson",NA,"pitcher","8241",65,3.32,1.19,0,4,81,1.27,3.48,""
"159","Clay Buchholz",NA,"pitcher","3543",170,4.73,1.39,0,9,127,1.26,3.48,""
"160","Tommy Hunter","Phillies","pitcher","1157",65,3.86,1.26,9,3,62,1.26,3.47,""
"161","Joe Ross","Nationals","pitcher","12972",128,4.59,1.35,0,8,105,1.26,3.46,""
"162","Mark Melancon","Giants","pitcher","4264",65,3.52,1.28,9,3,56,1.24,3.41,""
"163","Zach Davies","Brewers","pitcher","13183",161,4.61,1.41,0,9,121,1.19,3.27,""
"164","Seth Lugo","Mets","pitcher","12447",79,3.74,1.23,2,4,77,1.15,3.17,""
"165","Jeurys Familia","Mets","pitcher","5114",65,3.28,1.26,4,3,73,1.13,3.12,""
"166","Wade LeBlanc","Mariners","pitcher","5221",149,4.72,1.36,0,8,114,1.05,2.9,"drafted"
"167","Drew Smyly","Rangers","pitcher","11760",130,4.78,1.34,0,7,115,1.01,2.78,""
"168","Lou Trivino","Athletics","pitcher","15043",70,3.63,1.3,3,4,74,0.9,2.49,""
"169","Chris Bassitt","Athletics","pitcher","12304",147,4.64,1.4,0,8,116,0.88,2.43,""
"170","Joe Jimenez","Tigers","pitcher","15761",65,3.97,1.28,6,3,73,0.88,2.41,""
"171","Reynaldo Lopez","White Sox","pitcher","16400",175,5.01,1.41,0,8,152,0.85,2.35,""
"172","Jordan Hicks","Cardinals","pitcher","19618",60,3.74,1.42,10,3,62,0.85,2.33,"drafted"
"173","Will Harris","Astros","pitcher","3192",65,3.61,1.22,2,4,68,0.84,2.31,""
"174","Chris Stratton","Giants","pitcher","13761",126,4.31,1.39,0,7,99,0.8,2.22,""
"175","Jason Vargas","Mets","pitcher","8044",113,4.38,1.33,0,6,95,0.78,2.14,""
"176","Wade Miley",NA,"pitcher","8779",132,4.36,1.43,0,8,102,0.77,2.13,""
"177","Erick Fedde","Nationals","pitcher","17425",94,4.03,1.35,0,6,83,0.72,1.99,""
"178","Chase Anderson","Brewers","pitcher","6895",145,4.97,1.39,0,8,125,0.72,1.98,""
"179","Dan Straily","Marlins","pitcher","9460",156,4.82,1.39,0,7,131,0.69,1.9,""
"180","Michael Wacha","Cardinals","pitcher","14078",100,4.2,1.35,0,6,88,0.68,1.86,""
"181","Ryan Tepera","Blue Jays","pitcher","10291",65,4.2,1.32,8,3,66,0.66,1.81,""
"182","Jalen Beeks","Rays","pitcher","17192",92,4.19,1.36,0,6,87,0.61,1.69,""
"183","Jesus Luzardo","Athletics","pitcher","sa917981",92,4.21,1.33,0,6,82,0.61,1.68,""
"184","Nick Kingham","Pirates","pitcher","11694",119,4.53,1.35,0,6,101,0.57,1.57,""
"185","Adam Conley","Marlins","pitcher","14457",65,4.01,1.31,8,3,57,0.55,1.51,""
"186","A.J. Puk","Athletics","pitcher","sa738675",92,4.26,1.37,0,6,89,0.54,1.48,""
"187","Jaime Garcia",NA,"pitcher","8137",141,4.53,1.45,0,8,112,0.53,1.45,""
"188","Jeremy Jeffress","Brewers","pitcher","9490",65,3.43,1.3,3,3,69,0.5,1.38,""
"189","Brent Honeywell","Rays","pitcher","sa828706",74,4.1,1.25,0,5,73,0.49,1.35,""
"190","Richard Rodriguez","Pirates","pitcher","13549",60,3.78,1.22,3,3,67,0.45,1.25,""
"191","CC Sabathia","Yankees","pitcher","404",108,4.57,1.38,0,7,92,0.42,1.16,""
"192","Alex Colome","White Sox","pitcher","6661",60,3.8,1.27,5,3,61,0.41,1.14,""
"193","Matt Shoemaker",NA,"pitcher","4776",90,4.35,1.29,0,5,83,0.38,1.06,""
"194","Jace Fry","White Sox","pitcher","16159",60,3.56,1.31,3,3,70,0.35,0.96,""
"195","Adam Ottavino",NA,"pitcher","1247",65,3.63,1.27,0,3,82,0.34,0.92,""
"196","Darren O'Day","Braves","pitcher","3321",55,3.64,1.22,3,3,62,0.32,0.89,""
"197","Taylor Rogers","Twins","pitcher","13449",60,3.62,1.25,3,3,63,0.31,0.86,""
"198","Pedro Strop","Cubs","pitcher","4070",60,3.65,1.3,4,3,63,0.28,0.76,""
"199","Frankie Montas","Athletics","pitcher","14309",132,4.64,1.41,0,7,106,0.28,0.76,""
"200","Alex Cobb","Orioles","pitcher","6562",181,4.9,1.42,0,9,124,0.27,0.73,""
"201","Justus Sheffield","Mariners","pitcher","17285",139,4.62,1.47,0,7,124,0.26,0.73,""
"202","Forrest Whitley","Astros","pitcher","sa917930",92,4.59,1.38,0,6,92,0.2,0.55,""
"203","Drew Pomeranz",NA,"pitcher","11426",136,4.72,1.47,0,8,115,0.19,0.53,""
"204","Shawn Armstrong","Mariners","pitcher","12857",60,4.03,1.33,5,3,66,0.17,0.46,""
"205","Trevor Williams","Pirates","pitcher","16977",145,4.72,1.44,0,8,110,0.16,0.44,""
"206","Dinelson Lamet","Padres","pitcher","17186",73,4.03,1.32,0,4,82,0.15,0.42,""
"207","Carl Edwards Jr.","Cubs","pitcher","13607",60,3.8,1.35,3,3,74,0.14,0.39,""
"208","Brad Keller","Royals","pitcher","15734",153,4.58,1.45,0,8,108,0.12,0.34,""
"209","Jordan Zimmermann","Tigers","pitcher","4505",155,5.08,1.37,0,8,111,0.09,0.24,""
"210","Ryan Yarbrough","Rays","pitcher","16502",114,4.5,1.38,0,6,91,0.07,0.2,""
"211","Seung Hwan Oh","Rockies","pitcher","18719",65,4.57,1.3,6,3,66,0.06,0.16,""
"212","Shelby Miller",NA,"pitcher","10197",94,4.51,1.37,0,6,83,0.03,0.08,""
"213","Yoshihisa Hirano","Diamondbacks","pitcher","19756",65,4.36,1.38,8,3,59,0.02,0.06,""
"214","Adalberto Mejia","Twins","pitcher","13188",113,4.71,1.4,0,7,92,0.02,0.05,""
"215","Matt Andriese","Diamondbacks","pitcher","12022",95,4.36,1.34,0,5,82,0.01,0.02,""
"216","Hector Rondon","Astros","pitcher","2391",55,3.59,1.21,1,3,61,-0.03,-0.08,""
"217","Sean Reid-Foley","Blue Jays","pitcher","17034",108,4.73,1.42,0,6,104,-0.04,-0.1,""
"218","Zach Britton",NA,"pitcher","3240",65,3.01,1.32,0,3,63,-0.04,-0.1,""
"219","Trent Thornton","Blue Jays","pitcher","sa857695",86,4.45,1.29,0,5,73,-0.06,-0.17,""
"220","Ty Blach","Giants","pitcher","14361",125,4.19,1.4,0,6,79,-0.13,-0.35,""
"221","Andrew Chafin","Diamondbacks","pitcher","12988",60,3.5,1.34,2,3,64,-0.13,-0.36,""
"222","Cody Allen",NA,"pitcher","12183",65,3.91,1.27,0,3,74,-0.17,-0.45,""
"223","Amir Garrett","Reds","pitcher","14375",65,3.91,1.3,1,3,72,-0.17,-0.48,""
"224","Caleb Ferguson","Dodgers","pitcher","19349",59,3.53,1.24,0,3,63,-0.18,-0.49,""
"225","Cam Bedrosian","Angels","pitcher","13360",50,4.05,1.35,7,3,47,-0.18,-0.5,""
"226","Erik Swanson","Mariners","pitcher","sa829145",85,4.52,1.31,0,5,75,-0.18,-0.5,""
"227","Wilmer Font","Rays","pitcher","5257",59,3.83,1.2,0,3,64,-0.2,-0.55,""
"228","Brett Anderson",NA,"pitcher","8223",94,4.13,1.38,0,6,65,-0.21,-0.57,""
"229","Silvino Bracho","Diamondbacks","pitcher","15051",55,3.86,1.24,1,3,64,-0.22,-0.62,""
"230","Pat Neshek","Phillies","pitcher","4682",55,4.44,1.28,6,3,50,-0.28,-0.77,""
"231","Ivan Nova","White Sox","pitcher","1994",150,5,1.38,0,7,107,-0.28,-0.78,""
"232","Justin Wilson",NA,"pitcher","4301",50,3.59,1.3,0,4,60,-0.28,-0.78,""
"233","Tim Hill","Royals","pitcher","16814",55,3.81,1.36,6,3,46,-0.29,-0.8,""
"234","Sam Gaviglio","Blue Jays","pitcher","12778",114,4.74,1.37,0,6,88,-0.29,-0.81,""
"235","Daniel Mengden","Athletics","pitcher","16980",134,4.87,1.39,0,7,95,-0.33,-0.9,""
"236","Felix Hernandez","Mariners","pitcher","4772",127,4.8,1.43,0,7,99,-0.33,-0.9,""
"237","Heath Hembree","Red Sox","pitcher","11632",60,4.05,1.28,2,3,63,-0.33,-0.9,""
"238","Brett Kennedy","Padres","pitcher","17877",99,4.44,1.38,0,5,83,-0.35,-0.96,""
"239","Oliver Perez",NA,"pitcher","1514",50,3.77,1.25,0,4,55,-0.39,-1.09,""
"240","Jaime Barria","Angels","pitcher","18356",113,4.95,1.38,0,7,85,-0.4,-1.11,""
"241","Ryan Borucki","Blue Jays","pitcher","16350",142,4.88,1.45,0,8,103,-0.42,-1.14,""
"242","Tayron Guerrero","Marlins","pitcher","11691",60,3.83,1.37,2,3,66,-0.43,-1.19,""
"243","Kelvin Herrera",NA,"pitcher","6033",65,3.88,1.26,0,3,64,-0.44,-1.21,""
"244","Ryan Madson",NA,"pitcher","1852",50,3.68,1.23,0,4,50,-0.44,-1.22,""
"245","Freddy Peralta","Brewers","pitcher","18679",72,4.39,1.39,0,4,84,-0.45,-1.24,""
"246","John Brebbia","Cardinals","pitcher","12777",50,3.84,1.2,1,3,54,-0.46,-1.27,""
"247","David Paulino","Blue Jays","pitcher","17418",50,4,1.24,2,3,54,-0.5,-1.39,""
"248","Chaz Roe","Rays","pitcher","9866",50,3.71,1.28,2,3,52,-0.53,-1.46,""
"249","Pedro Baez","Dodgers","pitcher","5420",50,3.88,1.25,2,3,52,-0.53,-1.46,""
"250","Mike Montgomery","Cubs","pitcher","4869",69,3.89,1.35,1,4,57,-0.54,-1.48,""
"251","David Phelps",NA,"pitcher","6316",50,3.8,1.28,0,4,54,-0.55,-1.52,""
"252","Ian Kennedy","Royals","pitcher","6986",117,5.02,1.39,0,6,98,-0.55,-1.52,""
"253","David Hernandez","Reds","pitcher","4259",60,4.26,1.29,2,3,61,-0.6,-1.64,""
"254","Justin Miller","Nationals","pitcher","8580",50,4,1.26,2,3,53,-0.61,-1.67,""
"255","Justin Anderson","Angels","pitcher","16201",50,4.01,1.39,5,3,49,-0.61,-1.69,""
"256","Chris Devenski","Astros","pitcher","12763",50,3.83,1.2,0,3,55,-0.61,-1.69,""
"257","Gio Gonzalez",NA,"pitcher","7448",92,4.39,1.42,0,5,79,-0.62,-1.72,""
"258","Aaron Loup",NA,"pitcher","10343",50,3.59,1.3,0,4,50,-0.63,-1.72,""
"259","Francisco Liriano",NA,"pitcher","3201",94,4.53,1.48,0,6,85,-0.64,-1.75,""
"260","Adam Morgan","Phillies","pitcher","12580",55,4.01,1.26,1,3,57,-0.64,-1.77,""
"261","Bud Norris",NA,"pitcher","9492",60,3.89,1.3,0,3,64,-0.65,-1.78,""
"262","Neil Ramirez","Indians","pitcher","7677",50,4.18,1.29,2,3,58,-0.65,-1.79,""
"263","Eric Skoglund","Royals","pitcher","16155",113,4.75,1.39,0,6,82,-0.66,-1.81,""
"264","Derek Holland",NA,"pitcher","4141",94,4.58,1.41,0,5,83,-0.67,-1.83,""
"265","Aaron Sanchez","Blue Jays","pitcher","11490",150,4.83,1.52,0,8,118,-0.68,-1.87,""
"266","Taijuan Walker","Diamondbacks","pitcher","11836",72,4.34,1.33,0,4,67,-0.69,-1.9,""
"267","Trey Wingenter","Padres","pitcher","17793",50,3.61,1.33,2,2,60,-0.72,-1.98,""
"268","Scott Oberg","Rockies","pitcher","13911",60,3.97,1.35,2,3,58,-0.73,-2.01,""
"269","Tony Barnette",NA,"pitcher","3555",50,3.87,1.28,0,4,50,-0.73,-2.02,""
"270","Dakota Hudson","Cardinals","pitcher","19206",69,4.01,1.41,2,4,56,-0.77,-2.11,"drafted"
"271","Jonathan Holder","Yankees","pitcher","16588",60,4.35,1.29,2,3,58,-0.77,-2.11,""
"272","Robert Gsellman","Mets","pitcher","13696",60,3.92,1.32,2,3,52,-0.77,-2.13,""
"273","Jake Diekman",NA,"pitcher","5003",50,3.54,1.32,0,3,57,-0.78,-2.14,""
"274","Hector Neris","Phillies","pitcher","11804",45,3.62,1.18,0,2,57,-0.78,-2.15,""
"275","Chris Martin","Rangers","pitcher","11847",50,4.06,1.3,5,2,46,-0.79,-2.18,""
"276","Scott Alexander","Dodgers","pitcher","10591",50,3.09,1.31,0,3,47,-0.81,-2.22,""
"277","Reyes Moronta","Giants","pitcher","14966",50,3.43,1.29,0,2,61,-0.82,-2.27,""
"278","Jose Castillo","Padres","pitcher","17169",50,3.51,1.27,0,2,60,-0.84,-2.31,""
"279","Tommy Kahnle","Yankees","pitcher","11384",55,3.95,1.33,0,3,63,-0.86,-2.36,""
"280","Paul Fry","Orioles","pitcher","15832",65,4.06,1.42,2,3,65,-0.88,-2.41,""
"281","Tyler Olson","Indians","pitcher","14741",50,3.85,1.3,1,3,52,-0.88,-2.42,""
"282","Tyler Mahle","Reds","pitcher","16358",85,4.75,1.4,0,5,77,-0.88,-2.43,""
"283","John Gant","Cardinals","pitcher","13684",68,4.18,1.37,0,4,62,-0.9,-2.48,""
"284","Mitch Keller","Pirates","pitcher","sa828700",92,4.58,1.43,0,5,79,-0.91,-2.49,""
"285","Ryne Stanek","Rays","pitcher","15947",40,3.28,1.2,0,2,52,-0.92,-2.52,""
"286","Ruben Alaniz","Mariners","pitcher","sa550438",60,4.11,1.37,2,3,58,-0.92,-2.52,""
"287","Adam Cimber","Indians","pitcher","15288",60,4.23,1.35,4,3,45,-0.98,-2.7,""
"288","Jared Hughes","Reds","pitcher","9325",65,4.13,1.42,4,3,52,-0.99,-2.73,""
"289","Kyle Barraclough","Nationals","pitcher","13713",55,4.03,1.42,2,3,59,-1,-2.75,""
"290","Ervin Santana",NA,"pitcher","3200",142,5.11,1.42,0,7,99,-1.02,-2.81,""
"291","Colin Poche","Rays","pitcher","sa657989",40,3.38,1.22,0,2,52,-1.02,-2.81,""
"292","Jharel Cotton","Athletics","pitcher","13654",73,4.57,1.34,0,4,65,-1.02,-2.82,""
"293","Sam Dyson","Giants","pitcher","11710",60,3.66,1.36,1,3,49,-1.04,-2.87,""
"294","Cionel Perez","Astros","pitcher","19614",50,3.82,1.32,0,3,53,-1.09,-3,""
"295","Yusmeiro Petit","Athletics","pitcher","4020",60,4.39,1.27,1,3,52,-1.11,-3.06,""
"296","Josh Tomlin",NA,"pitcher","9388",90,4.97,1.32,0,5,64,-1.15,-3.16,""
"297","Daniel Norris","Tigers","pitcher","13475",113,4.95,1.47,0,6,94,-1.15,-3.17,""
"298","Drew Gagnon","Mets","pitcher","12545",40,3.52,1.21,1,2,43,-1.18,-3.24,""
"299","Taylor Cole","Angels","pitcher","11964",59,3.99,1.34,0,3,55,-1.2,-3.29,""
"300","Dylan Floro","Dodgers","pitcher","13394",50,3.76,1.3,1,3,41,-1.2,-3.31,""
"301","Buck Farmer","Tigers","pitcher","14814",60,4.42,1.37,2,3,56,-1.22,-3.35,""
"302","Matt Albers","Brewers","pitcher","4300",60,4.23,1.35,1,3,55,-1.22,-3.36,""
"303","Corbin Burnes","Brewers","pitcher","19361",74,4.52,1.4,0,4,67,-1.22,-3.36,""
"304","Jimmie Sherfy","Diamondbacks","pitcher","15118",50,3.86,1.29,0,2,57,-1.23,-3.38,""
"305","Luke Gregerson","Cardinals","pitcher","4090",50,3.77,1.3,0,3,46,-1.23,-3.39,""
"306","Junior Guerra","Brewers","pitcher","5702",50,3.88,1.26,0,2,54,-1.24,-3.42,""
"307","J.B. Wendelken","Athletics","pitcher","14506",50,4.01,1.33,0,3,53,-1.24,-3.42,""
"308","Steve Cishek","Cubs","pitcher","6483",50,3.91,1.33,0,3,51,-1.25,-3.44,""
"309","Zach Duke",NA,"pitcher","3840",50,3.82,1.39,0,4,45,-1.25,-3.44,""
"310","Thomas Pannone","Blue Jays","pitcher","17281",111,5.22,1.41,0,6,87,-1.26,-3.48,""
"311","Trevor Hildenberger","Twins","pitcher","17002",50,4.04,1.31,1,3,45,-1.27,-3.5,""
"312","Gabriel Moya","Twins","pitcher","16348",50,4.11,1.3,0,3,50,-1.31,-3.59,""
"313","Ray Black","Giants","pitcher","14244",30,3.02,1.19,0,2,42,-1.33,-3.65,""
"314","Roenis Elias","Mariners","pitcher","12673",59,4.29,1.35,1,3,53,-1.33,-3.66,""
"315","Cody Reed","Reds","pitcher","15232",66,4.37,1.43,0,4,61,-1.36,-3.73,""
"316","Blake Parker",NA,"pitcher","5224",50,3.97,1.26,0,2,52,-1.37,-3.76,""
"317","Andrew Triggs","Athletics","pitcher","13533",66,4.49,1.36,0,4,54,-1.38,-3.79,""
"318","Hector Velazquez","Red Sox","pitcher","19341",69,4.4,1.35,0,4,51,-1.38,-3.79,""
"319","Steven Wright","Red Sox","pitcher","8185",69,4.46,1.38,0,4,56,-1.4,-3.85,""
"320","Carson Smith",NA,"pitcher","13172",40,3.55,1.31,0,3,40,-1.41,-3.88,""
"321","Addison Reed","Twins","pitcher","10586",65,4.9,1.37,4,3,51,-1.42,-3.92,""
"322","Tim Mayza","Blue Jays","pitcher","15042",50,4.01,1.34,1,2,53,-1.44,-3.96,""
"323","Martin Perez",NA,"pitcher","6902",91,4.46,1.45,0,5,62,-1.46,-4.03,""
"324","Jonny Venters","Braves","pitcher","7175",50,3.8,1.43,1,3,47,-1.47,-4.04,""
"325","Luis Perdomo","Padres","pitcher","14682",75,4.32,1.43,0,4,59,-1.47,-4.06,""
"326","Jason Hammel",NA,"pitcher","4538",92,5.03,1.39,0,5,70,-1.48,-4.06,""
"327","Tanner Scott","Orioles","pitcher","17586",45,3.61,1.41,0,2,57,-1.49,-4.09,""
"328","Doug Fister",NA,"pitcher","9425",91,4.73,1.43,0,5,66,-1.51,-4.15,""
"329","Matt Wisler","Reds","pitcher","12804",50,4.15,1.22,0,2,47,-1.51,-4.16,""
"330","Tyler Kinley","Marlins","pitcher","18297",50,3.81,1.37,0,2,55,-1.54,-4.25,""
"331","Yoan Lopez","Diamondbacks","pitcher","17181",45,3.9,1.31,0,2,51,-1.55,-4.26,""
"332","Tony Cingrani","Dodgers","pitcher","12555",40,3.61,1.27,0,2,44,-1.55,-4.26,""
"333","Kevin McCarthy","Royals","pitcher","15240",55,4.29,1.44,6,2,37,-1.58,-4.36,""
"334","Dan Otero","Indians","pitcher","7385",50,3.8,1.3,0,3,36,-1.59,-4.38,""
"335","Kyle Crick","Pirates","pitcher","13182",50,4.05,1.37,1,2,52,-1.6,-4.41,""
"336","Zac Rosscup","Mariners","pitcher","9419",40,3.9,1.27,0,2,46,-1.62,-4.47,""
"337","Nathan Karns",NA,"pitcher","12638",46,4.31,1.33,0,3,46,-1.66,-4.56,""
"338","Matt Grace","Nationals","pitcher","11449",50,3.86,1.36,0,3,41,-1.66,-4.58,""
"339","Richard Bleier","Orioles","pitcher","7803",65,4.32,1.43,4,3,38,-1.67,-4.59,""
"340","Marco Estrada",NA,"pitcher","1118",90,5.18,1.4,0,5,70,-1.67,-4.61,""
"341","Robert Stephenson","Reds","pitcher","13594",66,4.82,1.48,0,4,69,-1.68,-4.62,""
"342","Jesse Biddle","Braves","pitcher","11437",40,3.54,1.32,0,2,43,-1.68,-4.64,""
"343","Heath Fillmyer","Royals","pitcher","17466",97,4.79,1.43,1,4,70,-1.69,-4.67,""
"344","Jarlin Garcia","Marlins","pitcher","18282",60,4.34,1.38,1,3,47,-1.7,-4.68,""
"345","Jose De Leon","Rays","pitcher","15463",46,4.39,1.32,0,3,45,-1.71,-4.7,""
"346","Jeremy Hellickson",NA,"pitcher","4371",94,5.06,1.39,0,5,65,-1.72,-4.72,""
"347","Michael Lorenzen","Reds","pitcher","14843",101,4.77,1.5,0,5,80,-1.72,-4.73,""
"348","Robert Stock","Padres","pitcher","6576",45,3.76,1.34,0,2,46,-1.73,-4.77,""
"349","Hansel Robles","Angels","pitcher","11801",50,4.32,1.35,1,2,51,-1.73,-4.77,""
"350","Enyel De Los Santos","Phillies","pitcher","18403",74,4.87,1.42,0,4,64,-1.75,-4.81,""
"351","Josh Fields","Dodgers","pitcher","5070",40,3.96,1.23,0,2,40,-1.75,-4.81,""
"352","Emilio Pagan","Rays","pitcher","14771",40,4.12,1.23,0,2,42,-1.76,-4.85,""
"353","Dylan Covey","White Sox","pitcher","14825",122,4.91,1.52,0,6,92,-1.76,-4.86,""
"354","Edinson Volquez","Rangers","pitcher","3990",128,5.12,1.53,0,7,98,-1.77,-4.87,""
"355","Bryan Shaw","Rockies","pitcher","8110",50,4.31,1.42,1,3,46,-1.79,-4.91,""
"356","Dan Winkler","Braves","pitcher","12237",40,3.9,1.28,0,2,42,-1.79,-4.92,""
"357","Yohander Mendez","Rangers","pitcher","14391",139,5.23,1.51,0,7,106,-1.79,-4.93,""
"358","Bobby Wahl","Mets","pitcher","14832",30,3.46,1.27,0,2,38,-1.79,-4.94,""
"359","Julian Merryweather","Blue Jays","pitcher","sa829363",65,4.8,1.38,0,4,51,-1.81,-4.99,""
"360","Juan Minaya","White Sox","pitcher","10341",50,4.34,1.38,1,2,52,-1.82,-5,""
"361","Xavier Cedeno",NA,"pitcher","36",40,3.83,1.36,0,3,36,-1.82,-5.02,""
"362","Michael Feliz","Pirates","pitcher","11903",40,3.95,1.31,0,2,44,-1.83,-5.03,""
"363","Austin Pruitt","Rays","pitcher","15290",40,3.78,1.23,0,2,35,-1.83,-5.04,""
"364","Liam Hendriks","Athletics","pitcher","3548",30,3.55,1.19,0,2,33,-1.83,-5.05,""
"365","Ryan Buchter","Athletics","pitcher","9456",50,4.23,1.33,0,2,50,-1.84,-5.06,""
"366","Luis Cessa","Yankees","pitcher","13345",53,4.55,1.35,0,3,48,-1.84,-5.07,""
"367","Connor Sadzeck","Rangers","pitcher","13483",50,4.18,1.4,1,2,50,-1.85,-5.1,""
"368","Jon Edwards","Indians","pitcher","1483",40,4.03,1.32,0,2,45,-1.86,-5.12,""
"369","Nick Wittgren","Marlins","pitcher","15594",50,4.06,1.32,0,2,45,-1.87,-5.14,""
"370","Bobby Poyner","Red Sox","pitcher","17987",50,4.52,1.32,0,3,43,-1.87,-5.15,""
"371","Jordan Lyles","Pirates","pitcher","7593",54,4.33,1.38,0,3,46,-1.88,-5.18,""
"372","Daniel Stumpf","Tigers","pitcher","13780",50,4.34,1.35,1,2,47,-1.88,-5.18,""
"373","Taylor Williams","Brewers","pitcher","14899",45,4.11,1.35,0,2,48,-1.89,-5.2,""
"374","Brad Wieck","Padres","pitcher","16390",30,3.49,1.28,0,2,36,-1.89,-5.22,""
"375","Bartolo Colon",NA,"pitcher","375",91,5.02,1.38,0,5,55,-1.9,-5.23,""
"376","Sergio Romo",NA,"pitcher","9817",50,4.15,1.26,0,1,50,-1.9,-5.24,""
"377","Juan Nicasio","Phillies","pitcher","7731",30,3.72,1.21,0,2,34,-1.9,-5.24,""
"378","Dane Dunning","White Sox","pitcher","sa738926",55,4.47,1.39,0,3,49,-1.92,-5.29,""
"379","Tyler Clippard",NA,"pitcher","5640",50,4.29,1.29,0,1,55,-1.92,-5.29,""
"380","Jorge Lopez","Royals","pitcher","14527",83,4.64,1.46,0,4,63,-1.92,-5.29,""
"381","Ian Hamilton","White Sox","pitcher","19261",50,4.2,1.36,0,2,50,-1.92,-5.29,""
"382","Phil Maton","Padres","pitcher","18064",40,4.01,1.31,0,2,42,-1.93,-5.3,""
"383","Daniel Zamora","Mets","pitcher","17811",40,3.8,1.35,0,2,42,-1.93,-5.32,""
"384","Tony Sipp",NA,"pitcher","8280",50,3.98,1.31,0,1,51,-1.93,-5.32,""
"385","James Pazos","Phillies","pitcher","13323",40,3.89,1.34,0,2,42,-1.95,-5.36,""
"386","Tim Peterson","Mets","pitcher","13946",40,4.15,1.27,0,2,40,-1.95,-5.38,""
"387","Jeffrey Springs","Rangers","pitcher","17677",40,4.03,1.33,0,2,43,-1.96,-5.39,""
"388","Sammy Solis","Nationals","pitcher","11457",40,3.81,1.35,0,2,41,-1.97,-5.42,""
"389","Luis Garcia","Angels","pitcher","6984",40,3.73,1.33,0,2,38,-1.98,-5.45,""
"390","Hector Santiago",NA,"pitcher","4026",94,5.18,1.5,0,5,82,-1.98,-5.46,""
"391","Sonny Gray","Yankees","pitcher","12768",34,3.75,1.27,0,2,34,-2.01,-5.53,""
"392","Joe Smith","Astros","pitcher","3281",40,3.92,1.3,0,2,37,-2.02,-5.57,""
"393","Dominic Leone","Cardinals","pitcher","13763",40,3.96,1.32,0,2,39,-2.03,-5.59,""
"394","Framber Valdez","Astros","pitcher","17295",45,4.07,1.44,0,3,41,-2.03,-5.59,""
"395","Marcus Walden","Red Sox","pitcher","8004",50,4.24,1.39,0,3,40,-2.04,-5.61,""
"396","Jose Alvarez","Phillies","pitcher","5358",35,3.81,1.29,0,2,35,-2.04,-5.62,""
"397","Oliver Drake","Blue Jays","pitcher","8823",40,4.05,1.33,0,2,40,-2.07,-5.7,""
"398","Max Fried","Braves","pitcher","13743",34,3.56,1.36,0,2,36,-2.07,-5.7,""
"399","Nick Tropeano","Angels","pitcher","12385",55,4.68,1.38,0,3,47,-2.09,-5.77,""
"400","Jake McGee","Rockies","pitcher","7550",50,4.43,1.35,0,2,48,-2.1,-5.78,""
"401","Brad Brach",NA,"pitcher","6627",50,4.04,1.34,0,1,50,-2.11,-5.8,""
"402","Alex Claudio","Brewers","pitcher","12890",45,3.64,1.34,0,2,33,-2.11,-5.81,""
"403","Ben Heller","Yankees","pitcher","15100",40,4.23,1.35,0,2,43,-2.11,-5.81,""
"404","Bryan Mitchell","Padres","pitcher","11479",100,4.78,1.52,0,5,72,-2.12,-5.84,""
"405","Pablo Lopez","Marlins","pitcher","17085",46,4.09,1.3,0,2,36,-2.13,-5.87,""
"406","Blake Wood",NA,"pitcher","1345",50,3.94,1.37,0,1,50,-2.15,-5.92,""
"407","Riley Ferrell","Marlins","pitcher","sa874967",40,3.9,1.39,0,2,40,-2.16,-5.95,""
"408","Adam Plutko","Indians","pitcher","15846",40,4.47,1.25,0,2,37,-2.16,-5.95,""
"409","JT Chargois","Dodgers","pitcher","13767",30,3.59,1.31,0,2,31,-2.17,-5.96,""
"410","John Axford",NA,"pitcher","9059",50,3.91,1.38,0,1,50,-2.17,-5.96,""
"411","Edwin Jackson",NA,"pitcher","1841",91,5.23,1.49,0,5,74,-2.18,-5.99,""
"412","Matt Hall","Tigers","pitcher","18076",76,4.81,1.5,0,4,63,-2.18,-6,""
"413","Shawn Kelley",NA,"pitcher","7773",50,4.4,1.3,0,1,50,-2.2,-6.04,""
"414","Jacob Nix","Padres","pitcher","17775",72,4.89,1.41,0,4,49,-2.2,-6.05,""
"415","Felix Pena","Angels","pitcher","13403",45,4.64,1.38,0,3,40,-2.2,-6.06,""
"416","Austin Voth","Nationals","pitcher","15047",39,4.1,1.32,0,2,36,-2.2,-6.07,""
"417","Adam Kolarek","Rays","pitcher","10843",40,3.69,1.37,0,2,34,-2.21,-6.07,""
"418","Chasen Shreve","Cardinals","pitcher","10855",30,3.8,1.33,0,2,33,-2.22,-6.1,""
"419","Ben Taylor","Indians","pitcher","18114",30,4.02,1.26,0,2,31,-2.22,-6.12,""
"420","Brad Boxberger",NA,"pitcher","10133",50,4.23,1.39,0,1,55,-2.23,-6.13,""
"421","Matthew Festa","Mariners","pitcher","19330",40,4.22,1.32,0,2,37,-2.23,-6.14,""
"422","Koda Glover","Nationals","pitcher","17695",40,4.08,1.36,0,2,38,-2.24,-6.15,""
"423","Fernando Rodney","Athletics","pitcher","494",40,4.05,1.38,0,2,39,-2.24,-6.17,""
"424","Joe Biagini","Blue Jays","pitcher","13194",50,4.34,1.35,0,2,42,-2.25,-6.19,""
"425","Noe Ramirez","Angels","pitcher","12800",30,4,1.28,0,2,31,-2.26,-6.21,""
"426","Aaron Bummer","White Sox","pitcher","16258",40,3.85,1.41,0,2,38,-2.26,-6.22,""
"427","Steven Brault","Pirates","pitcher","15291",40,3.98,1.4,0,2,39,-2.26,-6.23,""
"428","James Shields",NA,"pitcher","7059",114,5.3,1.48,0,5,89,-2.27,-6.26,""
"429","Greg Holland",NA,"pitcher","7196",55,4.39,1.45,0,2,54,-2.28,-6.26,""
"430","A.J. Cole","Yankees","pitcher","11467",40,4.52,1.33,0,2,40,-2.3,-6.34,""
"431","Adam Warren",NA,"pitcher","9029",50,4.15,1.34,0,1,46,-2.31,-6.37,""
"432","Nick Goody","Indians","pitcher","13685",30,4.23,1.29,0,2,32,-2.33,-6.41,""
"433","Sam Freeman","Braves","pitcher","6832",30,3.69,1.4,0,2,32,-2.35,-6.48,""
"434","Drew Smith","Mets","pitcher","17755",40,4.29,1.36,0,2,37,-2.37,-6.54,""
"435","Yovani Gallardo",NA,"pitcher","8173",94,4.97,1.52,0,5,67,-2.38,-6.56,""
"436","Giovanny Gallegos","Cardinals","pitcher","14986",20,3.56,1.2,0,2,22,-2.39,-6.57,""
"437","Lucas Giolito","White Sox","pitcher","15474",136,5.32,1.54,0,6,109,-2.4,-6.6,""
"438","Austin Adams","Nationals","pitcher","13801",20,3.49,1.32,0,2,26,-2.4,-6.6,""
"439","Domingo German","Yankees","pitcher","17149",38,4.57,1.34,0,2,38,-2.41,-6.64,""
"440","Tyler Thornburg","Red Sox","pitcher","10688",50,4.8,1.4,1,2,45,-2.41,-6.64,""
"441","Nick Vincent",NA,"pitcher","7555",50,4.43,1.3,0,1,44,-2.42,-6.66,""
"442","Sandy Alcantara","Marlins","pitcher","18684",65,4.61,1.48,0,3,52,-2.43,-6.68,""
"443","Jake Barrett","Diamondbacks","pitcher","13322",35,4.21,1.41,0,2,37,-2.43,-6.7,""
"444","Miguel Gonzalez",NA,"pitcher","7024",110,5.26,1.45,0,5,73,-2.44,-6.71,""
"445","Daniel Hudson",NA,"pitcher","7146",50,4.32,1.38,0,1,49,-2.45,-6.76,""
"446","Williams Jerez","Angels","pitcher","14338",30,3.95,1.37,0,2,30,-2.46,-6.77,""
"447","Keynan Middleton","Angels","pitcher","15264",25,3.94,1.3,0,2,26,-2.46,-6.78,""
"448","Dovydas Neverauskas","Pirates","pitcher","11604",35,4.15,1.42,0,2,36,-2.47,-6.79,""
"449","Cole Sulser","Rays","pitcher","sa738350",20,3.67,1.25,0,2,22,-2.48,-6.84,""
"450","Danny Barnes","Blue Jays","pitcher","11388",50,4.83,1.37,0,2,46,-2.49,-6.84,""
"451","Lewis Thorpe","Twins","pitcher","sa739599",29,4.27,1.31,0,2,29,-2.49,-6.85,""
"452","Caleb Frare","White Sox","pitcher","14353",45,4.42,1.5,0,2,49,-2.49,-6.87,""
"453","Jerry Blevins",NA,"pitcher","7841",50,4.4,1.39,0,1,50,-2.5,-6.9,""
"454","Adrian Houser","Brewers","pitcher","12718",49,4.38,1.4,0,2,40,-2.51,-6.9,""
"455","Chris Rusin","Rockies","pitcher","9895",40,4.15,1.4,0,2,34,-2.52,-6.93,""
"456","Stephen Tarpley","Yankees","pitcher","15859",40,4.18,1.44,0,2,37,-2.54,-6.99,""
"457","Ryan Helsley","Cardinals","pitcher","sa874172",20,3.74,1.28,0,2,22,-2.54,-7,""
"458","Fernando Romero","Twins","pitcher","15885",45,4.74,1.43,0,3,35,-2.58,-7.11,""
"459","Brock Stewart","Dodgers","pitcher","16727",29,4.31,1.3,0,2,26,-2.58,-7.11,""
"460","Wandy Peralta","Reds","pitcher","14295",50,4.28,1.48,0,2,44,-2.59,-7.13,""
"461","Joe Palumbo","Rangers","pitcher","sa738453",34,4.31,1.41,0,2,33,-2.61,-7.18,""
"462","AJ Ramos",NA,"pitcher","8350",50,4.41,1.42,0,1,50,-2.61,-7.2,""
"463","Travis Bergen","Giants","pitcher","sa856186",30,3.76,1.31,0,1,30,-2.62,-7.21,""
"464","Clay Holmes","Pirates","pitcher","13649",39,4.07,1.48,0,2,36,-2.62,-7.21,""
"465","Chih-Wei Hu","Indians","pitcher","16419",39,4.62,1.33,0,2,32,-2.62,-7.21,""
"466","Brandon Kintzler","Cubs","pitcher","9939",40,4.15,1.39,0,2,30,-2.63,-7.23,""
"467","Cody Anderson","Indians","pitcher","12799",29,4.29,1.31,0,2,25,-2.63,-7.24,""
"468","Randall Delgado",NA,"pitcher","5985",50,4.64,1.41,0,2,42,-2.64,-7.28,""
"469","Chad Bettis","Rockies","pitcher","10587",45,4.54,1.39,0,2,36,-2.67,-7.34,""
"470","Nick Gardewine","Rangers","pitcher","16513",35,4.38,1.42,0,2,33,-2.67,-7.35,""
"471","Matt Magill","Twins","pitcher","3950",40,4.67,1.4,0,2,37,-2.67,-7.36,""
"472","Jake Petricka",NA,"pitcher","10534",25,3.85,1.36,0,2,22,-2.68,-7.37,""
"473","Chasen Bradford","Mariners","pitcher","12452",50,4.53,1.39,0,2,37,-2.68,-7.37,""
"474","Glenn Sparkman","Royals","pitcher","15200",44,4.56,1.34,0,2,31,-2.69,-7.4,""
"475","Jorge De La Rosa",NA,"pitcher","2047",50,4.31,1.41,0,1,45,-2.69,-7.4,""
"476","Matt Belisle",NA,"pitcher","1837",50,4.33,1.36,0,1,40,-2.7,-7.44,""
"477","Brandon Workman","Red Sox","pitcher","11428",30,4.39,1.36,0,2,27,-2.7,-7.45,""
"478","Jared Miller","Diamondbacks","pitcher","sa827467",35,4.11,1.57,0,2,39,-2.71,-7.46,""
"479","Brett Cecil","Cardinals","pitcher","2660",40,4.35,1.41,0,2,32,-2.71,-7.47,""
"480","Kyle Bird","Rangers","pitcher","sa829691",40,4.49,1.46,0,2,38,-2.72,-7.47,""
"481","Chris Ellis","Royals","pitcher","sa602616",57,5.05,1.44,0,3,44,-2.72,-7.48,""
"482","Blaine Hardy","Tigers","pitcher","6499",30,4.01,1.27,0,1,27,-2.73,-7.52,""
"483","Jim Johnson",NA,"pitcher","3656",50,4.27,1.4,0,1,41,-2.77,-7.62,""
"484","Robby Scott","Reds","pitcher","13042",30,4.19,1.34,0,1,32,-2.77,-7.63,""
"485","Elieser Hernandez","Marlins","pitcher","16933",44,4.72,1.41,0,2,37,-2.78,-7.66,""
"486","Austin Gomber","Cardinals","pitcher","16561",27,4.33,1.37,0,2,24,-2.79,-7.67,""
"487","Matt Moore","Tigers","pitcher","1890",90,5.33,1.48,0,4,67,-2.8,-7.69,""
"488","Evan Phillips","Orioles","pitcher","17734",35,4.58,1.47,0,2,35,-2.81,-7.73,""
"489","Tyler Webb","Cardinals","pitcher","14974",25,3.8,1.3,0,1,25,-2.81,-7.74,""
"490","Bryse Wilson","Braves","pitcher","19990",24,3.79,1.28,0,1,24,-2.81,-7.74,""
"491","Reymin Guduan","Astros","pitcher","13058",25,3.7,1.38,0,1,28,-2.81,-7.75,""
"492","Joaquin Benoit",NA,"pitcher","1437",40,4.49,1.38,0,1,39,-2.82,-7.75,""
"493","Spencer Turnbull","Tigers","pitcher","16207",34,4.51,1.41,0,2,29,-2.83,-7.79,""
"494","Thyago Vieira","White Sox","pitcher","14510",45,4.7,1.48,0,2,42,-2.83,-7.79,""
"495","Mike Mayers","Cardinals","pitcher","15451",25,3.92,1.27,0,1,24,-2.83,-7.79,""
"496","Dillon Maples","Cubs","pitcher","14672",20,3.35,1.43,0,1,27,-2.83,-7.8,""
"497","Zack Littell","Twins","pitcher","15823",29,4.55,1.37,0,2,25,-2.84,-7.83,""
"498","Mike Wright","Orioles","pitcher","12586",49,4.88,1.41,0,2,40,-2.85,-7.83,""
"499","Tyler Chatwood","Cubs","pitcher","4338",39,4.26,1.53,0,2,36,-2.85,-7.83,""
"500","Jaime Schultz","Rays","pitcher","15066",20,3.67,1.31,0,1,24,-2.85,-7.85,""
"501","Hunter Wood","Rays","pitcher","15091",20,3.73,1.25,0,1,22,-2.85,-7.85,""
"502","Alex Wilson",NA,"pitcher","9239",40,4.26,1.35,0,1,32,-2.86,-7.87,""
"503","Drew VerHagen","Tigers","pitcher","13424",30,4.16,1.34,0,1,29,-2.86,-7.88,""
"504","Dylan Cease","White Sox","pitcher","sa829000",37,4.68,1.49,0,2,37,-2.87,-7.9,""
"505","Merandy Gonzalez","Marlins","pitcher","17313",49,4.65,1.43,0,2,37,-2.88,-7.91,""
"506","Brian Flynn","Royals","pitcher","12027",45,4.4,1.45,0,2,33,-2.88,-7.92,""
"507","Derek Law","Giants","pitcher","13133",25,3.8,1.3,0,1,23,-2.88,-7.92,""
"508","Wei-Chieh Huang","Rangers","pitcher","sa872084",35,4.75,1.44,0,2,33,-2.88,-7.93,""
"509","Jacob Barnes","Brewers","pitcher","12323",30,4.05,1.39,0,1,30,-2.89,-7.96,""
"510","Gerson Bautista","Mariners","pitcher","19256",30,4.29,1.38,0,1,32,-2.89,-7.96,""
"511","Ryan Dull","Athletics","pitcher","13974",30,4.31,1.31,0,1,28,-2.89,-7.96,""
"512","Corey Oswalt","Mets","pitcher","13677",38,4.63,1.41,0,2,30,-2.9,-7.97,""
"513","Hunter Strickland",NA,"pitcher","7836",50,4.59,1.41,0,1,44,-2.9,-7.98,""
"514","Victor Arano","Phillies","pitcher","15915",25,4.2,1.3,0,1,26,-2.9,-7.98,""
"515","Brandon Maurer",NA,"pitcher","4878",40,4.37,1.41,0,1,37,-2.91,-8,""
"516","T.J. McFarland","Diamondbacks","pitcher","3237",35,4.03,1.46,0,2,24,-2.92,-8.05,""
"517","Nick Burdi","Pirates","pitcher","16074",25,3.97,1.36,0,1,26,-2.93,-8.07,""
"518","Miguel Diaz","Padres","pitcher","18815",25,3.98,1.38,0,1,27,-2.93,-8.08,""
"519","Dillon Peters","Angels","pitcher","18790",36,4.5,1.41,0,2,26,-2.95,-8.12,""
"520","Dan Altavilla","Mariners","pitcher","16507",25,4.15,1.36,0,1,27,-2.95,-8.13,""
"521","Dean Deetz","Astros","pitcher","16687",25,4.12,1.39,0,1,28,-2.96,-8.15,""
"522","Trevor Gott","Nationals","pitcher","15046",25,3.85,1.36,0,1,24,-2.96,-8.16,""
"523","Brian Duensing","Cubs","pitcher","4064",40,4.52,1.47,0,2,32,-2.96,-8.16,""
"524","Pat Venditte","Giants","pitcher","7108",25,3.97,1.34,0,1,24,-2.97,-8.16,""
"525","Jordan Romano","Rangers","pitcher","sa829155",96,5.46,1.49,0,4,73,-2.97,-8.17,""
"526","Jake Newberry","Royals","pitcher","15136",40,4.77,1.44,0,2,33,-2.97,-8.18,""
"527","Yimi Garcia","Dodgers","pitcher","12095",20,4.1,1.21,0,1,19,-2.99,-8.24,""
"528","Chad Sobotka","Braves","pitcher","17470",25,4.06,1.42,0,1,28,-2.99,-8.24,""
"529","Victor Alcantara","Tigers","pitcher","15028",40,4.57,1.46,0,2,31,-2.99,-8.24,""
"530","Jake Faria","Rays","pitcher","13699",28,4.72,1.43,0,2,25,-3.01,-8.29,""
"531","Andrew Vasquez","Twins","pitcher","19482",20,3.73,1.35,0,1,21,-3.02,-8.33,""
"532","Aaron Wilkerson","Brewers","pitcher","16904",29,4.59,1.31,0,1,27,-3.03,-8.33,""
"533","Joey Krehbiel","Diamondbacks","pitcher","13707",20,3.99,1.36,0,1,23,-3.03,-8.35,""
"534","Luke Jackson","Braves","pitcher","11752",25,4.1,1.4,0,1,26,-3.04,-8.37,""
"535","Kyle Dowdy","Mets","pitcher","sa875594",20,3.89,1.29,0,1,19,-3.05,-8.4,""
"536","Peter Moylan",NA,"pitcher","4891",50,4.3,1.47,0,1,40,-3.06,-8.43,""
"537","Grant Dayton","Braves","pitcher","11203",15,3.75,1.24,0,1,17,-3.07,-8.44,""
"538","Josh Osich","Giants","pitcher","11528",25,3.93,1.39,0,1,23,-3.07,-8.46,""
"539","Tyler Duffey","Twins","pitcher","13758",20,4.05,1.28,0,1,19,-3.08,-8.47,""
"540","Chris Flexen","Mets","pitcher","13896",36,4.78,1.46,0,2,29,-3.1,-8.52,""
"541","Matt Bowman","Reds","pitcher","13528",20,3.86,1.34,0,1,19,-3.11,-8.57,""
"542","Shane Carle","Braves","pitcher","15258",30,4.25,1.38,0,1,25,-3.12,-8.58,""
"543","Ryan Burr","White Sox","pitcher","17536",35,4.72,1.53,0,2,32,-3.12,-8.58,""
"544","C.D. Pelham","Rangers","pitcher","19820",40,4.66,1.59,0,2,39,-3.12,-8.6,""
"545","Sam Tuivailala","Mariners","pitcher","13485",25,4.26,1.36,0,1,23,-3.12,-8.6,""
"546","Yacksel Rios","Phillies","pitcher","15007",25,4.37,1.4,0,1,26,-3.13,-8.6,""
"547","Ryan Carpenter","Tigers","pitcher","12699",36,5.03,1.4,0,2,27,-3.13,-8.61,""
"548","J.B. Bukauskas","Astros","pitcher","sa829263",28,4.8,1.46,0,2,24,-3.13,-8.62,""
"549","Aaron Slegers","Twins","pitcher","15231",29,4.87,1.37,0,2,20,-3.13,-8.62,""
"550","Tyler Beede","Giants","pitcher","16981",36,4.61,1.52,0,2,30,-3.13,-8.63,""
"551","Wes Parsons","Braves","pitcher","14764",24,4.14,1.35,0,1,21,-3.14,-8.63,""
"552","Jonathan Loaisiga","Yankees","pitcher","19753",18,4.15,1.28,0,1,18,-3.14,-8.64,""
"553","Chase De Jong","Twins","pitcher","15036",35,5.05,1.38,0,2,25,-3.14,-8.65,""
"554","Luiz Gohara","Braves","pitcher","15166",18,3.99,1.31,0,1,18,-3.14,-8.65,""
"555","Yefry Ramirez","Orioles","pitcher","15655",38,5.22,1.45,0,2,34,-3.14,-8.65,""
"556","Colten Brewer","Red Sox","pitcher","12997",20,3.93,1.35,0,1,19,-3.14,-8.65,""
"557","JC Ramirez","Angels","pitcher","8302",37,4.74,1.44,0,2,26,-3.15,-8.67,""
"558","D.J. Johnson","Rockies","pitcher","12578",20,4.13,1.37,0,1,21,-3.15,-8.68,""
"559","Scott Barlow","Royals","pitcher","14993",29,4.47,1.38,0,1,26,-3.16,-8.69,""
"560","Austin Brice","Angels","pitcher","17237",25,4.26,1.34,0,1,21,-3.16,-8.7,""
"561","Carlos Estevez","Rockies","pitcher","14542",20,4.19,1.37,0,1,21,-3.17,-8.72,""
"562","Miguel Almonte","Angels","pitcher","14139",25,4.26,1.4,0,1,23,-3.19,-8.79,""
"563","Adrian Sampson",NA,"pitcher","13339",46,5.09,1.39,0,2,30,-3.2,-8.8,""
"564","Chandler Shepherd","Red Sox","pitcher","sa602595",20,4.21,1.29,0,1,17,-3.2,-8.81,""
"565","Josh Staumont","Royals","pitcher","sa857581",25,4.35,1.51,0,1,29,-3.21,-8.82,""
"566","Vidal Nuno",NA,"pitcher","9674",30,4.28,1.28,0,0,27,-3.21,-8.83,""
"567","Edubray Ramos","Phillies","pitcher","16086",20,4.41,1.34,0,1,20,-3.21,-8.85,""
"568","Paul Sewald","Mets","pitcher","13892",20,4.34,1.33,0,1,19,-3.22,-8.86,""
"569","Kyle Ryan","Cubs","pitcher","11753",20,3.86,1.4,0,1,18,-3.23,-8.89,""
"570","Merrill Kelly",NA,"pitcher","sa552177",57,4.7,1.4,0,0,48,-3.24,-8.92,""
"571","Josh Rogers","Orioles","pitcher","18510",90,5.47,1.48,0,4,58,-3.26,-8.98,""
"572","Tommy Milone","Mariners","pitcher","7608",27,4.73,1.31,0,1,21,-3.27,-9,""
"573","Jacob Rhame","Mets","pitcher","15267",20,3.98,1.25,0,0,22,-3.27,-9,""
"574","Jackson Stephens","Reds","pitcher","14420",20,4.36,1.34,0,1,18,-3.27,-9,""
"575","Trey Supak","Brewers","pitcher","sa828707",20,4.46,1.35,0,1,19,-3.28,-9.02,""
"576","Junichi Tazawa",NA,"pitcher","4079",50,4.88,1.44,0,1,41,-3.28,-9.04,""
"577","Brandon Brennan","Mariners","pitcher","sa550121",25,4.23,1.42,0,1,21,-3.29,-9.05,""
"578","Wander Suero","Nationals","pitcher","15855",20,4.32,1.36,0,1,18,-3.29,-9.05,""
"579","Parker Bridwell","Angels","pitcher","11502",25,4.52,1.33,0,1,19,-3.29,-9.06,""
"580","Paul Blackburn","Athletics","pitcher","14739",36,4.75,1.45,0,2,22,-3.3,-9.08,""
"581","Jordan Yamamoto","Marlins","pitcher","sa829040",18,4.22,1.34,0,1,16,-3.3,-9.08,""
"582","Michael Soroka","Braves","pitcher","18383",18,4.17,1.33,0,1,15,-3.31,-9.11,""
"583","Ricardo Rodriguez",NA,"pitcher","15458",25,4.13,1.31,0,0,24,-3.32,-9.14,""
"584","Jamie Callahan",NA,"pitcher","14711",30,4.25,1.39,0,0,30,-3.32,-9.14,""
"585","Tyson Ross","Tigers","pitcher","7872",91,5.27,1.56,0,4,65,-3.32,-9.15,""
"586","Mike Dunn","Rockies","pitcher","9948",50,5.19,1.56,0,2,47,-3.33,-9.17,""
"587","John Curtiss","Twins","pitcher","16128",25,4.66,1.45,0,1,25,-3.34,-9.18,""
"588","Austin Davis","Phillies","pitcher","17117",20,3.99,1.3,0,0,22,-3.34,-9.2,""
"589","Donnie Hart","Orioles","pitcher","15306",25,4.37,1.41,0,1,20,-3.35,-9.22,""
"590","Tanner Rainey","Nationals","pitcher","17610",20,4.33,1.53,0,1,23,-3.35,-9.23,""
"591","Luis Avilan",NA,"pitcher","2882",25,3.95,1.37,0,0,24,-3.37,-9.27,""
"592","Sam McWilliams","Royals","pitcher","sa829124",20,4.39,1.36,0,1,16,-3.37,-9.29,""
"593","Kyle McGowin","Nationals","pitcher","15071",18,4.43,1.37,0,1,16,-3.38,-9.31,""
"594","Jeff Hoffman","Rockies","pitcher","17432",27,5.23,1.52,0,2,23,-3.4,-9.37,""
"595","Grant Holmes","Athletics","pitcher","sa828669",19,4.41,1.41,0,1,17,-3.4,-9.37,""
"596","Jesus Liranzo","Pirates","pitcher","sa658076",25,4.68,1.51,0,1,26,-3.41,-9.39,""
"597","Ian Gibaut","Rays","pitcher","sa857671",20,4,1.35,0,0,22,-3.41,-9.39,""
"598","Miguel Castro","Orioles","pitcher","15684",45,5.11,1.57,1,2,34,-3.42,-9.41,""
"599","Jose Ruiz","White Sox","pitcher","14552",20,4.64,1.45,0,1,20,-3.42,-9.42,""
"600","Ariel Jurado","Rangers","pitcher","17030",76,5.21,1.51,0,4,39,-3.43,-9.45,""
"601","Brendan McCurry","Astros","pitcher","sa829486",10,4.14,1.29,0,1,10,-3.44,-9.47,""
"602","Stephen Gonsalves","Twins","pitcher","15492",38,5.15,1.55,0,2,32,-3.44,-9.47,""
"603","Taylor Clarke","Diamondbacks","pitcher","sa874810",18,4.7,1.37,0,1,16,-3.44,-9.48,""
"604","Josh Sborz","Dodgers","pitcher","sa827472",10,4.02,1.32,0,1,10,-3.44,-9.48,""
"605","Brandon Finnegan","Reds","pitcher","16208",25,4.79,1.47,0,1,24,-3.44,-9.48,""
"606","Cody Carroll","Orioles","pitcher","17664",30,4.86,1.52,0,1,30,-3.46,-9.53,""
"607","Daniel Poncedeleon","Cardinals","pitcher","16110",18,4.67,1.42,0,1,17,-3.46,-9.54,""
"608","Gabriel Ynoa","Orioles","pitcher","12938",20,4.7,1.35,0,1,15,-3.47,-9.56,""
"609","Drew Anderson","Phillies","pitcher","15130",19,4.94,1.37,0,1,17,-3.48,-9.57,""
"610","Austen Williams","Nationals","pitcher","16309",10,4.06,1.32,0,1,9,-3.48,-9.59,""
"611","Zack Burdi","White Sox","pitcher","sa856551",20,4.03,1.4,0,0,22,-3.49,-9.6,""
"612","Chance Adams","Yankees","pitcher","18135",28,5.41,1.54,0,2,24,-3.5,-9.63,""
"613","Rhiner Cruz",NA,"pitcher","711",25,4.32,1.4,0,0,25,-3.5,-9.63,""
"614","Randy Rosario","Cubs","pitcher","14508",20,4.29,1.47,0,1,16,-3.5,-9.64,""
"615","Nick Green","Diamondbacks","pitcher","sa738690",20,4.18,1.49,0,1,16,-3.5,-9.64,""
"616","Dario Agrazal","Pirates","pitcher","sa737059",19,4.53,1.36,0,1,13,-3.5,-9.65,""
"617","Adam McCreery","Dodgers","pitcher","19550",10,3.73,1.46,0,1,10,-3.5,-9.65,""
"618","Erasmo Ramirez","Red Sox","pitcher","10314",10,4.27,1.27,0,1,8,-3.51,-9.66,""
"619","Yadier Alvarez","Dodgers","pitcher","sa868984",10,3.94,1.43,0,1,10,-3.51,-9.66,""
"620","Allen Webster",NA,"pitcher","3993",25,4.32,1.37,0,0,23,-3.52,-9.68,""
"621","Dennis Santana","Dodgers","pitcher","17878",9,4.16,1.37,0,1,9,-3.53,-9.71,""
"622","Gerardo Reyes","Padres","pitcher","sa829912",15,4.37,1.48,0,1,14,-3.53,-9.72,""
"623","Jeff Brigham","Marlins","pitcher","16631",18,4.78,1.41,0,1,15,-3.55,-9.76,""
"624","Nick Anderson","Marlins","pitcher","sa578957",10,3.34,1.18,0,0,12,-3.55,-9.77,""
"625","Sal Romano","Reds","pitcher","13690",27,4.86,1.44,0,1,21,-3.55,-9.78,""
"626","Cory Gearrin",NA,"pitcher","7947",25,4.34,1.39,0,0,23,-3.56,-9.79,""
"627","Kohl Stewart","Twins","pitcher","15502",27,5.01,1.55,0,2,18,-3.56,-9.79,""
"628","Jose Suarez","Angels","pitcher","sa872545",9,4.2,1.37,0,1,8,-3.56,-9.81,""
"629","Logan Webb","Giants","pitcher","sa828873",18,4.49,1.48,0,1,15,-3.57,-9.82,""
"630","Rogelio Armenteros","Astros","pitcher","sa877310",9,4.54,1.37,0,1,9,-3.57,-9.82,""
"631","Pierce Johnson",NA,"pitcher","13435",25,4.38,1.43,0,0,25,-3.57,-9.82,""
"632","Nick Rumbelow","Mariners","pitcher","14867",20,4.33,1.36,0,0,20,-3.58,-9.85,""
"633","Max Povse","Mariners","pitcher","16165",18,4.79,1.44,0,1,15,-3.58,-9.87,""
"634","Harrison Musgrave","Rockies","pitcher","16532",30,4.95,1.48,0,1,25,-3.59,-9.87,""
"635","Jacob Waguespack","Blue Jays","pitcher","sa659056",19,4.76,1.46,0,1,16,-3.59,-9.87,""
"636","Kolby Allard","Braves","pitcher","18694",18,4.76,1.42,0,1,14,-3.59,-9.88,""
"637","Tyler Bashlor","Mets","pitcher","15203",20,4.39,1.41,0,0,22,-3.59,-9.89,""
"638","Travis Lakins","Red Sox","pitcher","sa873678",10,4.52,1.41,0,1,9,-3.6,-9.92,""
"639","Lucas Sims","Reds","pitcher","13470",9,4.68,1.42,0,1,9,-3.62,-9.95,""
"640","Alec Mills","Cubs","pitcher","13834",9,4.61,1.38,0,1,8,-3.62,-9.96,""
"641","Zac Reininger","Tigers","pitcher","15285",25,5.08,1.46,0,1,21,-3.62,-9.97,""
"642","Josh Taylor","Red Sox","pitcher","sa842224",10,4.3,1.43,0,1,8,-3.62,-9.97,""
"643","Kyle Wright","Braves","pitcher","19665",9,4.39,1.43,0,1,8,-3.62,-9.97,""
"644","Reed Garrett","Tigers","pitcher","sa830040",25,4.82,1.49,0,1,20,-3.63,-9.98,""
"645","Brady Rodgers","Astros","pitcher","13393",18,4.98,1.39,0,1,13,-3.63,-10,""
"646","Ian Anderson","Braves","pitcher","sa917921",9,4.61,1.48,0,1,9,-3.64,-10.03,""
"647","Ben Lively","Royals","pitcher","14932",27,5.1,1.41,0,1,19,-3.65,-10.04,""
"648","Dan Jennings",NA,"pitcher","8073",25,4.04,1.44,0,0,20,-3.65,-10.05,""
"649","Triston McKenzie","Indians","pitcher","sa874760",9,4.91,1.39,0,1,8,-3.66,-10.07,""
"650","Jesse Hahn","Royals","pitcher","13287",20,4.12,1.36,0,0,16,-3.66,-10.08,""
"651","Kodi Medeiros","White Sox","pitcher","sa828664",19,4.82,1.54,0,1,17,-3.67,-10.11,""
"652","Walker Lockett","Indians","pitcher","13804",9,4.79,1.39,0,1,7,-3.68,-10.12,""
"653","Jen-Ho Tseng","Cubs","pitcher","15524",9,4.68,1.41,0,1,7,-3.68,-10.12,""
"654","Pedro Araujo","Orioles","pitcher","17697",15,5.12,1.49,0,1,14,-3.68,-10.14,""
"655","Tim Collins",NA,"pitcher","3164",25,4.42,1.47,0,0,24,-3.68,-10.14,""
"656","Taylor Guerrieri",NA,"pitcher","13616",25,4.32,1.42,0,0,20,-3.7,-10.2,""
"657","Duane Underwood Jr.","Cubs","pitcher","14677",9,4.87,1.45,0,1,7,-3.72,-10.25,""
"658","Steven Okert","Giants","pitcher","13580",10,3.76,1.26,0,0,10,-3.73,-10.25,""
"659","Brian Johnson","Red Sox","pitcher","14272",19,5.1,1.46,0,1,14,-3.74,-10.28,""
"660","Sandy Baez","Tigers","pitcher","17754",25,5.23,1.48,0,1,20,-3.74,-10.29,""
"661","Brett Martin","Rangers","pitcher","sa828879",28,4.88,1.51,0,1,20,-3.75,-10.32,""
"662","Adbert Alzolay","Cubs","pitcher","sa735853",9,5.11,1.45,0,1,7,-3.75,-10.33,""
"663","Luis Escobar","Pirates","pitcher","sa828442",29,5.04,1.56,0,1,25,-3.76,-10.34,""
"664","Jose Fernandez","Tigers","pitcher","14733",25,5.14,1.55,0,1,22,-3.76,-10.35,""
"665","Jacob Webb","Braves","pitcher","sa829328",15,4.21,1.42,0,0,15,-3.76,-10.35,""
"666","Jose Quijada","Marlins","pitcher","sa828494",10,3.78,1.36,0,0,11,-3.76,-10.36,""
"667","John Means","Orioles","pitcher","16269",18,5.31,1.41,0,1,12,-3.77,-10.37,""
"668","Joel Payamps","Diamondbacks","pitcher","sa597219",10,4.01,1.24,0,0,9,-3.78,-10.4,""
"669","Domingo Acevedo","Yankees","pitcher","sa739716",9,5.35,1.45,0,1,7,-3.78,-10.4,""
"670","Justin Steele","Cubs","pitcher","sa828960",9,4.97,1.53,0,1,7,-3.78,-10.42,""
"671","Aaron Brooks","Athletics","pitcher","12272",28,5.03,1.45,0,1,17,-3.79,-10.42,""
"672","Kyle Keller","Marlins","pitcher","sa875759",10,3.82,1.34,0,0,10,-3.79,-10.43,""
"673","Jake Jewell","Angels","pitcher","16958",20,4.31,1.42,0,0,16,-3.79,-10.44,""
"674","Jefry Rodriguez","Indians","pitcher","17018",20,4.44,1.45,0,0,18,-3.8,-10.45,""
"675","Manny Banuelos","White Sox","pitcher","5365",10,4.11,1.36,0,0,11,-3.8,-10.47,""
"676","Franklyn Kilome","Mets","pitcher","sa830592",28,5.09,1.54,0,1,22,-3.81,-10.49,""
"677","Patrick Weigel","Braves","pitcher","sa829466",10,4.09,1.33,0,0,10,-3.81,-10.5,""
"678","Matt Koch","Diamondbacks","pitcher","13420",18,5.15,1.45,0,1,11,-3.82,-10.5,""
"679","Yency Almonte","Rockies","pitcher","15068",18,5.33,1.53,0,1,15,-3.82,-10.51,""
"680","Jonathan Hernandez","Rangers","pitcher","sa737482",46,5.33,1.61,0,2,36,-3.83,-10.53,""
"681","Jimmy Cordero","Nationals","pitcher","15690",20,4.29,1.5,0,0,18,-3.83,-10.54,""
"682","Jimmy Herget","Reds","pitcher","sa658965",10,4.38,1.35,0,0,11,-3.83,-10.54,""
"683","Darwinzon Hernandez","Red Sox","pitcher","sa828318",9,5.15,1.63,0,1,8,-3.83,-10.55,""
"684","Oscar De La Cruz","Cubs","pitcher","sa737037",10,4.31,1.32,0,0,10,-3.83,-10.56,""
"685","Denyi Reyes","Red Sox","pitcher","sa872864",9,5.5,1.48,0,1,6,-3.85,-10.59,""
"686","Jesus Castillo","Angels","pitcher","sa657701",15,4.35,1.35,0,0,11,-3.85,-10.6,""
"687","Homer Bailey","Dodgers","pitcher","8362",10,4.16,1.28,0,0,8,-3.86,-10.62,""
"688","Eric Hanhold","Mets","pitcher","18332",10,3.94,1.37,0,0,9,-3.86,-10.62,""
"689","Sam Wolff","Giants","pitcher","sa503437",10,4.14,1.39,0,0,10,-3.86,-10.63,""
"690","Sam Coonrod","Giants","pitcher","sa827483",10,4.08,1.36,0,0,9,-3.87,-10.65,""
"691","Jimmy Yacabonis","Orioles","pitcher","15157",48,5.53,1.58,0,2,37,-3.88,-10.69,""
"692","Genesis Cabrera","Cardinals","pitcher","sa828534",10,4.3,1.4,0,0,10,-3.89,-10.71,""
"693","Jesus Tinoco","Rockies","pitcher","sa657723",18,5.56,1.52,0,1,14,-3.89,-10.71,""
"694","Nick Neidert","Marlins","pitcher","sa874797",9,4.19,1.29,0,0,7,-3.9,-10.75,""
"695","Arnaldo Hernandez","Royals","pitcher","sa828154",20,4.76,1.37,0,0,14,-3.9,-10.75,""
"696","James Norwood","Cubs","pitcher","16440",10,4.36,1.42,0,0,10,-3.91,-10.76,""
"697","Edgar Garcia","Phillies","pitcher","sa830494",10,4.53,1.4,0,0,10,-3.92,-10.78,""
"698","Rowan Wick","Cubs","pitcher","14646",10,4.33,1.45,0,0,10,-3.93,-10.81,""
"699","Zac Gallen","Marlins","pitcher","sa857550",9,4.39,1.35,0,0,8,-3.93,-10.81,""
"700","James Bourque","Nationals","pitcher","sa829330",10,4.24,1.44,0,0,9,-3.94,-10.85,""
"701","Dillon Tate","Orioles","pitcher","sa874239",18,5.38,1.54,0,1,12,-3.94,-10.86,""
"702","Joe Harvey","Yankees","pitcher","sa827455",10,4.64,1.42,0,0,10,-3.94,-10.86,""
"703","Luis Ortiz","Orioles","pitcher","16942",45,5.75,1.53,0,2,31,-3.95,-10.87,""
"704","Jesus Reyes","Reds","pitcher","19277",15,4.37,1.48,0,0,12,-3.96,-10.89,""
"705","Albert Abreu","Yankees","pitcher","sa828366",18,5.58,1.6,0,1,15,-3.96,-10.9,""
"706","James Kaprielian",NA,"pitcher","sa658943",9,4.58,1.37,0,0,8,-3.96,-10.91,""
"707","Tanner Anderson","Athletics","pitcher","18029",10,4.12,1.41,0,0,7,-3.98,-10.95,""
"708","Scott Blewett","Royals","pitcher","sa828695",20,4.79,1.42,0,0,14,-3.98,-10.96,""
"709","Hector Perez","Blue Jays","pitcher","sa873324",10,4.63,1.53,0,0,11,-3.99,-10.97,""
"710","Jerad Eickhoff","Phillies","pitcher","12664",9,4.79,1.37,0,0,8,-3.99,-10.97,""
"711","Ricardo Sanchez","Mariners","pitcher","sa830302",18,5.46,1.59,0,1,13,-3.99,-10.98,""
"712","Branden Kline","Orioles","pitcher","sa501558",10,4.83,1.44,0,0,9,-4.02,-11.06,""
"713","Pedro Avila","Padres","pitcher","sa872768",5,4.19,1.42,0,0,5,-4.02,-11.07,""
"714","Patrick Murphy","Blue Jays","pitcher","sa737629",10,4.53,1.46,0,0,8,-4.03,-11.09,""
"715","Jeanmar Gomez","Rangers","pitcher","9033",10,4.64,1.45,0,0,8,-4.03,-11.11,""
"716","Art Warren","Mariners","pitcher","sa875374",10,4.68,1.5,0,0,9,-4.04,-11.12,""
"717","Rayan Gonzalez","Rockies","pitcher","sa455370",15,4.85,1.51,0,0,13,-4.04,-11.13,""
"718","Bo Takahashi","Diamondbacks","pitcher","sa830370",9,5.06,1.42,0,0,8,-4.05,-11.14,""
"719","J.T. Brubaker","Pirates","pitcher","sa875176",9,4.67,1.44,0,0,7,-4.05,-11.15,""
"720","Jose Lopez","Reds","pitcher","sa709715",9,5.09,1.42,0,0,8,-4.05,-11.15,""
"721","Emilio Vargas","Diamondbacks","pitcher","sa736761",9,4.93,1.46,0,0,8,-4.06,-11.17,""
"722","Ranger Suarez","Phillies","pitcher","17277",9,4.69,1.46,0,0,7,-4.06,-11.19,""
"723","Keury Mella","Reds","pitcher","15964",9,4.99,1.47,0,0,8,-4.07,-11.2,""
"724","Jenrry Mejia",NA,"pitcher","8476",25,5.25,1.53,0,0,23,-4.08,-11.23,""
"725","Jean Carlos Mejia","Indians","pitcher","sa830122",10,4.69,1.51,0,0,8,-4.08,-11.24,""
"726","Taylor Hearn","Rangers","pitcher","sa658531",9,4.95,1.5,0,0,8,-4.08,-11.24,""
"727","Sean Gilmartin","Orioles","pitcher","12781",10,4.92,1.43,0,0,7,-4.09,-11.26,""
"728","David Hess","Orioles","pitcher","16130",135,5.95,1.53,0,5,97,-4.1,-11.28,""
"729","Andrew Cashner","Orioles","pitcher","8782",175,5.58,1.57,0,7,110,-4.11,-11.32,""
"730","P.J. Conlon","Mets","pitcher","18213",9,4.98,1.44,0,0,6,-4.12,-11.34,""
"731","Carson Fulmer","White Sox","pitcher","18311",95,5.72,1.65,0,4,78,-4.12,-11.35,""
"732","Jorge Guzman","Marlins","pitcher","sa872759",10,4.69,1.62,0,0,9,-4.12,-11.35,""
"733","Huascar Ynoa","Braves","pitcher","sa873433",10,4.91,1.59,0,0,9,-4.13,-11.37,""
"734","Kaleb Cowart","Mariners","pitcher","11494",10,5.25,1.53,0,0,9,-4.13,-11.37,""
"735","Chris Lee","Orioles","pitcher","sa550044",10,4.7,1.53,0,0,7,-4.13,-11.37,""
"736","Jordan Foley","Rockies","pitcher","sa599323",10,5.07,1.57,0,0,9,-4.14,-11.39,""
"737","Brock Burke","Rangers","pitcher","sa828798",9,5.11,1.5,0,0,7,-4.14,-11.39,""
"738","Hunter Harvey","Orioles","pitcher","sa737510",9,5.32,1.47,0,0,7,-4.14,-11.4,""
"739","Andrew Moore","Rays","pitcher","17553",9,5.43,1.42,0,0,6,-4.16,-11.44,""
"740","Ryan Castellani","Rockies","pitcher","sa828689",18,5.94,1.64,0,1,13,-4.16,-11.45,""
"741","Adonis Medina","Phillies","pitcher","sa832877",9,5.18,1.54,0,0,7,-4.17,-11.48,""
"742","Ian Clarkin","White Sox","pitcher","sa737534",10,4.96,1.54,0,0,7,-4.17,-11.48,""
"743","Jordan Stephens","White Sox","pitcher","sa875031",9,5.42,1.5,0,0,7,-4.17,-11.48,""
"744","Sam Hentges","Indians","pitcher","sa828881",5,5.07,1.6,0,0,4,-4.17,-11.48,""
"745","Trevor Oaks","Royals","pitcher","16468",9,5.03,1.48,0,0,5,-4.18,-11.52,""
"746","Yoel Espinal","Rangers","pitcher","sa597725",10,5.35,1.65,0,0,10,-4.19,-11.54,""
"747","Anderson Espinoza","Padres","pitcher","sa872856",5,5.19,1.67,0,0,4,-4.2,-11.57,""
"748","Franklin Perez","Tigers","pitcher","sa873722",9,5.59,1.53,0,0,7,-4.21,-11.59,""
"749","Melvin Adon","Giants","pitcher","sa873314",9,4.94,1.62,0,0,6,-4.23,-11.63,""
"750","Beau Burrows","Tigers","pitcher","sa874682",9,5.69,1.54,0,0,7,-4.23,-11.63,""
"751","Marcos Diplan","Brewers","pitcher","sa828590",9,5.48,1.68,0,0,8,-4.26,-11.71,""
"752","Bryan Abreu","Astros","pitcher","sa828588",10,5.33,1.71,0,0,9,-4.26,-11.74,""
"753","Justin Lawrence","Rockies","pitcher","sa875567",10,5.13,1.7,0,0,8,-4.27,-11.75,""
"754","Luis Madero","Angels","pitcher","sa828288",9,5.6,1.58,0,0,5,-4.31,-11.86,""
"755","Conner Greene","Royals","pitcher","sa737829",20,5.06,1.62,0,0,14,-4.32,-11.9,""
"756","Gregory Soto","Tigers","pitcher","sa737262",24,5.68,1.76,0,1,18,-4.38,-12.05,""
"757","Julian Fernandez","Marlins","pitcher","sa737347",10,5.38,1.77,0,0,7,-4.38,-12.06,""
"758","Yennsy Diaz","Blue Jays","pitcher","sa873331",9,6.37,1.72,0,0,6,-4.45,-12.25,""
"759","Eduardo Jimenez","Tigers","pitcher","sa655954",20,5.71,1.68,0,0,14,-4.57,-12.57,""
"760","Elvis Luciano","Blue Jays","pitcher","sa3003029",30,6.47,1.92,0,1,18,-5.3,-14.6,""
