"Name","Team","G","PA","AB","H","2B","3B","HR","R","RBI","BB","SO","HBP","SB","CS","AVG","OBP","SLG","OPS","wOBA","Fld","BsR","WAR","playerid"
"Mike Trout","Angels","157","658","516","155","29","4","39","117","106","124","130","10","20","7",".300",".441",".599","1.040",".431","-0.6","3.4","9.2","10155"
"J.D. Martinez","Red Sox","155","651","574","170","35","2","39","101","117","67","161","4","4","2",".297",".371",".568",".939",".393","-0.2","-2.5","4.1","6184"
"Bryce Harper","","150","630","509","136","28","1","34","95","92","110","142","4","10","5",".267",".399",".527",".926",".390","-2.6","0.7","4.9","11579"
"Mookie Betts","Red Sox","162","679","588","177","42","3","29","115","92","76","92","5","26","7",".302",".385",".535",".919",".389","14.6","5.7","7.3","13611"
"Juan Soto","Nationals","152","637","537","156","30","2","29","91","93","90","119","3","7","3",".291",".393",".516",".909",".385","-2.3","0.7","4.5","20123"
"Giancarlo Stanton","Yankees","137","574","499","133","23","1","42","91","102","63","163","6","3","1",".267",".353",".567",".920",".385","0.1","-0.4","3.7","4949"
"Christian Yelich","Brewers","155","651","564","167","34","4","27","95","86","73","134","7","15","5",".296",".381",".514",".895",".382","1.7","2.6","5.1","11477"
"Aaron Judge","Yankees","153","644","534","134","23","1","36","98","93","96","195","6","7","3",".251",".368",".502",".870",".371","5.0","0.5","4.8","15640"
"Rhys Hoskins","Phillies","155","651","553","138","28","1","36","93","92","82","145","8","6","3",".249",".352",".499",".851",".364","2.0","1.1","3.6","16472"
"Yasiel Puig","Reds","142","595","524","144","30","2","28","77","88","59","117","5","15","7",".275",".351",".500",".851",".362","0.6","-0.6","3.2","14225"
"Charlie Blackmon","Rockies","150","630","560","161","28","6","24","95","73","51","118","9","12","5",".287",".354",".489",".843",".360","-1.8","1.4","2.2","7859"
"Andrew McCutchen","Phillies","142","595","507","133","26","2","26","81","76","75","130","7","11","5",".263",".362",".474",".836",".360","-3.1","-0.8","2.9","9847"
"Joc Pederson","Dodgers","124","521","445","111","24","2","27","72","73","62","111","7","6","3",".249",".348",".494",".842",".359","0.9","1.0","3.3","11899"
"Eloy Jimenez","White Sox","137","574","525","154","29","2","25","74","80","37","103","4","3","1",".293",".342",".502",".843",".358","0.0","0.3","3.3","sa830373"
"Ronald Acuna Jr.","Braves","157","658","585","163","31","4","28","94","80","57","159","6","24","10",".279",".346",".490",".836",".358","-3.0","1.6","3.3","18401"
"Marcell Ozuna","Cardinals","150","630","572","165","27","3","28","79","96","48","119","4","2","1",".288",".345",".492",".837",".357","2.5","0.3","3.7","10324"
"Andrew Benintendi","Red Sox","153","644","563","161","37","4","18","94","79","68","99","5","17","7",".286",".365",".463",".829",".357","1.7","1.3","3.6","17901"
"Joey Gallo","Rangers","155","651","550","124","23","2","43","90","101","86","220","7","7","3",".225",".334",".507",".841",".356","2.4","2.1","3.6","14128"
"Jesse Winker","Reds","133","560","479","136","27","1","15","70","61","69","86","4","3","1",".284",".377",".438",".815",".354","-5.8","-0.5","2.0","13590"
"George Springer","Astros","153","644","554","146","28","1","26","95","75","71","131","8","8","4",".263",".353",".460",".813",".352","-2.8","0.9","4.0","12856"
"Cody Bellinger","Dodgers","142","595","519","133","25","4","30","78","89","66","137","4","10","4",".257",".342",".492",".835",".352","-1.9","1.3","3.9","15998"
"Kyle Schwarber","Cubs","137","574","481","116","19","2","30","77","80","82","158","5","5","2",".241",".354",".477",".831",".350","4.2","0.8","3.2","16478"
"Steve Pearce","Red Sox","82","343","302","80","16","1","14","46","48","32","65","5","1","0",".266",".344",".470",".814",".350","0.6","-0.3","1.2","9957"
"Khris Davis","Athletics","157","658","579","139","27","1","40","89","107","65","187","9","1","1",".240",".323",".500",".822",".349","0.0","-1.9","2.2","9112"
"David Peralta","Diamondbacks","152","637","571","160","31","5","22","81","76","51","124","6","5","2",".281",".344",".469",".813",".348","-1.5","0.8","2.6","2136"
"Nicholas Castellanos","Tigers","153","644","583","161","37","5","24","81","87","48","142","6","3","2",".276",".335",".478",".813",".346","-9.6","-0.5","1.9","11737"
"Jose Martinez","Cardinals","111","466","419","121","23","1","13","56","57","40","86","2","3","1",".288",".351",".441",".792",".343","-2.2","-0.1","1.8","7996"
"Nomar Mazara","Rangers","153","644","577","156","28","2","26","80","89","55","126","6","2","1",".271",".337",".463",".800",".343","-0.2","-0.8","2.1","14553"
"Michael Conforto","Mets","153","644","549","134","28","1","28","81","80","79","158","8","5","2",".244",".345",".453",".798",".343","1.1","1.2","3.3","16376"
"Ryan Braun","Brewers","133","560","503","133","28","2","25","71","79","47","109","4","13","5",".265",".331",".476",".807",".342","-2.2","-1.2","1.8","3410"
"Adam Eaton","Nationals","147","616","534","151","31","3","11","81","55","60","109","12","12","4",".283",".366",".411",".777",".341","0.4","2.2","2.5","11205"
"Tommy Pham","Rays","138","581","497","127","20","4","20","75","67","69","152","7","16","6",".255",".352",".430",".782",".341","3.1","2.2","3.1","2967"
"Michael Brantley","Astros","142","595","535","151","31","2","17","79","74","48","70","5","10","3",".282",".344",".445",".789",".341","-0.9","0.8","2.4","4106"
"Shin-Soo Choo","Rangers","152","637","539","137","25","1","20","85","65","80","145","9","7","3",".254",".357",".418",".776",".340","-0.1","-0.5","1.2","3174"
"Stephen Piscotty","Athletics","153","644","567","148","36","1","23","79","81","59","129","10","4","2",".261",".339",".447",".786",".340","-1.8","-1.3","2.5","13367"
"Aaron Hicks","Yankees","150","630","536","133","24","2","23","83","76","82","123","4","11","4",".247",".349",".430",".778",".340","-0.9","1.9","3.5","5297"
"Lorenzo Cain","Brewers","150","630","557","158","28","3","14","81","63","59","107","6","21","6",".284",".356",".422",".778",".339","3.5","2.3","3.7","9077"
"Mitch Haniger","Mariners","155","651","572","148","31","3","23","81","79","62","144","10","7","3",".259",".339",".445",".784",".338","-0.1","-0.5","3.0","14274"
"Gregory Polanco","Pirates","100","420","371","96","21","3","15","52","53","42","84","3","8","3",".258",".335",".453",".788",".337","0.9","0.7","1.7","12907"
"Max Kepler","Twins","147","616","540","137","31","4","21","76","77","63","108","6","7","3",".254",".336",".443",".779",".336","4.0","1.5","2.8","12144"
"Eric Thames","Brewers","52","217","187","44","8","1","10","29","27","24","65","3","3","1",".235",".329",".459",".788",".336","-0.3","-0.1","0.7","3711"
"Ian Desmond","Rockies","115","485","437","117","19","4","17","60","62","38","115","5","15","5",".268",".330",".450",".780",".336","1.0","1.1","1.0","6885"
"Jorge Soler","Royals","138","581","503","123","28","1","23","70","70","65","164","6","4","2",".244",".335",".438",".774",".335","0.0","-0.3","1.2","14221"
"Justin Upton","Angels","150","630","552","134","26","1","29","80","88","66","187","6","8","3",".242",".327",".453",".780",".335","-2.4","1.1","2.5","5222"
"David Dahl","Rockies","145","609","556","150","29","5","23","76","82","42","145","4","12","5",".270",".323",".466",".790",".335","-4.3","1.0","1.4","13744"
"Starling Marte","Pirates","153","644","587","166","32","4","18","82","73","37","122","12","34","12",".282",".335",".443",".778",".335","-1.2","2.7","3.4","9241"
"Christin Stewart","Tigers","100","420","368","90","15","3","18","54","52","42","95","4","1","0",".245",".328",".448",".776",".334","-1.9","0.1","1.3","17714"
"Eddie Rosario","Twins","153","644","598","165","34","2","25","82","88","36","120","3","9","4",".277",".318",".469",".787",".334","1.8","2.8","2.6","12155"
"Yoenis Cespedes","Mets","45","190","171","43","9","1","9","24","26","15","45","2","1","1",".254",".318",".471",".789",".334","-0.1","0.2","0.8","13110"
"Matt Kemp","Reds","38","160","147","39","8","0","7","19","23","11","39","1","0","0",".265",".317",".468",".785",".333","-0.5","-1.1","0.4","5631"
"Randal Grichuk","Blue Jays","130","546","498","121","31","2","29","71","80","36","153","5","5","2",".243",".298",".489",".787",".333","1.6","0.9","2.3","10243"
"Franmil Reyes","Padres","150","630","563","141","24","1","30","74","85","55","161","4","2","1",".251",".320",".458",".778",".332","-3.4","0.2","1.9","14566"
"Corey Dickerson","Pirates","142","595","551","151","33","4","21","72","76","32","116","4","6","3",".275",".317",".466",".783",".332","1.2","-0.7","2.0","10762"
"A.J. Pollock","","150","630","565","146","31","4","22","79","77","50","121","8","18","6",".259",".326",".445",".771",".331","-0.5","2.1","3.1","9256"
"Ben Zobrist","Cubs","100","418","364","98","21","2","8","50","44","46","56","3","3","2",".268",".351",".405",".757",".331","-0.2","-0.3","1.6","7435"
"Enrique Hernandez","Dodgers","139","583","510","126","27","3","22","70","73","63","115","3","4","2",".247",".330",".441",".772",".331","2.5","1.4","2.9","10472"
"Tyler O'Neill","Cardinals","24","100","90","22","4","0","5","13","15","8","30","1","1","0",".243",".306",".470",".776",".330","0.4","0.3","0.4","15711"
"Brandon Nimmo","Mets","152","637","533","128","26","5","16","75","61","83","163","12","9","4",".240",".352",".397",".749",".330","-2.0","1.1","2.5","12927"
"Brandon Lowe","Rays","58","245","217","55","12","1","9","29","30","23","57","2","3","1",".252",".327",".435",".762",".329","0.2","0.2","1.1","18882"
"Steven Souza Jr.","Diamondbacks","133","560","485","116","22","4","20","65","67","62","162","7","11","4",".239",".331",".427",".758",".329","-2.6","1.6","1.4","5667"
"Trey Mancini","Orioles","148","623","566","148","26","3","24","72","76","44","150","6","2","1",".261",".318",".443",".761",".327","-6.9","0.0","1.0","15149"
"Jason Heyward","Cubs","125","525","465","125","24","3","11","59","57","49","75","4","4","2",".269",".341",".407",".747",".326","7.1","1.3","2.3","4940"
"Avisail Garcia","","125","525","479","127","22","3","19","60","68","34","124","6","4","2",".264",".319",".442",".761",".326","-2.3","-0.3","1.2","5760"
"Victor Robles","Nationals","144","603","543","148","30","4","13","73","64","40","109","11","28","12",".273",".334",".416",".751",".326","0.5","0.7","2.3","18363"
"Mark Trumbo","Orioles","142","595","541","134","23","1","29","70","83","44","149","4","1","1",".247",".306",".454",".760",".326","0.0","-1.5","0.7","6876"
"Robbie Grossman","","33","140","119","30","6","0","3","15","14","18","28","1","1","0",".250",".353",".377",".731",".325","-1.3","-0.2","0.2","5254"
"Marwin Gonzalez","","142","595","533","138","30","2","19","65","72","50","129","5","6","3",".260",".327",".428",".754",".325","2.3","-0.6","1.8","5497"
"Howie Kendrick","Nationals","112","470","426","120","24","1","10","54","52","32","93","5","8","3",".281",".336",".413",".749",".325","-1.6","-0.4","1.5","4229"
"Ian Happ","Cubs","106","447","382","88","17","2","18","54","55","55","138","4","8","4",".232",".332",".426",".758",".325","-0.6","0.0","1.5","17919"
"Matt Joyce","","33","140","119","28","6","0","5","17","15","18","32","1","1","0",".232",".335",".409",".744",".325","-0.7","0.0","0.3","3353"
"Josh Reddick","Astros","92","385","344","90","16","2","12","47","47","35","60","1","5","2",".262",".329",".424",".753",".325","-0.8","0.7","1.3","3892"
"Nick Markakis","","150","630","555","151","33","2","12","68","70","64","91","4","1","1",".271",".349",".400",".748",".324","-2.7","-1.7","1.2","5930"
"Kyle Tucker","Astros","33","140","126","32","6","1","5","18","18","11","31","1","4","2",".253",".316",".440",".756",".324","-0.1","0.1","0.5","18345"
"Jackie Bradley Jr.","Red Sox","150","630","552","137","32","4","19","79","75","59","154","10","13","4",".248",".329",".421",".750",".324","3.8","2.2","3.0","12984"
"Odubel Herrera","Phillies","147","616","558","149","28","3","18","71","71","45","128","6","8","3",".267",".327",".426",".753",".324","0.9","1.0","2.1","11476"
"Brian Anderson","Marlins","153","644","570","148","30","3","16","69","66","56","131","10","3","2",".260",".335",".406",".741",".323","1.9","0.4","2.2","18289"
"Melky Cabrera","","33","140","129","36","8","0","3","15","16","9","19","1","1","0",".278",".325",".421",".746",".323","-1.5","-0.6","0.1","4022"
"Willie Calhoun","Rangers","87","364","332","89","17","1","12","42","44","24","50","3","2","1",".267",".320",".433",".753",".323","-0.7","0.2","0.4","17838"
"Hunter Renfroe","Padres","135","567","521","129","26","2","28","66","80","35","143","5","3","1",".246",".298",".463",".761",".323","-3.6","0.0","1.1","15464"
"Michael Reed","Twins","22","91","78","20","4","0","2","11","9","10","25","1","2","1",".251",".342",".391",".733",".322","0.4","0.0","0.3","13228"
"Yonathan Daza","Rockies","3","14","13","4","1","0","0","1","1","1","2","0","0","0",".300",".330",".416",".746",".322","0.0","0.0","0.0","sa597083"
"Austin Meadows","Rays","138","581","531","140","31","3","18","70","69","38","105","4","16","6",".264",".316",".435",".751",".322","-1.9","1.1","1.6","15672"
"Clint Frazier","Yankees","20","84","75","18","4","1","3","11","10","7","22","1","1","1",".243",".316",".430",".745",".322","-0.3","0.0","0.2","15983"
"Dexter Fowler","Cardinals","84","354","301","72","15","2","9","42","35","44","79","4","6","2",".239",".341",".389",".730",".322","-2.5","1.1","0.9","4062"
"Scott Schebler","Reds","117","490","436","105","21","1","20","58","62","38","113","9","5","2",".240",".313",".434",".747",".322","-6.9","0.6","0.9","12225"
"Adam Frazier","Pirates","135","568","507","138","28","4","9","65","52","46","81","6","10","5",".273",".339",".396",".735",".321","-3.2","1.1","1.9","15223"
"Domingo Santana","Mariners","145","609","527","125","25","1","20","71","69","69","198","5","7","3",".237",".329",".406",".734",".320","-3.7","0.9","1.6","10348"
"Jose Osuna","Pirates","31","129","119","32","8","0","4","14","15","8","24","1","1","1",".268",".315",".429",".744",".320","0.0","0.0","0.3","12937"
"Raimel Tapia","Rockies","78","326","302","86","17","4","6","37","36","17","62","2","10","4",".284",".324",".420",".744",".320","-0.6","1.0","0.2","14350"
"Carlos Gonzalez","","125","525","474","118","27","2","19","59","68","43","124","3","4","2",".250",".313",".434",".748",".320","0.9","0.0","1.3","7287"
"Billy McKinney","Blue Jays","100","420","375","91","19","4","15","53","47","35","98","3","3","1",".242",".310",".433",".743",".320","-1.6","-0.1","0.9","15654"
"Denard Span","","83","350","311","80","15","3","8","42","34","30","54","3","7","2",".258",".328",".405",".733",".320","-2.3","0.6","0.6","8347"
"Alex Verdugo","Dodgers","133","560","508","137","27","1","14","61","63","41","82","3","7","3",".270",".327",".410",".736",".319","-0.1","0.5","1.5","17027"
"Ramon Laureano","Athletics","125","525","468","118","24","3","15","62","58","44","132","6","15","6",".251",".321",".412",".733",".319","2.3","1.8","2.6","17128"
"Austin Dean","Marlins","129","541","494","132","24","4","14","52","58","35","92","5","3","2",".267",".320",".415",".735",".318","-1.8","0.5","1.3","18288"
"Kole Calhoun","Angels","150","630","553","134","25","3","21","79","71","63","138","6","6","2",".243",".323",".410",".733",".318","2.5","0.5","2.0","11200"
"Ben Gamel","Brewers","19","78","70","19","4","1","1","8","8","7","16","1","1","1",".267",".333",".397",".730",".318","-0.1","0.2","0.2","12160"
"Nick Williams","Phillies","69","290","264","66","12","2","11","32","37","18","76","4","3","1",".251",".307",".434",".742",".318","-2.0","0.0","0.4","14330"
"Mike Tauchman","Rockies","20","85","76","20","4","1","2","9","9","7","17","1","2","1",".267",".331",".400",".731",".318","-0.2","0.0","0.0","15274"
"Curtis Granderson","","50","210","179","40","9","1","7","26","21","26","53","2","2","1",".225",".328",".399",".726",".318","-1.2","0.0","0.3","4747"
"Jordan Luplow","Indians","117","490","435","106","22","3","15","59","58","44","99","5","8","3",".245",".319",".416",".735",".318","1.4","-0.3","1.0","16424"
"Jose Bautista","","83","350","292","62","13","0","12","41","37","50","92","4","4","2",".214",".334",".385",".719",".317","0.0","-1.2","0.1","1887"
"Lonnie Chisenhall","Pirates","80","335","302","78","17","2","9","34","39","25","63","3","3","1",".260",".321",".415",".736",".317","-0.3","1.0","0.9","7571"
"Tyler Naquin","Indians","133","560","504","132","26","2","14","63","64","43","143","5","7","3",".262",".323",".408",".731",".316","-0.6","1.0","0.8","13359"
"LaMonte Wade","Twins","2","7","6","2","0","0","0","1","1","1","1","0","0","0",".259",".336",".384",".721",".316","0.0","0.0","0.0","sa856280"
"Adam Jones","","150","630","586","156","29","1","22","74","76","30","110","6","4","2",".266",".307",".429",".736",".316","-10.0","0.3","1.2","6368"
"Brett Gardner","Yankees","123","518","450","110","19","4","12","68","48","55","97","6","12","4",".245",".332",".385",".717",".316","2.7","2.8","1.6","9927"
"Teoscar Hernandez","Blue Jays","92","385","347","82","18","3","15","47","47","30","111","3","7","3",".236",".301",".434",".735",".316","-3.1","0.1","0.5","13066"
"Brock Holt","Red Sox","60","252","221","57","13","1","3","29","25","25","50","3","5","2",".260",".340",".375",".715",".315","-0.5","0.3","0.6","9345"
"Jay Bruce","Mariners","80","336","300","70","15","1","14","39","44","31","76","2","2","1",".234",".306",".429",".735",".315","-0.6","-0.4","0.5","9892"
"Chris Taylor","Dodgers","148","623","553","137","32","5","14","73","62","55","164","6","12","5",".248",".321",".401",".721",".314","0.3","2.6","2.5","13757"
"Matt Holliday","","50","210","184","44","9","0","7","23","24","21","53","2","1","0",".236",".321",".399",".720",".314","-3.5","-0.9","-0.1","1873"
"Mark Canha","Athletics","72","301","269","65","15","1","10","35","35","23","72","5","2","1",".241",".312",".417",".728",".314","-0.4","0.0","0.6","11445"
"D.J. Stewart","Orioles","98","413","363","87","16","1","13","45","45","39","92","5","9","4",".240",".320",".402",".722",".314","0.3","0.5","0.8","17766"
"Ender Inciarte","Braves","153","644","582","160","27","5","10","75","57","48","86","5","24","9",".274",".332",".388",".720",".314","2.7","2.7","2.4","4922"
"Daniel Palka","White Sox","108","455","412","95","15","2","23","53","63","36","144","3","3","2",".231",".294",".444",".738",".314","-2.6","-0.1","0.6","14897"
"Nicky Delmonico","White Sox","63","266","235","56","11","2","8","30","30","25","61","3","2","1",".237",".316",".407",".723",".314","-0.5","-0.1","0.4","13157"
"Cedric Mullins II","Orioles","150","630","572","147","30","4","16","75","62","44","106","4","16","6",".257",".313",".409",".722",".313","-4.5","1.4","1.7","17929"
"Austin Hays","Orioles","12","49","46","12","2","0","2","6","6","2","10","0","1","0",".258",".292",".437",".729",".312","-0.1","0.0","0.1","19363"
"Noel Cuevas","Rockies","34","144","134","37","6","1","3","15","16","7","27","1","2","1",".276",".315",".406",".721",".311","-0.2","0.1","0.0","11894"
"Pablo Reyes","Pirates","19","78","71","19","3","0","2","8","8","5","14","1","2","1",".262",".317",".398",".715",".311","0.1","0.1","0.2","16357"
"Brandon Guyer","","50","210","184","44","10","1","5","22","22","14","45","9","2","1",".239",".321",".386",".706",".311","-0.4","-0.1","0.3","2636"
"Dwight Smith Jr.","Blue Jays","13","56","50","12","3","0","1","6","6","5","11","1","1","0",".250",".320",".390",".710",".310","-0.4","0.0","0.1","13473"
"Franchy Cordero","Padres","39","164","150","37","6","2","5","18","19","11","51","1","4","2",".247",".300",".420",".720",".310","-0.5","0.6","0.4","14567"
"Scott Heineman","Rangers","3","14","13","3","1","0","0","2","1","1","3","0","0","0",".260",".321",".388",".709",".309","0.0","0.0","0.0","sa827137"
"Tony Kemp","Astros","72","301","269","72","12","2","4","34","29","25","41","2","9","4",".267",".332",".372",".704",".309","-1.7","-0.1","0.6","14894"
"Manuel Margot","Padres","133","560","510","132","24","7","12","61","54","38","93","3","17","8",".259",".313",".405",".717",".309","2.7","0.7","2.0","14712"
"Mikie Mahtook","Tigers","117","490","444","108","18","7","15","54","55","34","126","6","7","3",".244",".304",".412",".716",".308","0.0","0.3","0.4","13130"
"Albert Almora Jr.","Cubs","112","470","435","118","25","2","9","51","49","26","79","3","3","1",".271",".314",".398",".712",".308","0.9","-0.5","1.3","14109"
"Garrett Cooper","Marlins","92","385","348","89","20","1","9","36","39","28","82","3","2","1",".256",".315",".395",".711",".308","0.5","0.1","0.7","15279"
"Chad Pinder","Athletics","60","252","229","56","11","1","8","29","29","16","68","4","2","1",".244",".302",".409",".712",".308","0.6","-0.2","0.6","15191"
"Anthony Santander","Orioles","13","56","52","13","3","0","2","6","6","3","11","1","1","0",".252",".298",".415",".713",".307","0.1","0.1","0.1","14551"
"Mallex Smith","Mariners","153","644","574","150","27","7","6","71","55","54","128","6","40","15",".262",".330",".366",".696",".307","-3.3","3.4","2.2","13608"
"Austin Slater","Giants","110","464","415","107","21","2","9","45","45","37","115","6","8","4",".257",".323",".377",".701",".307","0.2","0.4","0.7","16153"
"Cameron Maybin","","42","175","154","39","7","1","3","19","16","17","36","1","6","2",".250",".328",".365",".694",".306","-1.6","0.3","0.3","5223"
"Byron Buxton","Twins","125","525","477","116","24","4","16","61","61","36","149","5","18","5",".244",".301",".409",".710",".306","6.1","3.6","2.3","14161"
"Harrison Bader","Cardinals","139","582","524","129","23","2","17","62","66","40","160","10","15","7",".245",".308",".398",".706",".306","4.5","2.4","2.2","18030"
"Hunter Pence","","33","140","128","33","6","1","4","15","16","9","32","1","1","1",".255",".308",".399",".707",".306","-0.6","0.1","0.1","8252"
"Dustin Fowler","Athletics","15","63","59","15","3","1","2","7","7","3","13","0","2","1",".261",".294",".420",".714",".306","-0.4","0.1","0.2","17098"
"Jose Pirela","Padres","26","109","100","26","5","1","2","11","11","7","21","1","2","1",".259",".312",".390",".702",".305","0.0","-0.2","0.2","5485"
"Kevin Pillar","Blue Jays","145","609","565","146","36","2","15","67","66","29","104","7","14","5",".258",".300",".405",".705",".304","2.8","2.0","2.1","12434"
"Phillip Ervin","Reds","32","135","120","28","6","1","3","14","15","12","32","2","5","2",".236",".312",".384",".696",".304","-0.7","0.4","0.1","14738"
"Aaron Altherr","Phillies","55","230","201","45","10","1","7","25","25","23","67","3","3","1",".222",".309",".386",".695",".304","-0.4","-0.1","0.3","11270"
"Leonys Martin","Indians","125","525","475","118","22","2","14","62","54","38","132","5","15","6",".249",".308",".391",".699",".304","2.8","1.9","1.6","11846"
"Alex Gordon","Royals","148","623","547","130","26","1","16","65","62","57","150","11","9","4",".237",".319",".375",".694",".304","6.5","0.1","1.3","5209"
"Chris Young","","50","210","186","42","9","1","7","22","24","19","53","2","3","1",".224",".301",".396",".697",".304","-2.4","0.0","-0.1","3882"
"Bryan Reynolds","Pirates","2","7","6","2","0","0","0","1","1","0","1","0","0","0",".263",".319",".377",".697",".303","0.0","0.0","0.0","sa873683"
"Jake Cave","Twins","47","196","178","44","9","1","5","21","22","13","56","2","2","1",".248",".304",".398",".702",".303","-0.3","0.1","0.3","14477"
"Guillermo Heredia","Rays","50","210","186","47","8","1","3","22","19","18","33","4","3","1",".252",".327",".356",".683",".303","-0.8","0.1","0.3","18721"
"Kevin Kiermaier","Rays","145","609","545","129","23","8","15","71","62","48","142","8","18","7",".238",".306",".394",".700",".303","7.3","3.2","2.8","11038"
"Mark Zagunis","Cubs","12","49","42","9","2","0","1","5","5","6","13","1","1","0",".225",".328",".350",".678",".303","0.0","0.0","0.0","16565"
"Brandon Drury","Blue Jays","83","350","316","77","19","1","8","37","37","26","82","3","2","1",".244",".307",".390",".697",".303","-1.4","-0.5","0.6","11615"
"Jorge Bonifacio","Royals","18","77","69","16","3","0","2","8","8","7","20","1","0","0",".238",".310",".384",".694",".303","0.0","0.1","0.0","12174"
"Nick Martini","Athletics","85","357","310","76","14","3","4","40","29","38","79","4","3","1",".245",".331",".349",".680",".303","-0.1","0.3","0.5","12005"
"Adam Duvall","Braves","157","658","596","134","31","2","26","71","85","46","173","9","5","2",".226",".289",".416",".705",".302","3.1","1.1","0.7","10950"
"Jarrod Dyson","Diamondbacks","142","596","528","134","23","6","7","61","52","51","92","8","33","10",".253",".326",".362",".688",".302","4.6","3.8","1.8","4866"
"Carlos Gomez","","83","350","311","71","15","1","10","37","38","24","99","10","8","3",".229",".303",".384",".688",".301","-0.4","0.4","0.2","4881"
"Jon Jay","","83","350","315","82","14","3","3","38","27","22","65","8","4","1",".262",".324",".354",".679",".300","1.0","-0.2","0.3","5227"
"Sam Hilliard","Rockies","2","7","6","2","0","0","0","1","1","0","2","0","0","0",".253",".305",".386",".691",".299","0.0","0.0","0.0","sa829542"
"Joey Rickard","Orioles","105","441","395","97","20","1","8","46","41","35","94","4","7","3",".247",".313",".369",".683",".299","-0.8","0.9","0.4","13277"
"Roman Quinn","Phillies","107","449","404","99","16","6","8","48","43","35","110","4","25","9",".245",".308",".373",".681",".298","-2.5","1.3","0.7","13546"
"Delino DeShields","Rangers","117","490","425","102","20","2","6","57","39","53","113","4","25","8",".239",".327",".338",".665",".298","0.1","3.9","1.0","11379"
"Dylan Cozens","Phillies","12","50","44","9","2","0","2","6","6","5","19","0","1","0",".203",".286",".405",".691",".298","-0.1","0.1","0.0","15115"
"Jason Martin","Pirates","5","21","19","5","1","0","1","2","2","1","5","0","0","0",".244",".297",".391",".688",".297","0.0","0.0","0.0","sa737834"
"Brian Goodwin","Royals","58","245","220","51","12","1","7","26","25","20","67","2","5","2",".233",".299",".384",".683",".297","-0.4","0.0","0.1","12858"
"Brandon Dixon","Tigers","45","189","174","42","9","1","5","20","21","11","55","2","4","2",".241",".290",".399",".689",".297","0.1","0.2","0.2","15214"
"Justin Williams","Cardinals","3","14","13","3","1","0","0","1","2","1","3","0","0","0",".250",".295",".390",".685",".297","0.0","0.0","0.0","15490"
"Derek Fisher","Astros","17","70","62","14","2","0","2","8","8","7","23","1","2","1",".218",".297",".384",".681",".297","0.1","0.1","0.1","16192"
"Myles Straw","Astros","2","7","6","2","0","0","0","1","1","1","1","0","0","0",".253",".328",".337",".666",".297","0.0","0.0","0.0","17620"
"Troy Stokes Jr.","Brewers","3","14","12","3","1","0","0","1","1","1","4","0","0","0",".222",".296",".384",".680",".296","0.0","0.0","0.0","sa828871"
"Socrates Brito","Diamondbacks","66","277","255","63","13","2","6","27","29","16","70","2","5","2",".248",".296",".386",".682",".296","-0.4","0.3","0.2","12944"
"Dalton Pompey","Blue Jays","3","14","13","3","1","0","0","1","1","1","4","0","0","0",".240",".307",".364",".672",".295","0.1","0.0","0.0","12797"
"Bradley Zimmer","Indians","17","70","62","14","3","0","2","8","7","6","23","1","3","1",".230",".301",".374",".675",".295","0.8","0.3","0.1","16221"
"Drew Ferguson","Giants","37","155","136","32","6","1","2","14","13","15","39","2","3","1",".236",".319",".344",".664",".295","0.0","0.1","0.1","sa875766"
"Hernan Perez","Brewers","130","545","510","129","24","3","14","56","61","26","108","2","16","6",".253",".291",".394",".685",".295","-2.6","1.6","0.5","5751"
"Mac Williamson","Giants","120","505","455","103","20","1","17","49","56","38","140","6","4","2",".226",".292",".387",".679",".294","-1.3","0.1","0.0","14158"
"Michael A. Taylor","Nationals","66","278","252","60","12","1","8","29","31","20","84","2","13","5",".236",".295",".386",".681",".294","0.6","1.3","0.5","11489"
"Gerardo Parra","","33","140","129","33","7","0","3","14","15","8","27","1","2","1",".255",".302",".377",".678",".294","0.2","-0.2","0.0","8553"
"Andrew Toles","Dodgers","51","215","199","50","11","1","5","22","23","11","47","2","3","1",".252",".294",".387",".681",".294","0.3","0.6","0.3","13414"
"Jacoby Ellsbury","Yankees","25","105","94","22","4","1","2","12","10","9","18","1","3","1",".240",".311",".357",".668",".293","-0.4","0.3","0.0","4727"
"Joey Curletta","Mariners","10","42","37","8","2","0","1","4","4","4","11","0","0","0",".222",".301",".373",".673",".293","0.0","0.0","0.0","sa658025"
"Zack Granite","Twins","7","28","25","7","1","0","0","3","3","2","4","0","1","0",".262",".317",".350",".666",".293","0.1","0.0","0.0","15343"
"Greg Allen","Indians","117","490","439","109","21","2","6","53","45","33","105","11","24","9",".249",".314",".349",".663",".293","-0.4","1.4","0.2","16623"
"Lewis Brinson","Marlins","125","525","482","113","20","5","16","49","56","32","134","5","6","3",".234",".286",".395",".681",".293","-1.3","0.5","0.9","14352"
"Chris Owings","Royals","68","287","264","67","16","1","5","29","28","17","61","2","9","3",".252",".300",".378",".678",".292","-0.5","0.7","0.4","10030"
"Alen Hanson","Giants","66","278","258","64","12","3","6","27","28","14","57","2","9","4",".248",".290",".382",".673",".291","-0.7","0.9","0.4","12926"
"Drew Robinson","Cardinals","15","65","57","12","3","0","2","7","7","7","23","0","1","1",".209",".294",".368",".662",".291","-0.1","0.1","0.1","11761"
"Juan Lagares","Mets","103","434","400","101","20","3","7","41","41","24","88","5","10","4",".253",".301",".369",".669",".290","1.7","1.0","1.1","5384"
"Lane Thomas","Cardinals","3","14","13","3","1","0","0","1","1","1","4","0","0","0",".231",".288",".378",".667",".290","0.0","0.0","0.0","sa828962"
"Leury Garcia","White Sox","73","308","285","72","12","3","6","31","29","15","71","4","9","3",".253",".296",".370",".666",".290","-1.7","0.3","0.2","5913"
"Tim Locastro","Yankees","15","63","57","14","3","0","1","7","6","3","11","2","2","1",".247",".307",".348",".655",".290","0.0","0.1","0.1","15124"
"Travis Jankowski","Padres","61","256","226","55","9","1","2","26","18","25","58","2","12","4",".242",".319",".328",".647",".289","0.3","1.1","0.3","13768"
"Jonathan Davis","Blue Jays","8","35","31","7","2","0","1","4","3","3","8","1","1","0",".231",".302",".353",".655",".289","-0.1","0.0","0.0","15104"
"Jesus Sanchez","Rays","2","7","7","2","0","0","0","1","1","0","2","0","0","0",".247",".286",".382",".668",".288","0.0","0.0","0.0","sa872787"
"Steven Duggar","Giants","147","616","550","131","30","4","8","55","51","53","175","4","15","7",".238",".307",".349",".656",".288","0.8","1.1","1.0","17719"
"Michael Hermosillo","Angels","43","182","163","37","7","1","4","20","18","13","50","3","5","2",".227",".297",".357",".654",".287","0.3","0.2","0.1","16285"
"Austin Jackson","","42","175","158","38","8","1","2","17","15","14","49","1","2","1",".243",".305",".348",".653",".287","-2.9","0.1","-0.1","9848"
"Chris Shaw","Giants","25","105","96","22","5","0","3","10","11","6","34","1","0","0",".225",".277",".384",".660",".285","-0.2","0.0","-0.1","17738"
"Victor Reyes","Tigers","47","196","184","48","8","2","2","19","19","8","35","1","6","2",".261",".294",".363",".657",".285","-0.2","0.2","0.1","15487"
"JaCoby Jones","Tigers","133","560","509","114","23","5","14","58","56","36","170","8","15","6",".224",".284",".370",".654",".284","2.0","1.2","0.8","14818"
"Braden Bishop","Mariners","3","14","13","3","1","0","0","1","1","1","3","0","0","0",".244",".304",".339",".642",".284","0.0","0.0","0.0","sa659045"
"Tyrone Taylor","Brewers","5","21","19","4","1","0","1","2","2","1","4","0","0","0",".231",".279",".377",".656",".284","0.0","0.0","0.0","sa657979"
"Luis Barrera","Athletics","2","7","6","2","0","0","0","1","1","0","1","0","0","0",".248",".293",".358",".651",".284","0.0","0.0","0.0","sa736690"
"Billy Hamilton","Royals","142","595","537","129","20","9","5","65","45","46","124","2","40","11",".241",".302",".341",".643",".284","4.8","6.4","1.6","10199"
"Andrew Stevenson","Nationals","17","71","65","16","3","0","1","7","7","5","17","0","2","1",".247",".302",".341",".643",".283","0.1","0.1","0.0","17932"
"Adolis Garcia","Cardinals","5","21","20","5","1","0","1","2","2","1","6","0","0","0",".234",".269",".390",".659",".283","0.0","0.0","0.0","19287"
"Jake Marisnick","Astros","50","210","190","41","8","1","7","23","23","14","67","3","6","2",".215",".276",".373",".649",".282","0.2","0.7","0.3","11339"
"Ryan Cordell","White Sox","25","105","96","22","4","1","3","11","11","6","29","1","2","1",".224",".277",".367",".644",".280","0.2","0.1","0.0","15181"
"Anthony Alford","Blue Jays","17","70","63","14","3","0","1","7","6","5","19","1","2","1",".227",".294",".337",".630",".279","0.0","0.1","0.0","14329"
"Luis Alexander Basabe","White Sox","5","21","19","4","1","0","0","2","2","2","6","0","0","0",".217",".287",".347",".633",".278","0.0","0.0","0.0","sa736915"
"Carlos Tocci","Rangers","17","70","64","16","3","1","1","7","6","4","15","1","1","1",".248",".297",".335",".632",".278","-0.1","0.1","0.0","14558"
"Jose Siri","Reds","3","14","13","3","1","0","0","1","2","1","4","0","0","0",".223",".266",".379",".645",".278","0.0","0.0","0.0","sa736940"
"Keon Broxton","Brewers","19","78","69","14","3","0","2","8","8","7","29","1","3","1",".201",".284",".347",".631",".278","0.2","0.2","0.0","9253"
"Charlie Culberson","Braves","54","228","210","49","10","1","5","21","23","13","55","2","3","1",".236",".285",".360",".646",".278","-0.7","0.3","-0.3","3298"
"Brett Phillips","Royals","113","476","424","90","17","5","10","45","44","42","164","3","8","3",".212",".286",".349",".635",".278","8.0","0.8","0.3","14735"
"Peter O'Brien","Marlins","108","455","411","81","17","1","19","44","52","36","164","3","1","1",".196",".264",".378",".642",".277","0.6","-0.1","-0.7","13288"
"Eric Young Jr.","","42","175","158","37","6","1","2","16","16","12","40","2","5","2",".232",".293",".335",".628",".277","-1.9","0.4","-0.1","7158"
"Paulo Orlando","","17","70","65","16","3","0","1","6","7","3","17","1","1","0",".243",".281",".357",".638",".277","-0.6","0.0","0.0","8628"
"Jack Reinheimer","Rangers","32","133","120","29","5","1","1","12","11","10","29","1","3","2",".239",".299",".321",".620",".275","0.2","0.1","0.0","14938"
"Charlie Tilson","White Sox","13","56","51","12","2","0","1","5","5","4","11","0","1","1",".243",".296",".326",".622",".275","-0.5","0.0","-0.1","12983"
"Skye Bolt","Athletics","2","7","6","1","0","0","0","1","1","1","2","0","0","0",".217",".281",".347",".628",".275","0.0","0.0","0.0","sa658783"
"Mike Gerber","Giants","70","296","269","59","12","2","6","27","27","20","93","2","4","1",".219",".277",".350",".627",".274","0.5","0.2","-0.3","16115"
"Isaac Galloway","Marlins","54","227","208","47","9","1","5","20","20","13","60","2","7","3",".226",".276",".344",".620",".272","0.5","0.3","-0.1","5238"
"Adam Engel","White Sox","133","560","508","111","22","4","10","55","50","35","162","8","19","7",".218",".278",".338",".617",".271","-1.5","2.1","0.1","15082"
"Edward Olivares","Padres","2","7","7","2","0","0","0","1","1","0","1","0","0","0",".234",".272",".351",".623",".271","0.0","0.0","0.0","sa832015"
"Andrew Velazquez","Rays","3","14","13","3","0","0","0","1","1","1","4","0","1","0",".224",".276",".339",".615",".269","-0.1","0.0","0.0","14196"
"John Andreoli","Mariners","13","56","49","10","2","0","1","5","4","6","17","0","2","1",".207",".296",".300",".596",".269","-0.1","0.1","0.0","13012"
"Monte Harrison","Marlins","2","7","6","1","0","0","0","1","1","0","2","0","0","0",".214",".267",".346",".614",".268","0.0","0.0","0.0","sa828691"
"Rajai Davis","Mets","46","193","176","39","8","1","3","19","16","12","47","2","12","4",".223",".279",".329",".608",".268","-0.8","1.1","-0.1","3708"
"Magneuris Sierra","Marlins","49","205","192","46","7","1","1","15","15","9","44","1","6","3",".239",".275",".314",".589",".258","-1.2","0.5","-0.4","17023"
"Kristopher Negron","Mariners","13","56","51","11","2","0","1","5","5","3","17","1","1","0",".206",".265",".317",".581",".257","-0.1","0.0","-0.1","5306"
"Terrance Gore","Royals","2","7","6","1","0","0","0","1","0","0","2","0","1","0",".216",".276",".279",".555",".249","-0.1","0.0","0.0","13658"
