"Name","Team","W","L","SV","HLD","ERA","GS","G","IP","H","ER","HR","SO","BB","WHIP","K/9","BB/9","FIP","WAR","playerid"
"Gerrit Cole","Yankees","16","8","0","0","3.26","34","34","215.0","164","78","30","298","60","1.04","12.46","2.52","3.17","6.4","13125"
"Jacob deGrom","Mets","15","9","0","0","3.13","32","32","208.0","170","72","24","262","50","1.06","11.31","2.16","3.01","6.2","10954"
"Max Scherzer","Nationals","15","9","0","0","3.28","32","32","205.0","163","75","28","271","51","1.04","11.91","2.22","3.19","5.8","3137"
"Justin Verlander","Astros","17","8","0","0","3.46","34","34","217.0","176","83","34","283","50","1.04","11.71","2.05","3.42","5.6","8700"
"Chris Sale","Red Sox","14","7","0","0","3.22","29","29","177.0","141","63","23","233","42","1.03","11.86","2.12","3.13","4.9","10603"
"Stephen Strasburg","Nationals","14","10","0","0","3.59","32","32","203.0","180","81","25","231","58","1.17","10.25","2.56","3.52","4.9","10131"
"Shane Bieber","Indians","14","9","0","0","3.66","32","32","201.0","186","82","29","217","40","1.13","9.74","1.80","3.61","4.6","19427"
"Patrick Corbin","Nationals","13","9","0","0","3.57","32","32","194.0","175","77","24","220","64","1.23","10.18","2.96","3.60","4.5","9323"
"Walker Buehler","Dodgers","15","9","0","0","3.45","32","32","197.0","170","75","25","228","52","1.13","10.43","2.40","3.46","4.3","19374"
"Blake Snell","Rays","13","9","0","0","3.41","32","32","182.0","147","69","22","227","68","1.18","11.24","3.39","3.50","4.3","13543"
"Charlie Morton","Rays","13","10","0","0","3.50","32","32","195.0","167","76","22","224","65","1.19","10.33","3.00","3.56","4.3","4676"
"Mike Clevinger","Indians","14","9","0","0","3.65","32","32","200.0","169","81","28","241","67","1.18","10.87","3.04","3.70","4.3","12808"
"Trevor Bauer","Reds","12","11","0","0","3.93","32","32","202.0","177","88","28","241","75","1.24","10.74","3.33","3.91","4.2","12703"
"Clayton Kershaw","Dodgers","14","8","0","0","3.52","31","31","194.0","181","76","26","198","44","1.16","9.17","2.03","3.68","4.2","2036"
"Jack Flaherty","Cardinals","13","10","0","0","3.60","32","32","194.0","164","78","26","232","63","1.17","10.77","2.92","3.68","4.2","17479"
"Noah Syndergaard","Mets","12","11","0","0","3.89","32","32","198.0","186","85","25","202","53","1.21","9.20","2.41","3.69","4.2","11762"
"Aaron Nola","Phillies","13","11","0","0","3.82","34","34","211.0","190","89","28","235","72","1.24","10.05","3.06","3.86","4.1","16149"
"Lance Lynn","Rangers","12","11","0","0","4.07","32","32","194.0","180","88","27","209","68","1.28","9.70","3.16","4.05","4.1","2520"
"Luis Castillo","Reds","12","11","0","0","3.85","32","32","192.0","172","82","25","218","69","1.25","10.20","3.22","3.86","3.8","15689"
"German Marquez","Rockies","12","10","0","0","4.18","31","31","187.0","185","87","27","194","50","1.26","9.37","2.43","3.97","3.8","15038"
"Yu Darvish","Cubs","12","9","0","0","3.87","31","31","185.0","159","79","25","221","62","1.19","10.77","3.00","3.74","3.8","13074"
"Luis Severino","Yankees","12","9","0","0","3.98","29","29","171.0","157","76","27","186","50","1.21","9.77","2.64","4.05","3.6","15890"
"Corey Kluber","Rangers","11","10","0","0","4.23","31","31","187.0","184","88","29","188","51","1.26","9.04","2.44","4.12","3.6","2429"
"Jon Gray","Rockies","11","10","0","0","4.32","31","31","186.0","183","89","26","190","63","1.32","9.22","3.06","4.14","3.5","14916"
"Carlos Carrasco","Indians","12","9","0","0","3.81","29","29","173.0","160","73","26","189","42","1.17","9.84","2.19","3.80","3.5","6632"
"Sonny Gray","Reds","11","10","0","0","3.94","31","31","175.0","162","77","22","191","67","1.31","9.82","3.46","3.91","3.5","12768"
"Tyler Glasnow","Rays","11","9","0","0","3.69","29","29","163.0","134","67","20","202","66","1.23","11.17","3.63","3.65","3.3","14374"
"Zack Wheeler","Phillies","11","10","0","0","4.13","31","31","189.0","179","87","30","194","54","1.23","9.24","2.56","4.18","3.3","10310"
"Brandon Woodruff","Brewers","12","10","0","0","4.07","31","31","183.0","170","83","25","201","63","1.28","9.87","3.11","4.00","3.2","16162"
"Lucas Giolito","White Sox","12","11","0","0","4.26","32","32","194.0","173","92","32","222","74","1.27","10.31","3.44","4.33","3.2","15474"
"Max Fried","Braves","12","9","0","0","3.60","31","31","172.0","161","69","18","178","62","1.29","9.29","3.24","3.73","3.2","13743"
"Marcus Stroman","Mets","11","10","0","0","3.90","31","31","179.0","182","77","18","154","59","1.35","7.74","2.97","3.91","3.2","13431"
"Chris Paddack","Padres","11","9","0","0","3.87","29","29","166.0","152","72","25","178","43","1.17","9.64","2.33","3.91","3.2","20099"
"Jose Berrios","Twins","13","10","0","0","4.49","32","32","201.0","198","100","33","193","61","1.29","8.63","2.71","4.47","3.1","14168"
"Mike Minor","Rangers","11","12","0","0","4.64","32","32","203.0","205","105","35","188","64","1.33","8.33","2.86","4.68","3.1","10021"
"David Price","Dodgers","12","8","0","0","3.69","29","29","164.0","148","67","23","175","46","1.19","9.62","2.54","3.86","3.1","3184"
"Frankie Montas","Athletics","12","10","0","0","4.17","31","31","186.0","179","86","25","176","61","1.29","8.52","2.95","4.19","3.0","14309"
"Matthew Boyd","Tigers","10","11","0","0","4.34","31","31","183.0","169","88","33","201","54","1.22","9.90","2.66","4.40","3.0","15440"
"Mike Soroka","Braves","12","10","0","0","4.12","31","31","189.0","194","87","24","165","51","1.30","7.84","2.43","4.07","3.0","18383"
"Garrett Richards","Padres","10","10","0","0","3.90","29","29","165.0","152","72","19","171","67","1.33","9.28","3.65","3.99","3.0","9784"
"Eduardo Rodriguez","Red Sox","14","10","0","0","4.20","34","34","205.0","194","96","30","214","75","1.31","9.41","3.31","4.23","3.0","13164"
"Chris Archer","Pirates","10","11","0","0","4.19","31","31","180.0","172","84","26","196","61","1.30","9.83","3.07","4.01","3.0","6345"
"Kyle Gibson","Rangers","10","11","0","0","4.45","31","31","174.0","179","86","24","157","66","1.41","8.14","3.43","4.44","2.9","10123"
"Dinelson Lamet","Padres","9","8","0","0","3.75","26","26","144.0","119","60","19","182","57","1.22","11.33","3.56","3.75","2.9","17186"
"Hyun-Jin Ryu","Blue Jays","11","11","0","0","4.26","31","31","186.0","192","88","29","165","42","1.26","7.98","2.05","4.25","2.9","14444"
"Zack Greinke","Astros","14","10","0","0","4.27","32","32","202.0","206","96","33","182","45","1.24","8.13","2.01","4.31","2.8","1943"
"Lance McCullers Jr.","Astros","10","6","0","0","3.77","24","24","138.0","124","58","16","149","53","1.29","9.73","3.47","3.82","2.8","14120"
"Miles Mikolas","Cardinals","11","12","0","0","4.20","32","32","195.0","206","91","27","155","38","1.25","7.18","1.76","4.16","2.8","9803"
"Joe Musgrove","Pirates","10","11","0","0","4.27","31","31","179.0","186","85","26","163","43","1.28","8.22","2.17","4.12","2.8","12970"
"Andrew Heaney","Angels","11","9","0","0","4.01","29","29","168.0","152","75","28","182","46","1.18","9.80","2.48","4.16","2.8","15423"
"James Paxton","Yankees","9","6","0","0","3.86","23","23","126.0","109","54","20","147","40","1.19","10.50","2.86","3.97","2.8","11828"
"Robbie Ray","Diamondbacks","11","10","0","0","4.13","31","31","174.0","150","80","25","214","81","1.32","11.06","4.16","4.15","2.7","11486"
"Kyle Hendricks","Cubs","11","10","0","0","4.32","31","31","179.0","187","86","27","151","42","1.28","7.57","2.10","4.33","2.7","12049"
"Jesus Luzardo","Athletics","10","8","0","1","3.98","24","34","151.0","139","67","21","154","52","1.26","9.16","3.08","4.14","2.6","19959"
"Madison Bumgarner","Diamondbacks","11","12","0","0","4.51","32","32","202.0","203","101","35","195","54","1.27","8.70","2.40","4.44","2.6","5524"
"Masahiro Tanaka","Yankees","11","10","0","0","4.54","31","31","183.0","192","92","34","160","43","1.29","7.90","2.12","4.66","2.5","15764"
"Jose Quintana","Cubs","11","10","0","0","4.31","31","31","177.0","180","85","26","158","55","1.33","8.05","2.78","4.37","2.5","11423"
"Mitch Keller","Pirates","9","10","0","0","4.16","26","26","150.0","144","70","20","160","54","1.32","9.58","3.24","4.00","2.5","17594"
"Dallas Keuchel","White Sox","12","11","0","0","4.39","32","32","200.0","216","97","27","152","66","1.42","6.85","3.00","4.53","2.5","9434"
"Joey Lucchesi","Padres","11","12","0","0","4.34","32","32","188.0","186","90","28","179","68","1.35","8.61","3.26","4.42","2.3","19320"
"Cole Hamels","Braves","10","9","0","0","4.25","29","29","164.0","162","78","22","160","56","1.33","8.76","3.07","4.21","2.3","4972"
"Jake Odorizzi","Twins","12","9","0","0","4.59","31","31","172.0","164","88","31","179","61","1.31","9.36","3.19","4.64","2.3","6397"
"Jose Urquidy","Astros","11","9","0","0","4.48","29","29","168.0","164","83","31","164","44","1.24","8.81","2.37","4.53","2.3","18413"
"Anthony DeSclafani","Reds","9","10","0","0","4.51","28","28","153.0","153","77","26","151","45","1.29","8.91","2.62","4.45","2.3","13050"
"Dylan Bundy","Angels","11","10","0","0","4.47","31","31","178.0","171","88","32","177","53","1.26","8.97","2.69","4.56","2.2","12917"
"Josh Lindblom","Brewers","10","11","0","0","4.62","29","29","178.0","179","91","32","174","51","1.30","8.78","2.58","4.57","2.2","7882"
"Pablo Lopez","Marlins","9","10","0","0","4.18","28","28","157.0","158","73","21","135","45","1.30","7.71","2.59","4.26","2.2","17085"
"Shohei Ohtani","Angels","8","6","0","0","3.74","19","19","110.0","91","46","15","135","42","1.22","11.04","3.46","3.81","2.2","19755"
"Kevin Gausman","Giants","9","10","0","0","4.05","28","28","155.0","151","70","21","146","46","1.27","8.46","2.68","4.06","2.2","14107"
"Josh Hader","Brewers","4","3","28","3","2.95","0","65","65.0","42","21","8","106","26","1.04","14.62","3.57","2.96","2.2","14212"
"Adrian Houser","Brewers","10","10","0","1","4.45","28","33","165.0","166","81","23","153","61","1.38","8.38","3.34","4.38","2.2","12718"
"Zac Gallen","Diamondbacks","9","9","0","0","4.21","26","26","145.0","133","68","21","159","53","1.28","9.84","3.28","4.16","2.2","19291"
"Steven Matz","Mets","10","11","0","0","4.36","29","29","169.0","167","82","25","163","56","1.32","8.69","2.98","4.35","2.1","13361"
"Johnny Cueto","Giants","10","12","0","0","4.20","31","31","182.0","184","85","25","156","53","1.30","7.73","2.61","4.32","2.1","6893"
"Luke Weaver","Diamondbacks","8","8","0","0","4.25","24","24","134.0","129","64","20","138","43","1.28","9.26","2.88","4.20","2.1","16918"
"Jon Lester","Cubs","10","11","0","0","4.73","31","31","176.0","184","93","29","158","58","1.38","8.07","2.96","4.65","2.0","4930"
"Marco Gonzales","Mariners","10","13","0","0","4.62","32","32","196.0","211","100","33","149","52","1.35","6.85","2.40","4.78","2.0","15467"
"Nathan Eovaldi","Red Sox","10","8","0","0","4.27","26","26","143.0","140","68","20","136","47","1.31","8.61","2.93","4.25","2.0","9132"
"Wade Miley","Reds","9","11","0","0","4.47","28","28","160.0","167","79","22","140","63","1.44","7.88","3.53","4.56","2.0","8779"
"Mike Leake","Diamondbacks","9","11","0","0","4.70","29","29","175.0","202","92","27","119","33","1.34","6.12","1.71","4.57","2.0","10130"
"Julio Urias","Dodgers","10","7","0","1","3.99","23","28","137.0","122","61","19","145","56","1.30","9.54","3.69","4.27","2.0","14765"
"Liam Hendriks","Athletics","4","3","30","2","3.18","0","70","70.0","54","25","8","92","22","1.08","11.80","2.77","3.13","1.9","3548"
"Rick Porcello","Mets","9","11","0","0","4.62","29","29","165.0","172","85","28","148","44","1.31","8.04","2.39","4.56","1.9","2717"
"A.J. Puk","Athletics","8","7","0","1","4.14","19","34","128.0","113","59","18","139","56","1.33","9.83","3.98","4.34","1.9","19343"
"Edwin Diaz","Mets","4","3","31","4","2.90","0","65","65.0","45","21","7","98","23","1.05","13.53","3.21","2.79","1.9","14710"
"Spencer Turnbull","Tigers","8","10","0","0","4.65","26","26","150.0","152","78","22","137","57","1.39","8.18","3.43","4.59","1.9","16207"
"Jakob Junis","Royals","10","12","0","0","4.78","31","31","182.0","187","96","31","160","55","1.34","7.91","2.73","4.72","1.9","13619"
"Aroldis Chapman","Yankees","4","2","34","1","3.01","0","65","65.0","45","22","7","94","28","1.12","13.05","3.85","3.18","1.9","10233"
"Kenta Maeda","Twins","10","9","0","1","4.63","24","39","156.0","151","80","27","159","55","1.33","9.15","3.20","4.62","1.9","18498"
"Caleb Smith","Marlins","9","12","0","0","4.60","31","31","179.0","168","92","32","189","70","1.32","9.47","3.49","4.75","1.8","14875"
"Martin Perez","Red Sox","10","9","0","0","4.62","29","29","162.0","175","83","22","126","57","1.44","7.02","3.19","4.61","1.8","6902"
"Danny Duffy","Royals","10","12","0","0","4.73","31","31","184.0","186","97","31","159","64","1.36","7.75","3.14","4.86","1.8","3542"
"Brad Keller","Royals","10","12","0","0","4.74","31","31","182.0","191","96","23","137","77","1.47","6.77","3.81","4.78","1.8","15734"
"Kyle Freeland","Rockies","9","10","0","0","5.08","28","28","154.0","171","87","25","128","59","1.49","7.44","3.42","4.91","1.8","16256"
"Sean Manaea","Athletics","10","9","0","0","4.58","28","28","162.0","167","82","26","133","48","1.33","7.39","2.67","4.69","1.7","15873"
"Alex Cobb","Orioles","8","13","0","0","5.17","31","31","181.0","207","104","34","129","52","1.43","6.41","2.59","5.20","1.7","6562"
"Mike Foltynewicz","Braves","10","11","0","0","4.72","31","31","181.0","184","95","32","170","61","1.35","8.46","3.02","4.73","1.7","10811"
"Griffin Canning","Angels","9","8","0","0","4.36","24","24","135.0","128","65","22","139","44","1.28","9.24","2.97","4.43","1.7","19867"
"Brett Anderson","Brewers","9","9","0","0","4.54","26","26","143.0","164","72","19","95","41","1.43","5.98","2.57","4.54","1.7","8223"
"Michael Pineda","Twins","8","7","0","0","4.63","23","23","129.0","134","66","23","117","32","1.29","8.21","2.22","4.55","1.7","5372"
"Chris Bassitt","Athletics","8","7","0","1","4.41","19","34","128.0","122","63","19","117","44","1.30","8.28","3.08","4.50","1.6","12304"
"Yonny Chirinos","Rays","8","8","0","1","4.27","19","44","138.0","139","65","21","120","38","1.28","7.86","2.45","4.36","1.6","16401"
"Yusei Kikuchi","Mariners","9","12","0","0","4.74","31","31","173.0","182","91","30","141","57","1.37","7.31","2.95","4.89","1.6","20633"
"Brendan McKay","Rays","6","6","0","1","3.91","16","21","99.0","89","43","15","109","33","1.22","9.87","2.97","4.06","1.6","20186"
"Daniel Norris","Tigers","9","11","0","0","4.93","28","28","160.0","168","88","28","138","55","1.39","7.79","3.08","4.91","1.6","13475"
"Jake Arrieta","Phillies","9","11","0","0","4.75","29","29","168.0","174","88","26","139","61","1.41","7.44","3.30","4.81","1.6","4153"
"Adam Wainwright","Cardinals","8","9","0","0","4.45","26","26","145.0","149","71","20","123","51","1.39","7.65","3.19","4.50","1.5","2233"
"Trevor Williams","Pirates","8","12","0","0","5.02","29","29","167.0","186","93","28","135","50","1.42","7.29","2.72","4.80","1.5","16977"
"Kirby Yates","Padres","4","3","32","1","3.21","0","65","65.0","50","23","8","89","21","1.09","12.26","2.84","3.15","1.5","9073"
"Alex Wood","Dodgers","8","6","0","1","4.06","19","29","123.0","124","55","17","106","34","1.29","7.78","2.51","4.26","1.5","13781"
"Nick Anderson","Rays","4","3","20","8","3.25","0","65","65.0","49","23","9","89","22","1.08","12.34","2.98","3.29","1.5","18337"
"Reynaldo Lopez","White Sox","9","10","0","0","4.97","28","28","159.0","159","88","32","148","55","1.35","8.39","3.13","5.10","1.5","16400"
"Eric Lauer","Brewers","9","10","0","0","4.79","28","28","160.0","162","85","28","146","61","1.40","8.22","3.43","4.94","1.5","19316"
"Sandy Alcantara","Marlins","9","13","0","0","4.76","31","31","188.0","192","99","27","157","80","1.45","7.49","3.84","4.83","1.5","18684"
"Dakota Hudson","Cardinals","9","11","0","0","4.54","29","29","166.0","173","84","19","126","76","1.50","6.84","4.13","4.68","1.5","19206"
"Jose Leclerc","Rangers","4","3","29","2","3.75","0","68","68.0","52","28","9","93","36","1.28","12.32","4.72","3.85","1.5","14524"
"Ken Giles","Blue Jays","3","3","30","1","3.57","0","65","65.0","54","26","8","82","21","1.16","11.33","2.94","3.46","1.4","12910"
"Dylan Cease","White Sox","7","7","0","0","4.52","19","19","108.0","102","54","17","115","50","1.41","9.54","4.17","4.62","1.4","18525"
"Taylor Rogers","Twins","4","3","31","2","3.44","0","65","65.0","57","25","8","77","19","1.16","10.64","2.64","3.44","1.4","13449"
"Aaron Civale","Indians","9","9","0","0","4.81","26","26","148.0","159","79","27","116","38","1.33","7.06","2.31","4.90","1.4","19479"
"Carlos Martinez","Cardinals","7","8","7","1","4.15","18","43","128.0","123","59","15","121","52","1.36","8.50","3.62","4.23","1.4","11682"
"Anibal Sanchez","Nationals","9","11","0","0","5.06","29","29","163.0","172","92","30","140","57","1.40","7.75","3.13","5.03","1.4","3284"
"John Means","Orioles","8","13","0","0","5.33","31","31","183.0","201","109","41","142","52","1.38","6.97","2.57","5.57","1.4","16269"
"Sean Newcomb","Braves","8","8","0","1","4.37","21","36","137.0","131","67","19","139","61","1.40","9.09","4.00","4.44","1.4","16943"
"Tanner Roark","Blue Jays","9","12","0","0","5.15","31","31","181.0","196","104","35","153","55","1.38","7.60","2.74","5.09","1.4","8753"
"Jordan Lyles","Rangers","8","10","0","1","5.27","24","29","146.0","155","85","27","128","59","1.47","7.90","3.65","5.17","1.3","7593"
"Matt Shoemaker","Blue Jays","8","10","0","0","5.03","26","26","145.0","154","81","28","128","44","1.36","7.95","2.73","5.01","1.3","4776"
"Matt Barnes","Red Sox","4","3","4","15","3.38","0","68","68.0","53","26","7","93","31","1.23","12.33","4.12","3.33","1.3","12863"
"Chad Kuhl","Pirates","6","7","0","0","4.61","19","19","108.0","110","55","16","105","38","1.37","8.72","3.16","4.44","1.3","14975"
"Dustin May","Dodgers","7","5","0","1","4.07","16","26","104.0","102","47","14","91","30","1.27","7.87","2.62","4.23","1.3","19716"
"Ryan Pressly","Astros","4","3","2","16","3.36","0","65","65.0","54","24","8","78","20","1.15","10.82","2.83","3.37","1.3","7005"
"Roberto Osuna","Astros","4","3","33","2","3.64","0","65","65.0","56","26","9","76","17","1.13","10.51","2.36","3.63","1.3","13764"
"J.A. Happ","Yankees","7","7","0","1","4.66","18","33","118.0","119","61","22","112","38","1.32","8.51","2.85","4.79","1.3","7410"
"Will Harris","Nationals","4","3","4","15","3.56","0","67","67.0","62","27","7","70","21","1.24","9.36","2.79","3.53","1.3","3192"
"Jose Urena","Marlins","7","10","0","1","4.55","23","43","152.0","160","77","22","121","49","1.38","7.21","2.91","4.61","1.2","11589"
"Diego Castillo","Rays","3","3","5","12","3.26","0","60","60.0","48","22","6","73","22","1.17","11.00","3.30","3.39","1.2","17496"
"Tyler Chatwood","Cubs","7","7","0","1","4.50","19","29","123.0","119","61","14","116","70","1.53","8.51","5.10","4.65","1.2","4338"
"Kendall Graveman","Mariners","7","10","0","0","4.78","24","24","137.0","151","73","22","103","40","1.40","6.79","2.62","4.82","1.2","15514"
"Keone Kela","Pirates","3","3","27","4","3.63","0","65","65.0","55","26","8","81","24","1.22","11.17","3.36","3.51","1.2","14696"
"Jeff Samardzija","Giants","9","13","0","0","4.75","32","32","193.0","204","102","32","155","57","1.35","7.23","2.63","4.74","1.2","3254"
"Mike Montgomery","Royals","9","11","0","0","4.88","28","28","160.0","175","87","22","110","62","1.49","6.19","3.50","4.95","1.2","4869"
"Giovanny Gallegos","Cardinals","3","3","21","8","3.71","0","65","65.0","56","27","9","77","20","1.17","10.65","2.74","3.72","1.2","14986"
"Ryan Yarbrough","Rays","7","8","0","0","4.53","21","21","121.0","126","61","19","98","34","1.32","7.27","2.56","4.69","1.2","16502"
"Homer Bailey","Twins","8","8","0","0","5.02","23","23","132.0","142","73","23","105","43","1.40","7.20","2.92","5.01","1.2","8362"
"Craig Kimbrel","Cubs","4","3","35","2","3.58","0","65","65.0","49","26","9","90","28","1.20","12.51","3.94","3.59","1.2","6655"
"Rich Hill","Twins","6","5","0","0","4.42","15","15","85.0","79","42","14","88","31","1.29","9.40","3.25","4.52","1.2","4806"
"Gio Gonzalez","White Sox","8","9","0","0","4.90","24","24","141.0","148","77","23","121","60","1.47","7.71","3.81","4.99","1.2","7448"
"Brad Peacock","Astros","8","7","0","1","4.63","18","38","123.0","118","63","21","131","47","1.34","9.55","3.46","4.58","1.2","5401"
"Joe Ross","Nationals","6","7","0","0","4.85","19","19","108.0","114","58","18","90","39","1.41","7.48","3.22","4.89","1.2","12972"
"Mike Fiers","Athletics","10","12","0","0","5.21","32","32","191.0","207","110","37","146","59","1.40","6.88","2.79","5.26","1.2","7754"
"Will Smith","Braves","4","3","8","12","3.38","0","65","65.0","53","24","8","84","22","1.16","11.63","3.09","3.36","1.2","8048"
"Seth Lugo","Mets","3","3","2","15","3.54","0","65","65.0","58","26","8","75","17","1.15","10.37","2.38","3.47","1.1","12447"
"Raisel Iglesias","Reds","3","3","31","2","3.90","0","65","65.0","56","28","10","78","23","1.22","10.77","3.17","3.94","1.1","17130"
"Vince Velasquez","Phillies","7","8","0","5","4.54","16","51","129.0","121","65","24","140","46","1.29","9.77","3.20","4.68","1.1","11189"
"Emilio Pagan","Padres","3","3","1","17","3.51","0","65","65.0","52","25","9","83","19","1.09","11.53","2.63","3.53","1.1","14771"
"Freddy Peralta","Brewers","5","5","0","3","4.22","10","40","86.0","72","40","13","108","41","1.31","11.30","4.28","4.27","1.1","18679"
"Ross Stripling","Dodgers","5","4","0","11","3.70","6","51","83.0","78","34","11","83","20","1.18","9.03","2.13","3.79","1.1","13273"
"Jordan Yamamoto","Marlins","7","10","0","0","4.72","24","24","135.0","133","71","21","128","57","1.40","8.49","3.76","4.74","1.1","17585"
"Antonio Senzatela","Rockies","8","11","0","0","5.50","26","26","150.0","178","92","24","101","59","1.57","6.02","3.54","5.27","1.1","15488"
"Andrew Chafin","Diamondbacks","4","3","0","19","3.57","0","70","70.0","61","28","7","79","29","1.29","10.18","3.73","3.67","1.1","12988"
"Chad Green","Yankees","3","2","0","14","3.44","0","60","60.0","47","23","9","81","17","1.07","12.11","2.59","3.46","1.1","15552"
"Joshua James","Astros","4","2","1","17","3.38","0","60","60.0","44","23","7","84","26","1.17","12.54","3.88","3.45","1.0","16794"
"Ty Buttrey","Angels","4","3","5","13","3.56","0","65","65.0","55","26","8","75","23","1.20","10.33","3.21","3.71","1.0","14719"
"Nick Pivetta","Phillies","5","5","0","8","4.18","10","50","96.0","89","45","15","106","34","1.27","9.88","3.19","4.27","1.0","15454"
"Drew Smyly","Giants","7","9","0","0","4.46","23","23","132.0","125","65","22","133","49","1.32","9.11","3.36","4.57","1.0","11760"
"Logan Webb","Giants","6","7","0","0","4.20","18","18","99.0","99","46","12","87","39","1.38","7.89","3.53","4.26","1.0","17995"
"Steven Brault","Pirates","7","9","0","1","4.74","19","34","128.0","131","67","17","113","59","1.49","7.93","4.17","4.74","1.0","15291"
"Brent Honeywell","Rays","4","4","0","1","4.12","11","16","71.0","65","32","11","75","23","1.25","9.48","2.93","4.17","1.0","sa828706"
"Brad Hand","Indians","4","3","33","1","3.68","0","65","65.0","54","27","9","80","23","1.19","11.10","3.23","3.80","1.0","9111"
"Ryne Stanek","Marlins","3","3","5","13","3.58","0","65","65.0","52","26","8","83","27","1.22","11.49","3.79","3.65","1.0","15947"
"Zach Eflin","Phillies","8","10","0","0","5.05","26","26","146.0","157","82","28","120","44","1.38","7.39","2.73","5.14","1.0","13774"
"Ivan Nova","Tigers","7","12","0","0","5.46","28","28","160.0","192","97","31","100","39","1.45","5.63","2.19","5.32","1.0","1994"
"Mychal Givens","Orioles","3","3","14","9","4.01","0","65","65.0","55","29","10","76","27","1.26","10.50","3.69","4.16","1.0","10430"
"Merrill Kelly","Diamondbacks","6","7","0","3","4.57","13","48","110.0","113","56","17","102","34","1.34","8.36","2.80","4.44","1.0","11156"
"Kenley Jansen","Dodgers","4","3","37","2","3.84","0","65","65.0","56","28","10","75","18","1.13","10.38","2.43","3.89","0.9","3096"
"Domingo German","Yankees","5","5","0","1","4.69","13","23","85.0","83","44","16","88","28","1.30","9.26","2.97","4.79","0.9","17149"
"Andrew Miller","Cardinals","3","3","2","15","3.65","0","68","68.0","57","28","8","80","27","1.24","10.55","3.60","3.81","0.9","6785"
"Peter Lambert","Rockies","7","10","0","0","5.52","24","24","141.0","165","86","26","99","47","1.51","6.33","3.01","5.34","0.9","17969"
"Tyler Duffey","Twins","4","3","1","18","3.82","0","65","65.0","59","28","9","73","19","1.20","10.08","2.63","3.80","0.9","13758"
"Mark Melancon","Braves","3","3","26","5","3.72","0","65","65.0","65","27","7","61","19","1.29","8.44","2.63","3.69","0.9","4264"
"Michael Kopech","White Sox","5","6","0","0","4.78","16","16","91.0","83","48","16","103","43","1.39","10.25","4.29","4.87","0.9","17282"
"Zach Davies","Padres","8","11","0","0","5.06","28","28","160.0","183","90","26","111","52","1.47","6.25","2.95","5.04","0.9","13183"
"Matt Hall","Red Sox","5","5","0","1","4.59","13","23","85.0","85","43","13","79","36","1.42","8.32","3.77","4.68","0.9","18076"
"Justin Dunn","Mariners","6","9","0","0","5.08","21","21","122.0","123","69","22","112","52","1.43","8.22","3.85","5.18","0.9","19268"
"Justus Sheffield","Mariners","7","10","0","0","4.80","26","26","148.0","149","79","23","131","71","1.48","7.92","4.31","5.02","0.9","17285"
"Hector Neris","Phillies","3","3","31","2","3.86","0","65","65.0","54","28","10","82","24","1.20","11.32","3.30","3.96","0.9","11804"
"Zack Britton","Yankees","4","3","2","18","3.41","0","65","65.0","61","25","5","62","30","1.39","8.54","4.15","3.80","0.9","3240"
"Jairo Diaz","Rockies","3","3","5","13","4.22","0","65","65.0","62","30","8","68","27","1.37","9.45","3.70","4.12","0.9","12774"
"Archie Bradley","Diamondbacks","3","3","33","2","3.94","0","65","65.0","59","28","8","72","26","1.31","9.93","3.58","3.87","0.9","12918"
"Aaron Bummer","White Sox","4","3","1","17","3.48","0","65","65.0","59","25","6","67","27","1.32","9.33","3.72","3.74","0.8","16258"
"Joe Kelly","Dodgers","4","3","0","20","3.39","0","65","65.0","55","25","7","73","26","1.25","10.14","3.58","3.60","0.8","9761"
"Joe Jimenez","Tigers","3","3","29","2","4.20","0","65","65.0","57","30","10","76","26","1.27","10.54","3.56","4.24","0.8","15761"
"Austin Voth","Nationals","4","4","0","1","4.33","8","28","67.0","65","32","11","65","23","1.30","8.70","3.03","4.46","0.8","15047"
"Brandon Workman","Red Sox","4","3","32","2","3.89","0","68","68.0","59","29","8","82","31","1.32","10.82","4.14","3.89","0.8","11428"
"Scott Oberg","Rockies","3","3","19","7","4.29","0","65","65.0","65","31","8","63","25","1.38","8.77","3.45","4.19","0.8","13911"
"Jordan Zimmermann","Tigers","7","11","0","0","5.45","24","24","141.0","164","85","29","99","35","1.41","6.33","2.24","5.38","0.8","4505"
"Michael Fulmer","Tigers","3","4","0","0","4.58","10","10","56.0","58","28","9","48","17","1.35","7.76","2.77","4.54","0.8","13218"
"Chase Anderson","Blue Jays","9","12","0","0","5.48","29","29","169.0","181","103","36","143","59","1.42","7.62","3.14","5.50","0.8","6895"
"Amir Garrett","Reds","3","3","1","16","3.88","0","68","68.0","57","29","9","84","31","1.29","11.15","4.08","4.02","0.8","14375"
"Trent Thornton","Blue Jays","5","6","0","11","4.64","8","58","97.0","97","50","17","93","30","1.31","8.66","2.79","4.62","0.7","17948"
"Dellin Betances","Mets","3","2","4","11","3.07","0","55","55.0","40","19","5","78","24","1.15","12.72","3.92","3.04","0.7","6216"
"Drew Pomeranz","Padres","3","3","1","13","3.40","0","58","58.0","47","22","7","73","21","1.19","11.34","3.33","3.49","0.7","11426"
"Taijuan Walker","","5","7","0","0","4.93","18","18","99.0","104","54","18","86","33","1.39","7.78","3.04","4.94","0.7","11836"
"Rafael Montero","Rangers","3","3","2","13","4.22","0","60","60.0","56","28","9","65","24","1.32","9.75","3.53","4.21","0.7","12760"
"Blake Treinen","Dodgers","3","3","4","14","3.45","0","62","62.0","54","24","6","67","24","1.25","9.67","3.42","3.63","0.7","12572"
"Craig Stammen","Padres","3","3","0","15","3.97","0","67","67.0","66","30","9","65","19","1.27","8.73","2.60","3.90","0.7","7274"
"Sean Doolittle","Nationals","3","3","19","9","4.07","0","60","60.0","54","27","10","66","18","1.20","9.95","2.69","4.18","0.7","1581"
"Elieser Hernandez","Marlins","5","6","0","6","4.48","10","50","96.0","91","48","16","98","33","1.29","9.15","3.12","4.58","0.7","16933"
"Jake Diekman","Athletics","4","3","0","16","3.57","0","70","70.0","56","28","7","84","36","1.31","10.79","4.62","3.89","0.7","5003"
"Collin McHugh","","3","3","0","0","4.11","3","48","64.0","59","29","9","67","22","1.27","9.47","3.13","4.17","0.7","7531"
"Tommy Kahnle","Yankees","4","3","0","16","3.61","0","68","68.0","56","27","9","86","27","1.21","11.37","3.57","3.72","0.7","11384"
"Zach Plesac","Indians","7","8","0","0","5.07","21","21","119.0","126","67","23","97","38","1.39","7.37","2.91","5.24","0.7","19979"
"Tyler Mahle","Reds","3","4","0","1","4.44","8","18","57.0","56","28","9","58","18","1.30","9.21","2.87","4.42","0.7","16358"
"Luke Jackson","Braves","3","2","0","13","3.48","0","55","55.0","47","21","6","67","21","1.24","10.98","3.51","3.44","0.7","11752"
"Patrick Sandoval","Angels","4","4","0","0","4.38","11","11","66.0","63","32","10","62","28","1.39","8.53","3.87","4.67","0.6","19447"
"Jose Alvarado","Rays","3","3","9","11","3.32","0","60","60.0","47","22","6","76","31","1.30","11.39","4.62","3.60","0.6","17780"
"Jason Vargas","","6","9","0","0","5.30","21","21","122.0","133","72","24","93","46","1.46","6.85","3.39","5.45","0.6","8044"
"Ryan Borucki","Blue Jays","5","6","0","0","5.05","16","16","91.0","97","51","15","72","34","1.44","7.14","3.36","5.06","0.6","16350"
"Alec Mills","Cubs","5","5","0","6","4.64","10","50","96.0","97","50","16","87","32","1.34","8.12","3.02","4.71","0.6","13834"
"Daniel Hudson","Nationals","3","3","15","12","4.36","0","67","67.0","62","32","10","69","29","1.36","9.28","3.84","4.46","0.6","7146"
"Carlos Estevez","Rockies","3","3","2","17","4.33","0","65","65.0","61","31","10","72","25","1.32","9.92","3.51","4.23","0.6","14542"
"Joakim Soria","Athletics","3","3","3","15","3.91","0","62","62.0","56","27","8","66","21","1.24","9.51","3.04","4.00","0.6","6941"
"Jeff Hoffman","Rockies","4","5","0","0","5.40","13","13","75.0","80","45","14","69","32","1.49","8.25","3.89","5.26","0.6","17432"
"Justin Wilson","Mets","3","3","2","16","3.67","0","60","60.0","50","24","7","72","28","1.29","10.79","4.15","3.81","0.6","4301"
"Dean Kremer","Orioles","5","8","0","0","5.54","19","19","111.0","116","68","23","95","49","1.50","7.72","4.01","5.69","0.6","sa876350"
"Clay Buchholz","","5","6","0","0","5.11","16","16","91.0","100","51","16","67","29","1.43","6.67","2.86","5.15","0.6","3543"
"Chris Martin","Braves","3","2","0","11","3.36","0","50","50.0","45","19","6","56","10","1.12","10.14","1.87","3.21","0.6","11847"
"Bryse Wilson","Braves","3","3","0","1","4.19","6","16","48.0","46","22","7","47","15","1.28","8.80","2.76","4.20","0.6","19990"
"Cal Quantrill","Padres","4","4","0","1","4.57","10","20","66.0","68","34","10","56","21","1.35","7.62","2.88","4.60","0.6","19312"
"Brandon Kintzler","Marlins","3","3","27","4","4.00","0","65","65.0","67","29","7","54","20","1.33","7.46","2.75","4.07","0.5","9939"
"Tyler Beede","Giants","4","5","0","1","4.26","10","30","76.0","71","36","10","77","33","1.36","9.12","3.85","4.31","0.5","16981"
"Seranthony Dominguez","Phillies","3","2","2","13","3.67","0","55","55.0","46","22","7","68","24","1.27","11.11","3.92","3.80","0.5","19249"
"Jorge Lopez","Royals","4","5","0","3","4.75","10","40","86.0","89","46","13","72","32","1.40","7.52","3.29","4.74","0.5","14527"
"Brent Suter","Brewers","4","3","1","16","4.19","2","62","69.0","69","32","11","66","17","1.25","8.51","2.23","4.33","0.5","13942"
"Adam Ottavino","Yankees","3","3","0","16","4.36","0","68","68.0","58","33","10","83","35","1.36","11.02","4.65","4.43","0.5","1247"
"Tim Hill","Royals","3","3","2","16","3.93","0","60","60.0","58","26","7","52","22","1.35","7.73","3.35","4.16","0.5","16814"
"Asher Wojciechowski","Orioles","6","11","0","0","5.83","24","24","137.0","145","89","34","119","52","1.44","7.83","3.40","6.03","0.5","10836"
"Brett Martin","Rangers","3","3","0","13","4.05","0","55","55.0","53","25","7","53","20","1.34","8.63","3.34","4.18","0.5","17369"
"Shane Greene","Braves","4","3","2","20","4.05","0","72","72.0","70","32","10","73","24","1.30","9.19","2.96","4.06","0.5","10756"
"Anthony Bass","Blue Jays","3","3","2","15","4.30","0","65","65.0","65","31","9","62","22","1.32","8.59","2.98","4.29","0.5","7982"
"Rowan Wick","Cubs","3","3","2","15","4.17","0","65","65.0","59","30","8","69","31","1.38","9.52","4.23","4.28","0.5","14646"
"Trevor May","Twins","3","3","0","14","4.13","0","60","60.0","52","28","9","70","24","1.28","10.54","3.65","4.16","0.5","6398"
"Tony Watson","Giants","3","3","28","6","3.88","0","68","68.0","65","29","8","63","21","1.26","8.29","2.76","4.04","0.5","3132"
"Oliver Drake","Rays","3","2","0","13","3.45","0","55","55.0","47","21","6","64","20","1.21","10.49","3.30","3.58","0.5","8823"
"Alex Reyes","Cardinals","4","4","2","5","4.21","6","41","73.0","63","34","10","83","37","1.38","10.25","4.62","4.33","0.5","15015"
"Julio Teheran","Angels","10","12","0","0","5.30","31","31","179.0","186","106","35","155","75","1.46","7.79","3.77","5.47","0.5","6797"
"Erik Swanson","Mariners","4","5","0","5","4.67","8","48","87.0","86","45","17","82","26","1.28","8.44","2.66","4.81","0.5","16587"
"Logan Allen","Indians","5","6","0","1","4.87","15","25","95.0","96","51","16","82","40","1.43","7.81","3.81","5.11","0.5","18555"
"Ian Kennedy","Royals","3","3","31","2","4.34","0","65","65.0","62","31","11","67","20","1.25","9.22","2.71","4.43","0.5","6986"
"Felix Hernandez","","3","4","0","0","4.88","10","10","56.0","61","31","9","47","19","1.42","7.57","2.99","4.76","0.5","4772"
"Josh Taylor","Red Sox","3","3","0","18","3.93","0","60","60.0","53","26","8","66","26","1.32","9.93","3.88","4.10","0.5","17359"
"Brusdar Graterol","Dodgers","2","2","0","0","4.42","6","6","38.0","37","18","5","36","15","1.37","8.65","3.61","4.42","0.5","20367"
"Austin Pruitt","Astros","4","3","0","1","4.72","8","23","62.0","67","32","10","50","18","1.37","7.22","2.61","4.68","0.5","15290"
"John Gant","Cardinals","3","3","0","18","4.02","0","65","65.0","61","29","8","64","26","1.34","8.85","3.66","4.19","0.5","13684"
"Alex Colome","White Sox","3","3","31","2","4.24","0","65","65.0","63","31","10","65","23","1.33","9.06","3.22","4.33","0.4","6661"
"Tanner Rainey","Nationals","3","3","0","15","3.80","0","60","60.0","46","25","7","80","39","1.42","11.97","5.86","4.09","0.4","17610"
"Andrew Cashner","","4","5","0","0","4.71","8","43","82.0","87","43","12","67","29","1.41","7.40","3.21","4.73","0.4","8782"
"Ranger Suarez","Phillies","4","4","0","3","4.34","6","36","68.0","69","33","10","57","23","1.37","7.65","3.13","4.62","0.4","17277"
"Jose Alvarez","Phillies","3","3","0","16","4.08","0","65","65.0","63","29","9","62","22","1.32","8.56","3.11","4.32","0.4","5358"
"Corbin Burnes","Brewers","3","3","0","6","4.12","3","43","59.0","54","27","8","63","22","1.30","9.69","3.41","4.17","0.4","19361"
"Clayton Richard","","3","3","0","0","4.67","8","8","46.0","51","24","6","31","17","1.49","6.03","3.40","4.85","0.4","3551"
"Michael Wacha","Mets","4","4","0","3","4.42","6","36","68.0","68","33","10","62","25","1.38","8.25","3.31","4.45","0.4","14078"
"Lucas Sims","Reds","3","3","0","9","4.00","2","47","54.0","45","24","9","70","22","1.23","11.58","3.70","4.09","0.4","13470"
"Buck Farmer","Tigers","3","3","3","13","4.41","0","65","65.0","63","32","10","66","25","1.35","9.19","3.45","4.46","0.4","14814"
"Corey Knebel","Brewers","2","2","4","8","3.53","0","45","45.0","35","18","6","62","20","1.22","12.34","4.01","3.53","0.4","15010"
"Austin Gomber","Cardinals","3","3","0","1","4.29","6","21","53.0","50","25","8","51","21","1.34","8.66","3.54","4.54","0.4","16561"
"Scott Barlow","Royals","3","3","2","14","4.14","0","65","65.0","57","30","9","71","29","1.32","9.88","4.07","4.29","0.4","14993"
"Michael Lorenzen","Reds","3","3","2","17","4.24","0","65","65.0","63","31","9","65","25","1.35","8.96","3.43","4.28","0.4","14843"
"Richard Bleier","Orioles","3","3","3","15","4.41","0","65","65.0","73","32","8","40","18","1.41","5.60","2.51","4.60","0.4","7803"
"Jordan Montgomery","Yankees","3","3","0","1","4.65","6","16","48.0","47","25","9","46","16","1.33","8.72","3.06","4.79","0.4","16511"
"Andres Munoz","Padres","3","2","0","10","3.41","0","50","50.0","38","19","5","66","26","1.29","11.89","4.66","3.56","0.4","20373"
"Hector Rondon","Diamondbacks","3","3","2","13","4.12","0","60","60.0","57","27","8","62","21","1.30","9.25","3.11","3.97","0.4","2391"
"Oliver Perez","Indians","4","3","0","20","4.07","0","68","68.0","62","31","10","74","24","1.25","9.73","3.14","4.26","0.4","1514"
"Richard Rodriguez","Pirates","3","3","2","17","4.31","0","67","67.0","64","32","10","70","22","1.29","9.42","2.99","4.23","0.4","13549"
"Chaz Roe","Rays","3","3","2","18","4.08","0","65","65.0","58","29","8","70","29","1.34","9.70","3.99","4.18","0.4","9866"
"Colin Poche","Rays","3","2","0","10","3.62","0","50","50.0","38","20","8","67","20","1.16","12.09","3.61","3.80","0.4","19403"
"Kevin Ginkel","Diamondbacks","3","3","0","13","3.93","0","60","60.0","51","26","8","73","25","1.27","10.94","3.76","3.90","0.4","19876"
"Shaun Anderson","Giants","3","3","8","14","3.85","0","60","60.0","58","26","7","55","18","1.26","8.18","2.67","3.99","0.4","19453"
"Tyler Alexander","Tigers","3","3","0","1","4.70","5","35","58.0","62","30","11","47","13","1.29","7.31","1.95","4.77","0.4","17735"
"Tyler Anderson","Giants","2","2","0","0","4.09","6","6","36.0","34","16","5","34","12","1.29","8.65","2.91","4.22","0.4","12880"
"Matt Strahm","Padres","3","3","1","12","3.80","0","55","55.0","49","23","8","60","15","1.18","9.90","2.54","3.90","0.4","13799"
"Kolby Allard","Rangers","2","2","0","0","5.12","6","6","36.0","39","21","6","29","15","1.48","7.11","3.72","5.21","0.4","18694"
"Cam Bedrosian","Angels","3","3","0","17","4.04","0","60","60.0","56","27","8","61","22","1.30","9.09","3.26","4.17","0.4","13360"
"Tyson Ross","","3","4","0","0","4.68","11","11","63.0","66","33","8","50","27","1.48","7.09","3.84","4.65","0.4","7872"
"Jose Suarez","Angels","3","3","0","1","4.77","8","13","52.0","52","28","9","47","21","1.40","8.22","3.66","5.07","0.4","19911"
"Jesse Hahn","Royals","3","3","0","1","4.65","6","21","53.0","54","27","7","41","21","1.44","7.09","3.66","4.71","0.4","13287"
"Carlos Rodon","White Sox","2","2","0","0","4.73","6","6","37.0","36","19","6","35","15","1.38","8.65","3.66","4.80","0.4","16137"
"Junior Guerra","Diamondbacks","3","3","2","14","4.45","0","65","65.0","63","32","10","65","26","1.36","9.04","3.60","4.44","0.4","5702"
"Emmanuel Clase","Indians","3","2","0","13","3.78","0","55","55.0","50","23","7","59","21","1.28","9.57","3.39","3.88","0.4","21032"
"Jonathan Loaisiga","Yankees","2","2","0","1","4.10","3","23","39.0","35","18","6","44","14","1.26","10.17","3.30","4.18","0.4","19753"
"Michael Feliz","Pirates","3","3","0","13","4.10","0","55","55.0","49","25","8","66","23","1.30","10.79","3.70","4.00","0.4","11903"
"Alex Claudio","Brewers","3","3","0","16","4.18","0","70","70.0","76","32","8","51","23","1.42","6.50","2.99","4.30","0.4","12890"
"Pedro Baez","Dodgers","4","3","0","18","4.24","0","68","68.0","61","32","11","70","26","1.28","9.30","3.39","4.47","0.4","5420"
"Ray Black","Brewers","3","2","0","11","3.87","0","50","50.0","40","21","7","67","23","1.26","12.10","4.17","3.89","0.4","14244"
"Hansel Robles","Angels","3","3","23","6","4.21","0","65","65.0","59","30","11","71","24","1.27","9.79","3.26","4.35","0.4","11801"
"Kyle Ryan","Cubs","3","3","0","19","4.13","0","68","68.0","67","31","8","61","30","1.43","8.12","4.03","4.35","0.3","11753"
"Jace Fry","White Sox","4","3","0","14","3.86","0","67","67.0","58","29","8","78","35","1.38","10.47","4.71","4.13","0.3","16159"
"Jeurys Familia","Mets","3","3","0","14","3.93","0","60","60.0","54","26","6","64","29","1.38","9.59","4.34","4.02","0.3","5114"
"Jesse Chavez","Rangers","3","3","2","17","4.69","0","65","65.0","69","34","11","59","20","1.36","8.20","2.71","4.67","0.3","5448"
"MacKenzie Gore","Padres","2","2","0","0","4.26","5","5","28.0","26","13","4","29","11","1.33","9.28","3.62","4.47","0.3","sa3005068"
"Chris Devenski","Astros","3","2","0","14","4.33","0","55","55.0","51","26","9","59","18","1.25","9.65","2.88","4.35","0.3","12763"
"Rogelio Armenteros","Astros","3","3","0","1","4.91","6","16","48.0","47","26","9","45","18","1.37","8.59","3.48","5.01","0.3","17679"
"Jimmy Nelson","Dodgers","3","2","0","9","3.89","2","42","49.0","45","21","6","52","17","1.26","9.41","3.19","3.99","0.3","10547"
"Framber Valdez","Astros","3","2","0","6","3.37","2","42","49.0","42","18","4","56","22","1.30","10.15","4.09","3.61","0.3","17295"
"David Phelps","Brewers","3","3","0","15","4.42","0","65","65.0","62","32","10","69","28","1.38","9.54","3.91","4.46","0.3","6316"
"Brad Wieck","Cubs","2","2","0","9","3.71","0","45","45.0","36","19","6","59","20","1.24","11.84","3.98","3.83","0.3","16390"
"Randy Dobnak","Twins","3","3","0","1","4.84","5","25","48.0","54","26","8","34","14","1.40","6.27","2.59","4.87","0.3","23798"
"Aaron Sanchez","","2","3","0","0","4.57","5","20","43.0","44","22","6","38","19","1.46","7.84","4.04","4.67","0.3","11490"
"Matt Harvey","","4","5","0","0","5.24","13","13","72.0","79","42","14","55","25","1.44","6.92","3.06","5.27","0.3","11713"
"Matt Andriese","Angels","3","3","0","3","4.29","3","38","54.0","53","26","8","50","17","1.30","8.33","2.83","4.43","0.3","12022"
"Erick Fedde","Nationals","2","2","0","1","4.72","5","15","38.0","41","20","5","29","14","1.46","6.85","3.36","4.75","0.3","17425"
"Jeremy Hellickson","","5","7","0","0","5.60","16","16","94.0","108","58","20","65","29","1.46","6.22","2.80","5.65","0.3","4371"
"Wade LeBlanc","","4","7","0","0","5.83","16","16","89.0","105","58","20","60","30","1.52","6.04","3.06","5.95","0.3","5221"
"Robert Stephenson","Reds","2","2","0","11","4.11","0","50","50.0","42","23","8","63","22","1.29","11.25","4.02","4.20","0.3","13594"
"Hunter Harvey","Orioles","3","3","14","7","4.61","0","60","60.0","57","31","10","62","24","1.35","9.31","3.60","4.75","0.3","15507"
"James Karinchak","Indians","2","2","0","8","3.58","0","40","40.0","30","16","5","56","21","1.28","12.60","4.79","3.69","0.3","20151"
"Daniel Ponce de Leon","Cardinals","3","3","0","0","4.87","8","8","47.0","45","25","8","46","23","1.44","8.88","4.44","5.11","0.3","16110"
"Jeremy Jeffress","Cubs","3","3","2","12","4.15","0","55","55.0","54","25","6","50","22","1.39","8.14","3.59","4.24","0.3","9490"
"Adam Morgan","Phillies","3","3","2","17","4.44","0","60","60.0","58","30","10","61","21","1.31","9.10","3.12","4.61","0.3","12580"
"Jose Cisnero","Tigers","3","3","1","16","4.71","0","65","65.0","62","34","10","66","30","1.42","9.18","4.19","4.79","0.3","6399"
"Pedro Strop","Reds","3","3","0","14","4.24","0","60","60.0","57","28","8","63","26","1.37","9.39","3.83","4.33","0.3","4070"
"Kyle Crick","Pirates","3","3","7","12","4.36","0","65","65.0","60","32","9","72","30","1.39","9.95","4.22","4.29","0.3","13182"
"Robbie Erlin","Pirates","1","2","0","1","4.42","3","13","29.0","32","14","4","23","8","1.36","7.16","2.38","4.30","0.3","10354"
"Joe Smith","Astros","3","2","0","13","4.19","0","55","55.0","54","26","8","52","17","1.30","8.48","2.78","4.32","0.3","3281"
"John Brebbia","Cardinals","3","3","0","13","4.26","0","55","55.0","49","26","9","60","19","1.25","9.82","3.16","4.35","0.3","12777"
"Alex Young","Diamondbacks","2","2","0","1","4.34","3","23","39.0","39","19","6","36","14","1.35","8.41","3.22","4.41","0.3","18333"
"Jhoulys Chacin","Twins","2","2","0","0","5.37","6","6","38.0","41","22","7","29","15","1.49","6.96","3.59","5.40","0.3","2608"
"Trevor Gott","Giants","2","2","0","9","3.73","0","45","45.0","41","19","5","47","17","1.29","9.35","3.43","3.82","0.3","15046"
"Stephen Tarpley","Marlins","2","2","0","9","3.59","0","45","45.0","40","18","4","47","22","1.37","9.40","4.32","3.90","0.3","15859"
"Nick Neidert","Marlins","2","3","0","0","4.82","6","6","37.0","38","20","6","31","13","1.39","7.47","3.20","4.91","0.2","sa874797"
"Kyle McGowin","Nationals","1","1","0","1","4.44","3","8","24.0","23","12","4","22","8","1.32","8.48","3.08","4.52","0.2","15071"
"Kyle Wright","Braves","1","1","0","1","4.30","3","8","24.0","23","11","3","23","9","1.35","8.85","3.35","4.24","0.2","19665"
"Lou Trivino","Athletics","3","3","0","12","4.22","0","55","55.0","51","26","7","55","24","1.36","8.99","3.96","4.34","0.2","15043"
"Matt Magill","Mariners","3","3","5","11","4.23","0","60","60.0","54","28","9","65","23","1.29","9.75","3.41","4.36","0.2","3950"
"Paul Fry","Orioles","3","3","0","11","4.33","0","55","55.0","53","26","7","52","26","1.45","8.59","4.29","4.58","0.2","15832"
"Darren O'Day","Braves","2","2","0","9","4.11","0","45","45.0","41","21","7","50","16","1.27","10.02","3.20","4.11","0.2","3321"
"Tommy Milone","","3","4","0","0","5.21","10","10","54.0","60","31","12","43","15","1.38","7.18","2.49","5.34","0.2","7608"
"Roenis Elias","Nationals","3","3","0","13","4.33","0","55","55.0","53","26","8","52","21","1.34","8.50","3.40","4.55","0.2","12673"
"Chad Bettis","","2","3","0","0","4.92","5","25","48.0","54","26","8","34","16","1.45","6.38","2.90","4.92","0.2","10587"
"Sam Gaviglio","Blue Jays","3","3","0","13","4.53","0","55","55.0","58","28","9","49","14","1.30","8.08","2.27","4.43","0.2","12778"
"Colin Rea","Cubs","2","3","0","1","5.14","6","16","48.0","50","27","8","38","21","1.50","7.18","3.95","5.20","0.2","12317"
"Kohl Stewart","Orioles","2","4","0","1","5.39","6","21","53.0","58","32","9","37","24","1.57","6.28","4.10","5.48","0.2","15502"
"Robert Dugger","Marlins","3","4","0","1","4.88","6","26","58.0","60","31","10","47","21","1.40","7.41","3.25","4.98","0.2","19191"
"Tarik Skubal","Tigers","1","1","0","0","4.68","3","3","18.0","18","10","3","18","7","1.37","8.93","3.56","4.79","0.2","sa3007593"
"Brandon Brennan","Mariners","3","3","2","15","4.17","0","60","60.0","57","28","8","58","27","1.40","8.72","4.05","4.37","0.2","13527"
"Adbert Alzolay","Cubs","1","1","0","1","4.84","3","8","24.0","23","13","4","25","11","1.39","9.27","3.98","4.94","0.2","17859"
"Fernando Rodney","","2","2","0","0","4.32","0","35","35.0","33","17","5","36","17","1.42","9.19","4.43","4.45","0.2","494"
"Zack Littell","Twins","2","2","0","9","4.37","0","45","45.0","43","22","7","44","16","1.31","8.79","3.22","4.49","0.2","15823"
"Chi Chi Gonzalez","Rockies","1","2","0","1","5.27","3","13","29.0","32","17","5","23","12","1.53","7.31","3.80","5.08","0.2","14663"
"JT Brubaker","Pirates","1","1","0","0","4.68","3","3","18.0","20","10","3","15","6","1.42","7.41","3.09","4.57","0.2","sa875176"
"Tony Gonsolin","Dodgers","2","2","0","1","4.44","3","13","29.0","27","14","5","29","11","1.31","9.06","3.41","4.63","0.2","19388"
"Nick Wittgren","Indians","3","3","2","15","4.49","0","65","65.0","64","32","11","63","22","1.32","8.66","3.03","4.59","0.2","15594"
"Jacob Waguespack","Blue Jays","3","3","0","1","4.86","3","38","54.0","55","29","9","47","21","1.41","7.84","3.47","4.89","0.2","18318"
"Stefan Crichton","Diamondbacks","2","2","0","10","4.13","0","50","50.0","49","23","6","48","18","1.34","8.57","3.29","4.10","0.2","16058"
"Conner Menez","Giants","2","2","0","1","4.07","3","18","34.0","29","15","4","37","16","1.34","9.97","4.27","4.31","0.2","19199"
"Sixto Sanchez","Marlins","1","1","0","0","4.52","3","3","18.0","19","9","3","14","6","1.37","7.00","2.81","4.56","0.2","sa873550"
"Evan Marshall","White Sox","3","3","0","13","4.43","0","60","60.0","60","30","9","55","24","1.41","8.18","3.60","4.56","0.2","12297"
"Sam Dyson","","1","1","0","0","4.18","0","30","30.0","31","14","3","25","10","1.36","7.63","3.05","4.18","0.2","11710"
"Kelvin Herrera","White Sox","2","2","0","9","4.51","0","50","50.0","49","25","9","50","17","1.31","8.96","3.04","4.56","0.2","6033"
"Devin Smeltzer","Twins","2","2","0","1","4.82","3","23","39.0","41","21","7","32","11","1.34","7.52","2.62","5.01","0.2","19487"
"Cody Anderson","","1","1","0","0","4.68","3","3","19.0","19","10","3","17","7","1.37","7.98","3.12","4.75","0.2","12799"
"Clay Holmes","Pirates","2","2","0","10","4.13","0","45","45.0","43","21","4","45","23","1.47","9.10","4.53","4.10","0.2","13649"
"Daniel Mengden","Athletics","2","3","0","1","5.04","5","25","48.0","52","27","9","36","16","1.41","6.66","2.91","5.11","0.2","16980"
"Anthony Kay","Blue Jays","4","6","0","0","5.42","15","15","83.0","85","50","16","72","39","1.50","7.82","4.20","5.58","0.2","20387"
"Noe Ramirez","Angels","2","2","0","10","4.21","0","45","45.0","42","21","7","47","15","1.27","9.49","3.05","4.38","0.2","12800"
"Jose Castillo","Padres","2","2","0","4","3.55","0","38","38.0","30","15","5","49","17","1.24","11.52","4.01","3.74","0.2","17169"
"Wander Suero","Nationals","2","2","0","8","4.13","0","40","40.0","37","18","6","41","15","1.31","9.23","3.42","4.23","0.2","15855"
"Brady Singer","Royals","1","1","0","0","4.87","3","3","18.0","20","10","3","13","7","1.44","6.43","3.23","4.90","0.2","sa3008613"
"Tanner Houck","Red Sox","3","4","0","0","5.40","10","10","55.0","59","33","9","43","27","1.56","7.01","4.40","5.41","0.2","sa829037"
"Sam Coonrod","Giants","3","3","2","12","4.06","0","55","55.0","50","25","7","55","25","1.36","9.07","4.13","4.27","0.2","17264"
"Dan Altavilla","Mariners","3","3","0","11","4.14","0","55","55.0","46","25","8","65","28","1.35","10.66","4.53","4.32","0.2","16507"
"Ashton Goudeau","Rockies","1","1","0","0","5.35","3","3","18.0","21","11","3","15","7","1.47","7.28","3.25","5.19","0.2","sa658634"
"Miguel Castro","Orioles","2","3","0","12","4.80","0","55","55.0","54","29","8","51","28","1.49","8.35","4.58","4.98","0.2","15684"
"Brad Brach","Mets","2","2","0","8","4.11","0","40","40.0","37","18","5","42","17","1.35","9.44","3.93","4.19","0.2","6627"
"Brandon Bailey","Orioles","4","8","0","1","5.83","15","30","100.0","105","65","21","85","51","1.57","7.66","4.65","5.99","0.2","sa873692"
"Chris Stratton","Pirates","2","2","0","8","4.27","0","40","40.0","41","19","5","38","13","1.35","8.46","2.84","4.14","0.2","13761"
"Bernardo Flores","White Sox","1","1","0","1","4.82","3","8","24.0","26","13","4","17","7","1.41","6.49","2.78","5.04","0.2","sa874080"
"Heath Hembree","Red Sox","3","3","0","15","4.72","0","60","60.0","58","31","10","61","23","1.35","9.22","3.50","4.71","0.1","11632"
"Enyel De Los Santos","Phillies","2","3","0","0","5.21","6","6","37.0","37","21","7","32","15","1.44","7.91","3.73","5.46","0.1","18403"
"Brock Burke","Rangers","1","1","0","0","5.36","3","3","18.0","19","11","3","14","8","1.51","6.93","3.87","5.48","0.1","17968"
"Brandon Bielak","Astros","1","1","0","0","4.92","3","3","18.0","19","10","3","17","8","1.44","8.06","3.83","5.03","0.1","sa915815"
"Josh Tomlin","","4","5","0","0","5.42","8","43","82.0","97","49","19","57","15","1.37","6.31","1.61","5.41","0.1","9388"
"Hector Velazquez","Red Sox","1","1","0","1","5.16","3","8","24.0","26","14","4","18","10","1.48","6.85","3.69","5.18","0.1","19341"
"Marcus Walden","Red Sox","2","2","0","8","4.27","0","40","40.0","39","19","5","36","16","1.38","8.18","3.52","4.29","0.1","8004"
"Ryan Tepera","Cubs","3","3","0","12","4.51","0","55","55.0","53","28","8","53","23","1.38","8.61","3.74","4.62","0.1","10291"
"Drew Steckenrider","Marlins","2","2","0","3","4.08","0","35","35.0","31","16","5","39","14","1.30","10.02","3.67","4.16","0.1","18806"
"Deivi Garcia","Yankees","1","1","0","0","5.21","3","3","18.0","18","11","4","19","9","1.45","9.40","4.41","5.34","0.1","sa916944"
"Jeff Brigham","Marlins","2","3","0","11","4.29","0","50","50.0","46","24","8","52","19","1.30","9.31","3.39","4.40","0.1","16631"
"Ariel Jurado","Rangers","1","1","0","1","4.95","2","17","24.0","28","13","4","17","7","1.41","6.21","2.44","4.91","0.1","17030"
"Wade Davis","Rockies","3","3","6","10","5.11","0","55","55.0","55","31","9","55","27","1.50","9.00","4.42","4.96","0.1","7441"
"Yimi Garcia","Marlins","2","3","2","14","4.52","0","55","55.0","53","28","9","54","17","1.28","8.89","2.83","4.57","0.1","12095"
"Nick Margevicius","Mariners","2","3","0","0","5.18","6","6","38.0","42","22","7","26","11","1.41","6.15","2.71","5.40","0.1","20395"
"Nick Burdi","Pirates","2","2","0","5","3.84","0","35","35.0","31","15","4","43","14","1.28","10.94","3.57","3.70","0.1","16074"
"Trevor Richards","Rays","2","2","0","3","4.00","0","35","35.0","32","16","5","37","11","1.23","9.57","2.85","4.15","0.1","19309"
"Tanner Scott","Orioles","2","2","0","5","3.79","0","35","35.0","29","15","4","42","19","1.37","10.89","4.77","4.05","0.1","17586"
"Keegan Akin","Orioles","2","4","0","0","5.74","10","10","55.0","56","35","12","50","30","1.57","8.07","4.91","6.03","0.1","sa873980"
"Ryan Helsley","Cardinals","2","2","0","8","4.08","0","40","40.0","36","18","6","44","17","1.31","9.81","3.82","4.21","0.1","18138"
"Peter Fairbanks","Rays","2","2","0","6","3.62","0","40","40.0","33","16","5","48","16","1.25","10.82","3.71","3.72","0.1","17998"
"Cole Irvin","Phillies","1","2","0","1","4.98","3","8","24.0","26","13","5","18","7","1.37","6.83","2.47","5.25","0.1","19244"
"Walker Lockett","Mets","1","1","0","1","4.47","2","12","19.0","21","10","3","16","5","1.33","7.30","2.37","4.52","0.1","13804"
"Sergio Romo","Twins","3","3","2","15","4.94","0","67","67.0","69","37","13","62","22","1.37","8.35","3.00","4.96","0.1","9817"
"Victor Arano","Phillies","2","2","0","11","4.35","0","45","45.0","41","22","8","49","17","1.30","9.89","3.45","4.47","0.1","15915"
"Andrew Kittredge","Rays","2","1","0","1","3.47","0","30","30.0","26","12","4","34","9","1.18","10.05","2.72","3.59","0.1","12828"
"Bryan Abreu","Astros","2","2","0","9","4.21","0","45","45.0","38","21","6","54","24","1.38","10.81","4.81","4.37","0.1","16609"
"Jaime Barria","Angels","2","2","0","1","4.87","3","18","34.0","35","18","7","30","9","1.30","8.07","2.51","5.07","0.1","18356"
"Genesis Cabrera","Cardinals","1","2","0","1","4.25","2","22","29.0","27","14","4","31","13","1.34","9.45","3.90","4.50","0.1","17490"
"Yusmeiro Petit","Athletics","3","3","0","17","4.72","0","72","72.0","75","38","14","63","18","1.29","7.92","2.31","4.76","0.1","4020"
"Glenn Sparkman","Royals","3","6","0","0","5.66","13","13","75.0","89","47","15","46","23","1.49","5.48","2.81","5.61","0.1","15200"
"Adam Kolarek","Dodgers","1","1","0","3","3.54","0","25","25.0","25","10","2","21","8","1.30","7.69","2.83","3.83","0.1","10843"
"Wilmer Font","Blue Jays","2","2","0","6","4.20","0","40","40.0","36","19","7","46","13","1.22","10.25","2.85","4.20","0.1","5257"
"Taylor Clarke","Diamondbacks","1","1","0","1","4.77","2","17","24.0","25","13","4","22","8","1.35","8.11","3.09","4.84","0.1","17611"
"Darwinzon Hernandez","Red Sox","3","2","1","12","4.04","0","50","50.0","39","22","6","64","33","1.43","11.43","5.86","4.40","0.1","19848"
"Adam Conley","Marlins","2","3","0","13","4.25","0","55","55.0","53","26","8","52","21","1.34","8.51","3.45","4.45","0.1","14457"
"Zac Lowther","Orioles","1","2","0","0","5.62","5","5","28.0","29","17","6","23","14","1.55","7.32","4.48","5.91","0.1","sa915645"
"Cody Reed","Reds","2","2","0","5","3.86","0","35","35.0","32","15","4","38","14","1.31","9.86","3.62","3.96","0.1","15232"
"Ronald Bolanos","Padres","1","1","0","0","4.93","3","3","18.0","18","10","3","16","9","1.51","7.86","4.60","5.10","0.1","20041"
"Ervin Santana","","2","3","0","0","5.62","8","8","46.0","53","29","10","31","16","1.48","6.06","3.06","5.71","0.1","3200"
"Justin Anderson","Angels","2","2","0","9","4.25","0","45","45.0","40","21","6","48","24","1.42","9.57","4.83","4.59","0.1","16201"
"Jose De Leon","Reds","2","2","0","3","4.25","0","35","35.0","30","17","5","43","17","1.34","10.94","4.28","4.33","0.1","15463"
"Ljay Newsome","Mariners","2","3","0","0","5.27","6","6","37.0","40","22","9","29","8","1.29","7.01","1.87","5.51","0.1","sa875837"
"Carl Edwards Jr.","Mariners","2","2","0","7","4.51","0","40","40.0","36","20","6","44","20","1.40","9.79","4.59","4.68","0.1","13607"
"Kyle Hart","Red Sox","4","4","0","0","5.44","11","11","65.0","71","39","12","47","26","1.50","6.57","3.65","5.60","0.1","sa918414"
"T.J. Zeuch","Blue Jays","1","1","0","0","5.39","3","3","18.0","21","11","3","11","7","1.54","5.61","3.41","5.36","0.1","19269"
"Cristian Javier","Astros","2","2","0","0","5.30","5","5","28.0","25","16","6","30","16","1.48","9.85","5.10","5.50","0.1","sa874816"
"Michael King","Yankees","1","1","0","1","4.90","2","7","14.0","16","8","3","11","4","1.36","6.95","2.55","5.06","0.1","19853"
"Grant Dayton","Braves","2","2","0","5","4.05","0","35","35.0","32","16","5","39","12","1.25","10.08","3.18","4.16","0.1","11203"
"Nick Goody","Rangers","2","2","0","8","4.95","0","40","40.0","37","22","8","44","19","1.41","9.79","4.32","5.04","0.1","13685"
"Shelby Miller","Brewers","1","1","0","0","5.38","3","3","19.0","20","11","3","16","9","1.54","7.57","4.29","5.35","0.1","10197"
"Shawn Armstrong","Orioles","2","2","0","7","4.93","0","40","40.0","38","22","7","40","18","1.41","8.97","4.13","5.10","0.1","12857"
"Kevin McCarthy","Royals","3","3","0","13","4.50","0","55","55.0","61","27","6","35","20","1.46","5.76","3.24","4.63","0.1","15240"
"Brandon Morrow","","1","1","0","1","3.75","0","20","20.0","18","8","2","22","7","1.25","9.79","3.09","3.78","0.1","9346"
"Trey Wingenter","Padres","1","1","0","1","3.80","0","25","25.0","20","11","3","32","12","1.31","11.37","4.44","3.89","0.1","17793"
"Jordan Hicks","Cardinals","1","1","6","1","3.47","0","20","20.0","17","8","2","23","10","1.32","10.41","4.35","3.63","0.1","19618"
"Joely Rodriguez","Rangers","2","2","0","10","4.75","0","45","45.0","46","24","6","38","23","1.53","7.60","4.51","4.93","0.1","11487"
"Bruce Zimmermann","Orioles","1","1","0","0","5.69","3","3","18.0","20","12","4","13","8","1.57","6.52","4.14","5.90","0.1","sa3004810"
"Wei-Yin Chen","","2","3","0","1","5.22","5","15","38.0","41","22","8","31","12","1.40","7.29","2.91","5.36","0.1","13071"
"Dillon Peters","Angels","1","1","0","1","4.68","2","7","14.0","15","7","2","11","5","1.39","7.09","3.00","4.97","0.1","18790"
"Fernando Romero","Twins","2","2","0","6","4.37","0","40","40.0","39","19","5","37","17","1.39","8.43","3.75","4.49","0.1","15885"
"Luis Cessa","Yankees","2","2","0","8","4.63","0","40","40.0","40","21","7","38","14","1.36","8.46","3.15","4.75","0.1","13345"
"David Hess","Orioles","1","1","0","1","5.44","2","12","19.0","20","12","4","17","7","1.42","7.97","3.25","5.58","0.1","16130"
"Dylan Floro","Dodgers","2","2","0","5","3.95","0","35","35.0","35","15","4","31","11","1.31","7.89","2.91","4.12","0.1","13394"
"Robert Stock","Phillies","1","1","0","1","3.86","0","25","25.0","22","11","3","29","11","1.33","10.41","4.11","4.02","0.1","6576"
"Robert Gsellman","Mets","2","2","0","6","4.16","0","40","40.0","39","18","5","38","14","1.33","8.56","3.15","4.20","0.1","13696"
"Cody Stashak","Twins","2","2","0","3","4.68","0","35","35.0","34","18","7","34","10","1.26","8.82","2.55","4.80","0.1","18088"
"Anthony Misiewicz","Mariners","0","1","0","0","4.92","2","2","9.0","10","5","2","7","3","1.39","7.07","2.99","5.14","0.1","sa874099"
"Ben Heller","Yankees","2","1","0","3","4.57","0","30","30.0","28","15","5","32","13","1.38","9.61","4.02","4.72","0.0","15100"
"Foster Griffin","Royals","1","1","0","0","5.36","3","3","18.0","20","11","3","13","8","1.52","6.18","3.90","5.54","0.0","sa828674"
"Tyler Webb","Cardinals","2","2","0","11","4.34","0","50","50.0","48","24","7","46","21","1.38","8.34","3.71","4.59","0.0","14974"
"Yoshihisa Hirano","Mariners","3","3","21","6","4.62","0","60","60.0","60","31","10","55","23","1.39","8.23","3.50","4.75","0.0","19756"
"Eric Skoglund","Royals","1","2","0","1","5.55","3","8","24.0","27","15","5","14","8","1.49","5.31","3.06","5.69","0.0","16155"
"Trevor Cahill","","1","1","0","0","4.21","0","30","30.0","29","14","4","29","10","1.33","8.80","3.14","4.16","0.0","6249"
"Luis Garcia","","2","2","0","5","4.55","0","35","35.0","34","18","5","33","16","1.45","8.55","4.16","4.58","0.0","6984"
"Dany Jimenez","Giants","1","1","0","3","3.97","0","30","30.0","27","13","4","32","13","1.33","9.57","3.99","4.11","0.0","sa885967"
"Nate Jones","","1","1","0","1","4.20","0","30","30.0","28","14","4","33","12","1.32","9.79","3.57","4.25","0.0","4696"
"Dillon Maples","Cubs","1","1","0","1","3.52","0","15","15.0","11","6","1","21","11","1.44","12.35","6.46","3.88","0.0","14672"
"James Hoyt","Indians","2","1","0","1","4.28","0","30","30.0","28","14","4","31","12","1.33","9.36","3.55","4.35","0.0","14605"
"Blake Wood","","1","1","0","0","4.21","0","30","30.0","29","14","4","29","13","1.38","8.80","3.83","4.30","0.0","1345"
"Jon Duplantier","Diamondbacks","1","1","0","1","4.15","0","30","30.0","27","14","4","32","14","1.38","9.66","4.24","4.21","0.0","19546"
"Parker Dunshee","Athletics","1","1","0","0","5.37","3","3","18.0","19","11","4","15","7","1.42","7.22","3.37","5.51","0.0","sa873274"
"Sterling Sharp","Marlins","1","1","0","1","3.96","0","25","25.0","25","11","3","20","8","1.35","7.33","3.00","4.07","0.0","sa738458"
"Ryne Harper","Nationals","1","1","0","1","4.12","0","15","15.0","15","7","2","14","5","1.29","8.60","2.87","4.17","0.0","12680"
"Caleb Ferguson","Dodgers","1","1","0","1","3.51","0","15","15.0","12","6","2","19","6","1.22","11.27","3.76","3.75","0.0","19349"
"Dovydas Neverauskas","Pirates","1","2","0","3","4.33","0","30","30.0","28","14","4","33","14","1.40","9.75","4.17","4.29","0.0","11604"
"Deolis Guerra","Phillies","1","1","0","1","3.97","0","20","20.0","18","9","3","22","6","1.22","10.08","2.84","4.08","0.0","8410"
"Adam Plutko","Indians","2","3","0","3","5.20","3","33","49.0","52","28","11","42","13","1.32","7.71","2.37","5.38","0.0","15846"
"Ryan Brasier","Red Sox","1","1","0","1","4.31","0","25","25.0","24","12","4","26","8","1.28","9.33","3.05","4.33","0.0","5615"
"Julian Merryweather","Blue Jays","1","1","0","1","4.32","0","25","25.0","24","12","4","25","8","1.28","9.06","2.83","4.32","0.0","sa829363"
"Luis Perdomo","Padres","1","1","0","1","3.94","0","20","20.0","20","9","2","18","6","1.31","8.02","2.68","3.95","0.0","14682"
"Austin Adams","Mariners","1","0","0","1","3.30","0","10","10.0","7","4","1","14","5","1.21","12.45","4.28","3.45","0.0","13801"
"Trey Supak","Brewers","1","1","0","0","5.51","3","3","18.0","20","11","4","14","7","1.46","6.85","3.19","5.59","0.0","sa828707"
"Jefry Rodriguez","Indians","1","2","0","1","5.28","3","8","24.0","25","14","4","19","12","1.54","7.04","4.38","5.43","0.0","17018"
"Scott Alexander","Dodgers","1","1","0","1","3.40","0","15","15.0","14","6","1","13","6","1.35","7.95","3.54","3.75","0.0","10591"
"Adam Cimber","Indians","3","3","0","15","4.54","0","60","60.0","64","30","8","44","19","1.39","6.67","2.90","4.69","0.0","15288"
"Geoff Hartlieb","Pirates","1","1","0","1","4.01","0","20","20.0","19","9","2","20","9","1.39","9.03","3.86","3.98","0.0","19558"
"Lewis Thorpe","Twins","1","0","0","1","3.87","0","10","10.0","9","4","2","11","3","1.20","10.11","2.78","4.00","0.0","15906"
"Sam Tuivailala","Mariners","3","3","7","11","4.63","0","60","60.0","60","31","10","55","23","1.38","8.22","3.44","4.75","0.0","13485"
"Anthony Banda","Rays","1","1","0","1","4.07","0","20","20.0","18","9","3","20","8","1.30","9.19","3.44","4.31","0.0","14706"
"Jordan Romano","Blue Jays","2","2","0","4","4.74","0","40","40.0","38","21","7","40","15","1.33","8.97","3.39","4.87","0.0","16122"
"Alex Faedo","Tigers","1","1","0","0","5.66","3","3","18.0","20","12","4","15","6","1.41","7.40","3.00","5.77","0.0","sa829855"
"Bryan Shaw","Rockies","2","2","0","8","4.98","0","40","40.0","43","22","6","34","17","1.50","7.63","3.81","4.85","0.0","8110"
"Jonathan Holder","Yankees","2","2","0","5","4.67","0","35","35.0","34","18","7","34","12","1.31","8.86","2.99","4.82","0.0","16588"
"Kyle Finnegan","Nationals","1","1","0","1","4.06","0","15","15.0","14","7","2","16","7","1.37","9.39","4.04","4.18","0.0","sa708446"
"Edgar Santana","Pirates","1","1","0","1","4.35","0","25","25.0","26","12","3","23","8","1.34","8.34","2.86","4.22","0.0","17355"
"Bobby Wahl","Brewers","1","1","0","1","4.07","0","15","15.0","13","7","2","19","7","1.31","11.18","4.16","4.12","0.0","14832"
"Chad Sobotka","Braves","1","1","0","1","4.07","0","25","25.0","22","11","3","29","12","1.36","10.60","4.40","4.12","0.0","17470"
"Alex Vesia","Marlins","1","1","0","1","4.00","0","25","25.0","22","11","3","27","11","1.32","9.67","3.80","4.19","0.0","sa3008070"
"Luke Gregerson","","1","1","0","0","4.53","0","25","25.0","26","13","3","20","9","1.40","7.26","3.17","4.57","0.0","4090"
"Hunter Strickland","Nationals","2","2","0","5","4.68","0","35","35.0","35","18","6","32","14","1.40","8.35","3.67","4.78","0.0","7836"
"Joe Biagini","Astros","2","1","0","3","4.53","0","30","30.0","31","15","4","26","11","1.39","7.85","3.24","4.56","0.0","13194"
"Taylor Cole","Angels","1","1","0","1","4.04","0","25","25.0","24","11","3","25","10","1.34","8.88","3.51","4.25","0.0","11964"
"Luiz Gohara","Angels","1","0","0","1","3.63","0","10","10.0","8","4","1","12","3","1.19","10.59","3.07","3.85","0.0","15166"
"Aaron Barrett","Nationals","1","1","0","3","4.74","0","25","25.0","25","13","4","22","11","1.46","7.87","4.04","4.87","0.0","11243"
"A.J. Minter","Braves","1","1","0","1","3.85","0","15","15.0","13","6","2","18","6","1.29","10.54","3.76","3.93","0.0","18655"
"Touki Toussaint","Braves","1","1","0","1","4.09","0","20","20.0","18","9","3","23","9","1.35","10.15","4.09","4.20","0.0","16929"
"Jonny Venters","","1","1","0","0","4.23","0","30","30.0","29","14","3","28","16","1.51","8.36","4.89","4.52","0.0","7175"
"Mike Mayers","Angels","2","2","0","6","4.49","0","40","40.0","39","20","7","37","14","1.33","8.43","3.16","4.70","0.0","15451"
"Ryan Weber","Red Sox","1","1","0","1","4.45","0","20","20.0","22","10","3","15","5","1.34","6.74","2.12","4.40","0.0","10160"
"Kyle Keller","Angels","1","1","0","1","4.28","0","20","20.0","18","10","3","22","9","1.33","9.79","3.91","4.53","0.0","18890"
"Ian Hamilton","White Sox","1","1","0","1","4.32","0","20","20.0","19","10","3","20","8","1.33","9.10","3.38","4.44","0.0","19261"
"Hunter Wood","Indians","2","2","0","5","4.44","0","35","35.0","33","17","6","35","12","1.30","8.93","3.11","4.60","0.0","15091"
"Jacob Webb","Braves","1","1","0","3","4.55","0","30","30.0","28","15","4","31","14","1.43","9.28","4.33","4.64","0.0","19274"
"Colten Brewer","Red Sox","2","2","0","6","4.40","0","40","40.0","40","20","5","37","18","1.45","8.40","4.15","4.44","0.0","12997"
"Arodys Vizcaino","","1","1","0","0","4.51","0","30","30.0","28","15","5","32","13","1.37","9.61","3.97","4.58","0.0","5498"
"Ryan Castellani","Rockies","1","1","0","0","6.13","3","3","18.0","21","13","4","15","10","1.65","7.11","4.71","5.99","0.0","sa828689"
"Edwin Jackson","Diamondbacks","0","1","0","0","5.48","2","2","9.0","10","6","2","8","4","1.52","7.42","3.96","5.43","0.0","1841"
"Matt Bowman","Reds","1","1","0","1","4.36","0","15","15.0","15","7","2","14","6","1.42","8.40","3.78","4.41","0.0","13528"
"Matt Wisler","Twins","1","1","0","1","4.63","0","25","25.0","25","13","5","23","7","1.28","8.34","2.40","4.65","0.0","12804"
"David Bednar","Padres","1","1","0","1","3.98","0","15","15.0","13","7","2","17","7","1.32","10.02","3.94","4.12","0.0","19569"
"Casey Sadler","Cubs","1","0","0","1","4.13","0","10","10.0","10","5","1","9","3","1.29","8.49","2.79","4.17","0.0","11209"
"Ben Bowden","Rockies","1","1","0","1","4.65","0","20","20.0","19","10","3","23","10","1.44","10.20","4.59","4.71","0.0","sa873701"
"Yoan Lopez","Diamondbacks","2","2","0","6","4.50","0","40","40.0","39","20","6","39","16","1.37","8.73","3.61","4.51","0.0","17181"
"Felix Pena","Angels","1","1","0","1","4.14","0","15","15.0","14","7","2","15","5","1.26","9.29","2.87","4.25","0.0","13403"
"Derek Holland","Pirates","1","1","0","1","4.20","0","15","15.0","15","7","2","16","5","1.33","9.58","3.26","4.19","0.0","4141"
"Evan Phillips","Orioles","1","1","0","1","4.70","0","25","25.0","23","13","4","26","13","1.46","9.33","4.79","4.92","0.0","17734"
"Tony Cingrani","","1","1","0","0","4.24","0","25","25.0","23","12","4","26","11","1.36","9.29","3.90","4.51","0.0","12555"
"J.B. Wendelken","Athletics","2","2","0","5","4.36","0","35","35.0","33","17","5","35","14","1.35","9.10","3.72","4.47","0.0","14506"
"Jonathan Hernandez","Rangers","1","1","0","1","4.63","0","20","20.0","20","10","3","20","10","1.46","8.79","4.29","4.68","0.0","17464"
"Jalen Beeks","Rays","1","1","0","1","3.95","0","15","15.0","14","7","2","15","6","1.30","8.93","3.34","4.23","0.0","17192"
"Adrian Morejon","Padres","0","0","0","1","3.56","0","5","5.0","4","2","1","6","2","1.25","10.54","3.70","3.78","0.0","20039"
"Paul Blackburn","Athletics","1","1","0","3","4.45","0","30","30.0","33","15","4","21","8","1.35","6.41","2.38","4.53","0.0","14739"
"Blake Parker","Phillies","1","1","0","1","4.40","0","15","15.0","14","7","3","16","5","1.30","9.64","3.26","4.49","0.0","5224"
"Dan Winkler","Cubs","1","1","0","2","4.73","0","25","25.0","24","13","4","25","12","1.45","8.92","4.41","4.86","0.0","12237"
"Bud Norris","","0","0","0","1","4.16","0","10","10.0","9","5","2","11","4","1.31","10.08","3.59","4.27","0.0","9492"
"Taylor Guilbeau","Mariners","2","2","0","3","4.24","0","35","35.0","35","16","5","31","14","1.40","7.94","3.64","4.52","0.0","18306"
"Reyes Moronta","Giants","0","0","0","1","3.77","0","10","10.0","8","4","1","12","5","1.31","10.93","4.57","3.90","0.0","14966"
"Francisco Liriano","","0","0","0","1","4.15","0","10","10.0","9","5","1","11","4","1.36","9.63","4.01","4.38","0.0","3201"
"Duane Underwood Jr.","Cubs","1","1","0","1","4.27","0","15","15.0","14","7","2","15","6","1.33","9.12","3.55","4.34","0.0","14677"
"Richard Lovelady","Royals","0","0","0","1","4.10","0","10","10.0","10","5","1","9","4","1.36","8.32","3.59","4.30","0.0","19337"
"Fernando Abad","","1","0","0","1","4.12","0","10","10.0","10","5","1","10","3","1.31","8.70","3.08","4.27","0.0","4994"
"Derek Law","Rangers","1","1","0","1","4.67","0","20","20.0","20","10","3","19","10","1.46","8.61","4.29","4.77","0.0","13133"
"Gerardo Reyes","Padres","0","0","0","1","4.03","0","10","10.0","8","4","1","12","5","1.33","10.61","4.37","4.18","0.0","16306"
"Jimmy Cordero","White Sox","2","2","0","5","4.40","0","35","35.0","34","17","5","33","17","1.44","8.56","4.36","4.60","0.0","15690"
"Joel Kuhnel","Reds","1","1","0","1","4.61","0","25","25.0","25","13","4","23","10","1.40","8.42","3.59","4.67","0.0","19995"
"Juan Nicasio","","1","1","0","1","4.74","0","15","15.0","15","8","2","14","6","1.40","8.12","3.35","4.74","0.0","7731"
"Marco Estrada","","4","7","0","0","5.81","16","16","89.0","98","58","21","67","34","1.48","6.73","3.43","5.96","0.0","1118"
"Daniel Zamora","Mets","1","1","0","1","4.14","0","20","20.0","19","9","3","21","8","1.35","9.29","3.79","4.31","0.0","17811"
"Steve Cishek","White Sox","3","3","2","14","4.72","0","65","65.0","65","34","10","62","27","1.42","8.62","3.77","4.82","0.0","6483"
"Aaron Loup","","1","0","0","1","3.88","0","10","10.0","9","4","1","10","4","1.33","9.09","3.61","4.13","0.0","10343"
"Andrew Suarez","Giants","0","0","0","1","3.89","0","10","10.0","10","4","1","9","3","1.28","7.84","2.60","4.05","0.0","18300"
"Zach Duke","","2","2","0","0","4.36","0","35","35.0","35","17","4","30","16","1.46","7.73","4.18","4.60","0.0","3840"
"Sam Selman","Giants","0","0","0","1","3.60","0","5","5.0","4","2","1","6","2","1.29","11.20","4.49","3.86","0.0","13397"
"Pierce Johnson","Padres","2","2","0","6","4.38","0","40","40.0","37","19","6","41","19","1.39","9.29","4.17","4.53","0.0","13435"
"Trevor Megill","Cubs","0","0","0","1","3.99","0","5","5.0","4","2","1","6","2","1.30","10.06","3.72","4.07","0.0","sa828803"
"J.P. Feyereisen","Brewers","1","1","0","1","4.40","0","20","20.0","17","10","3","23","10","1.39","10.50","4.72","4.59","0.0","sa829227"
"Cionel Perez","Astros","1","0","0","1","4.09","0","10","10.0","9","5","1","10","4","1.34","9.42","3.72","4.29","0.0","19614"
"Daulton Jefferies","Athletics","0","0","0","1","4.01","0","5","5.0","5","2","1","5","1","1.21","9.13","2.55","4.08","0.0","sa738964"
"Edinson Volquez","Rangers","0","1","0","1","4.72","0","10","10.0","10","5","1","9","4","1.45","8.20","3.84","4.65","0.0","3990"
"Sean Reid-Foley","Blue Jays","1","1","0","1","4.50","0","30","30.0","27","15","5","33","14","1.39","9.92","4.35","4.59","0.0","17034"
"Tyler Rogers","Giants","3","3","0","14","4.12","0","60","60.0","60","27","6","48","25","1.43","7.20","3.77","4.30","0.0","15541"
"Sam Delaplane","Mariners","0","0","0","1","3.94","0","5","5.0","4","2","1","6","2","1.30","10.55","3.96","4.10","0.0","sa3004222"
"Cody Ponce","Pirates","0","1","0","1","4.38","0","10","10.0","10","5","1","9","3","1.35","8.31","2.97","4.31","0.0","sa856266"
"Zac Grotz","Mariners","0","0","0","1","3.90","0","5","5.0","5","2","1","5","2","1.27","8.56","2.71","4.00","0.0","18256"
"Anthony Swarzak","Phillies","1","1","0","1","4.55","0","20","20.0","19","10","3","21","8","1.38","9.35","3.79","4.74","0.0","7466"
"Wyatt Mills","Mariners","0","1","0","1","4.24","0","10","10.0","10","5","1","10","4","1.36","8.75","3.63","4.39","0.0","sa918372"
"Eric Yardley","Brewers","0","0","0","1","4.38","0","10","10.0","11","5","1","7","3","1.42","6.57","3.03","4.45","0.0","15538"
"Michel Baez","Padres","0","0","0","1","4.20","0","7","7.0","6","3","1","8","3","1.32","9.76","3.80","4.36","0.0","20100"
"Cole Sulser","Orioles","0","0","0","1","4.46","0","5","5.0","5","2","1","5","2","1.34","9.87","3.84","4.62","0.0","15256"
"James Bourque","Nationals","0","0","0","1","4.26","0","10","10.0","9","5","1","10","5","1.44","9.42","4.73","4.45","0.0","16668"
"Yency Almonte","Rockies","2","2","0","3","5.29","0","35","35.0","36","21","6","32","17","1.53","8.35","4.39","5.20","0.0","15068"
"Grant Holmes","Athletics","1","0","0","1","4.29","0","10","10.0","9","5","1","10","4","1.34","8.64","3.55","4.43","0.0","sa828669"
"Jeffrey Springs","Rangers","1","0","0","1","4.31","0","10","10.0","9","5","2","11","4","1.33","9.74","3.84","4.46","0.0","17677"
"Joel Payamps","Diamondbacks","0","0","0","1","4.32","0","10","10.0","10","5","2","9","3","1.27","8.34","2.54","4.32","0.0","14332"
"Kent Emanuel","Astros","0","0","0","1","4.06","0","5","5.0","5","2","1","4","1","1.30","7.93","2.64","4.25","0.0","sa549399"
"Jake Faria","Brewers","0","0","0","1","4.35","0","5","5.0","5","2","1","6","2","1.34","9.97","3.79","4.44","0.0","13699"
"Trevor Rosenthal","","1","1","0","1","4.31","0","15","15.0","13","7","2","17","9","1.47","10.00","5.51","4.55","0.0","10745"
"Jimmie Sherfy","Diamondbacks","0","0","0","1","4.32","0","5","5.0","4","2","1","6","2","1.33","10.17","3.86","4.35","0.0","15118"
"Jeremy Walker","Braves","0","0","0","1","4.33","0","10","10.0","11","5","1","8","3","1.35","7.24","2.66","4.36","0.0","19981"
"Paul Sewald","Mets","1","1","0","1","4.56","0","15","15.0","14","8","3","15","5","1.31","8.96","3.09","4.66","0.0","13892"
"Sal Romano","Reds","0","0","0","1","4.30","0","5","5.0","5","2","1","5","2","1.32","8.85","3.07","4.32","0.0","13690"
"Josh Sborz","Dodgers","0","0","0","1","4.01","0","5","5.0","5","2","1","5","2","1.28","9.66","3.36","4.18","0.0","18323"
"Matt Albers","","2","2","0","0","4.65","0","35","35.0","36","18","5","32","14","1.42","8.18","3.63","4.68","0.0","4300"
"David Hernandez","","0","0","0","1","4.49","0","5","5.0","5","2","1","5","2","1.35","9.13","3.58","4.58","0.0","4259"
"Yohander Mendez","Rangers","0","1","0","1","4.81","0","10","10.0","10","5","2","9","4","1.42","8.48","3.98","5.05","0.0","14391"
"Dereck Rodriguez","Giants","1","1","0","1","4.19","0","20","20.0","20","9","3","18","6","1.28","7.91","2.50","4.24","0.0","14509"
"Phil Maton","Indians","1","1","0","1","4.47","0","25","25.0","24","12","4","25","10","1.34","8.86","3.46","4.63","0.0","18064"
"Tommy Hunter","","0","0","0","1","4.21","0","5","5.0","5","2","1","5","2","1.29","8.46","2.75","4.32","0.0","1157"
"Josh D. Smith","Reds","0","0","0","1","4.40","0","5","5.0","4","2","1","6","2","1.40","9.94","4.48","4.67","0.0","13629"
"Parker Markel","Angels","0","0","0","1","4.13","0","5","5.0","4","2","1","6","3","1.36","10.84","4.56","4.32","0.0","12106"
"Corey Oswalt","Mets","0","0","0","1","4.13","0","5","5.0","5","2","1","5","1","1.25","8.82","2.50","4.16","0.0","13677"
"Taylor Williams","Brewers","1","1","0","1","4.49","0","15","15.0","15","7","2","15","7","1.41","8.96","3.98","4.54","0.0","14899"
"Penn Murfee","Mariners","0","0","0","1","4.26","0","5","5.0","5","2","1","5","2","1.33","8.75","3.25","4.38","0.0","sa3006775"
"Dillon Tate","Orioles","1","1","0","1","4.82","0","25","25.0","27","13","4","19","9","1.42","6.93","3.21","4.98","0.0","17796"
"Luke Bard","Angels","1","1","0","1","4.53","0","25","25.0","24","13","4","25","9","1.31","9.09","3.21","4.68","0.0","14288"
"Alexander Guillen","Rockies","0","0","0","1","4.95","0","10","10.0","10","5","2","10","5","1.47","9.05","4.25","4.87","0.0","sa737454"
"Jharel Cotton","Cubs","0","0","0","1","4.37","0","5","5.0","5","2","1","5","2","1.30","9.16","3.23","4.48","0.0","13654"
"Austen Williams","Nationals","0","0","0","1","4.42","0","5","5.0","5","2","1","5","2","1.36","8.58","3.38","4.48","0.0","16309"
"Zack Godley","Tigers","0","1","0","1","4.72","0","10","10.0","10","5","2","9","4","1.42","7.82","3.44","4.75","0.0","14862"
"Joey Wentz","Tigers","1","2","0","0","5.74","5","5","28.0","30","18","6","22","13","1.55","7.18","4.36","5.94","0.0","sa917946"
"Zack Brown","Brewers","0","0","0","1","4.45","0","5","5.0","5","2","1","5","2","1.42","8.17","3.71","4.54","0.0","sa738901"
"Tony Sipp","","1","1","0","0","4.59","0","25","25.0","24","13","4","24","10","1.40","8.68","3.78","4.78","0.0","8280"
"Cody Allen","","1","2","0","3","5.23","0","30","30.0","30","17","6","31","15","1.48","9.15","4.46","5.25","0.0","12183"
"Tyler Olson","","0","0","0","1","4.23","0","5","5.0","5","2","1","5","2","1.39","8.93","4.05","4.47","0.0","14741"
"Francis Martes","Astros","0","0","0","1","4.33","0","5","5.0","4","2","1","6","3","1.40","10.52","4.82","4.51","0.0","17303"
"Cy Sneed","Astros","1","0","0","1","4.54","0","10","10.0","10","5","2","9","3","1.33","8.34","3.06","4.70","0.0","16106"
"Jerad Eickhoff","","0","0","0","1","4.33","0","5","5.0","5","2","1","5","1","1.26","8.48","2.51","4.44","0.0","12664"
"Enderson Franco","Giants","0","0","0","1","4.23","0","5","5.0","5","2","1","5","2","1.27","8.42","2.82","4.36","0.0","11896"
"James Pazos","Rockies","2","2","0","6","4.85","0","40","40.0","41","22","6","36","19","1.49","8.04","4.25","4.90","0.0","13323"
"Blaine Hardy","Twins","0","0","0","1","4.57","0","5","5.0","5","3","1","4","2","1.35","7.51","2.76","4.72","0.0","6499"
"Austin Davis","Phillies","0","0","0","1","4.27","0","5","5.0","4","2","1","6","2","1.34","10.11","4.06","4.54","0.0","17117"
"Seth Elledge","Cardinals","0","0","0","1","4.36","0","10","10.0","9","5","1","10","5","1.40","9.19","4.34","4.54","0.0","sa3004011"
"Jason Adam","","0","0","0","1","4.65","0","5","5.0","4","3","1","5","2","1.37","9.87","4.27","4.83","0.0","11861"
"Garrett Cleavinger","Phillies","0","0","0","1","4.28","0","5","5.0","4","2","1","6","3","1.47","10.35","5.44","4.68","0.0","sa827423"
"Nick Vincent","","0","0","0","1","4.14","0","5","5.0","5","2","1","5","1","1.25","8.37","2.54","4.24","0.0","7555"
"Jose Quijada","Angels","0","0","0","1","4.12","0","5","5.0","4","2","1","6","3","1.39","10.29","4.94","4.46","0.0","19200"
"Nick Ramirez","Tigers","1","1","0","1","4.75","0","15","15.0","15","8","2","13","7","1.46","7.87","3.92","4.88","0.0","12575"
"Kyle Barraclough","","0","0","0","1","4.27","0","5","5.0","4","2","1","5","3","1.42","9.76","4.72","4.46","0.0","13713"
"Nolan Blackwood","Tigers","0","0","0","1","4.69","0","5","5.0","5","3","1","4","2","1.52","6.89","4.17","4.82","0.0","sa874212"
"Branden Kline","","0","0","0","1","5.03","0","5","5.0","5","3","1","5","2","1.47","8.13","4.23","5.22","0.0","14101"
"A.J. Cole","Blue Jays","0","0","0","1","4.77","0","5","5.0","5","3","1","5","2","1.34","9.32","3.28","4.77","0.0","11467"
"Phillip Diehl","Rockies","1","1","0","1","4.90","0","25","25.0","25","14","4","24","11","1.44","8.81","3.87","4.91","0.0","20030"
"Nestor Cortes","Mariners","1","1","0","1","4.44","0","15","15.0","14","7","3","15","5","1.31","9.02","3.25","4.73","0.0","17874"
"Tyler Lyons","Yankees","0","0","0","1","4.80","0","5","5.0","5","3","1","5","2","1.36","9.25","3.62","5.07","0.0","11334"
"Ryan Burr","","0","0","0","1","4.50","0","5","5.0","5","3","1","5","2","1.43","9.32","4.39","4.66","0.0","17536"
"Drew Smith","Mets","0","0","0","1","4.49","0","10","10.0","10","5","2","10","4","1.36","8.67","3.46","4.58","0.0","17755"
"Burch Smith","Giants","0","1","0","1","4.18","0","10","10.0","9","5","1","11","4","1.35","9.48","3.98","4.32","0.0","12784"
"Javy Guerra","","0","0","0","1","4.80","0","5","5.0","5","3","1","4","2","1.41","7.73","3.35","4.87","0.0","7407"
"James Shields","","1","2","0","0","5.75","5","5","28.0","32","18","6","22","11","1.51","7.05","3.45","5.78","0.0","7059"
"Demarcus Evans","Rangers","1","1","0","1","4.88","0","20","20.0","17","11","3","24","14","1.58","10.67","6.39","5.04","0.0","sa875783"
"Brusdar Graterol","Dodgers","1","1","0","1","4.42","0","20","20.0","19","10","3","19","8","1.37","8.65","3.61","4.42","0.0","20367"
"Bo Takahashi","Diamondbacks","0","0","0","1","4.64","0","5","5.0","5","3","1","5","2","1.33","8.80","3.13","4.63","0.0","sa830370"
"Zac Houston","Tigers","0","0","0","1","4.73","0","5","5.0","5","3","1","5","3","1.48","9.08","4.79","4.87","0.0","sa874155"
"Gabe Speier","Royals","0","0","0","1","4.72","0","5","5.0","5","3","1","4","2","1.46","7.90","4.22","4.96","0.0","17170"
"Trevor Hildenberger","","1","1","0","1","4.79","0","15","15.0","16","8","2","12","5","1.41","7.11","3.00","4.72","0.0","17002"
"Devin Williams","Brewers","0","0","0","1","4.61","0","10","10.0","9","5","1","11","5","1.46","9.71","4.76","4.70","0.0","15816"
"JoJo Romero","Phillies","0","0","0","0","0.00","0","0","0.0","0","0","0","0","0","0.00","0.00","0.00","3.21","0.0","sa917955"
"Sam Howard","Pirates","0","0","0","0","0.00","0","0","0.0","0","0","0","0","0","0.00","0.00","0.00","3.21","0.0","16265"
"Daniel Gossett","Athletics","0","0","0","0","0.00","0","0","0.0","0","0","0","0","0","0.00","0.00","0.00","3.21","0.0","16164"
"Steven Wright","","0","0","0","0","0.00","0","0","0.0","0","0","0","0","0","0.00","0.00","0.00","3.21","0.0","8185"
"Huascar Ynoa","Braves","0","0","0","0","0.00","0","0","0.0","0","0","0","0","0","0.00","0.00","0.00","3.21","0.0","20468"
"Matt Manning","Tigers","0","0","0","0","0.00","0","0","0.0","0","0","0","0","0","0.00","0.00","0.00","3.21","0.0","sa917924"
"Cory Abbott","Cubs","0","0","0","0","0.00","0","0","0.0","0","0","0","0","0","0.00","0.00","0.00","3.21","0.0","sa3005305"
"Ben Braymer","Nationals","0","0","0","0","0.00","0","0","0.0","0","0","0","0","0","0.00","0.00","0.00","3.21","0.0","sa918477"
"Wil Crowe","Nationals","0","0","0","0","0.00","0","0","0.0","0","0","0","0","0","0.00","0.00","0.00","3.21","0.0","sa738488"
"Jorge Guzman","Marlins","0","0","0","0","0.00","0","0","0.0","0","0","0","0","0","0.00","0.00","0.00","3.21","0.0","sa872759"
"Beau Burrows","Tigers","0","0","0","0","0.00","0","0","0.0","0","0","0","0","0","0.00","0.00","0.00","3.21","0.0","sa874682"
"Damon Jones","Phillies","0","0","0","0","0.00","0","0","0.0","0","0","0","0","0","0.00","0.00","0.00","3.21","0.0","sa3004862"
"Chris Mazza","Red Sox","0","0","0","0","0.00","0","0","0.0","0","0","0","0","0","0.00","0.00","0.00","3.21","0.0","14151"
"Tucker Davidson","Braves","0","0","0","0","0.00","0","0","0.0","0","0","0","0","0","0.00","0.00","0.00","3.21","0.0","sa918393"
"Jake Cronenworth","Padres","0","0","0","0","0.00","0","0","0.0","0","0","0","0","0","0.00","0.00","0.00","3.21","0.0","sa857694"
"Taylor Hearn","Rangers","0","0","0","0","0.00","0","0","0.0","0","0","0","0","0","0.00","0.00","0.00","3.21","0.0","18325"
"Joseph Palumbo","Rangers","0","0","0","0","0.00","0","0","0.0","0","0","0","0","0","0.00","0.00","0.00","3.21","0.0","17035"
"Casey Mize","Tigers","0","0","0","0","0.00","0","0","0.0","0","0","0","0","0","0.00","0.00","0.00","3.21","0.0","sa3008444"
"Stephen Gonsalves","Mets","0","0","0","0","0.00","0","0","0.0","0","0","0","0","0","0.00","0.00","0.00","3.21","0.0","15492"
"Ian Anderson","Braves","0","0","0","0","0.00","0","0","0.0","0","0","0","0","0","0.00","0.00","0.00","3.21","0.0","sa917921"
"Philip Pfeifer","Braves","0","0","0","0","0.00","0","0","0.0","0","0","0","0","0","0.00","0.00","0.00","3.21","0.0","sa602699"
"Patrick Murphy","Blue Jays","0","0","0","0","0.00","0","0","0.0","0","0","0","0","0","0.00","0.00","0.00","3.21","0.0","sa737629"
"Chris Rusin","","0","0","0","1","4.30","0","5","5.0","5","2","1","4","2","1.39","6.98","2.95","4.47","0.0","9895"
"Josh Staumont","Royals","1","1","0","1","4.50","0","15","15.0","13","8","2","17","9","1.47","10.39","5.50","4.68","0.0","18335"
"Patrick Weigel","Braves","0","0","0","1","4.47","0","5","5.0","5","2","1","5","2","1.36","9.33","3.76","4.58","0.0","sa829466"
"Tony Santillan","Reds","0","1","0","0","5.74","2","2","9.0","10","6","2","8","5","1.56","7.40","4.45","5.87","0.0","sa874781"
"James Kaprielian","Athletics","0","0","0","1","4.66","0","5","5.0","5","3","1","5","2","1.33","8.67","3.23","4.74","0.0","sa658943"
"Dean Deetz","Astros","0","0","0","1","4.55","0","5","5.0","4","3","1","6","3","1.48","10.45","5.48","4.76","0.0","16687"
"Dario Agrazal","Tigers","0","0","0","1","4.92","0","5","5.0","6","3","1","4","1","1.33","6.45","1.82","4.93","0.0","15821"
"Luke Farrell","Rangers","0","0","0","1","5.13","0","5","5.0","5","3","1","5","2","1.44","9.02","4.12","5.21","0.0","15101"
"Matthew Festa","","0","0","0","1","4.66","0","5","5.0","5","3","1","5","2","1.38","8.40","3.67","4.90","0.0","19330"
"Josh Osich","Red Sox","1","1","0","1","4.58","0","25","25.0","25","13","4","23","9","1.38","8.16","3.37","4.64","0.0","11528"
"Jacob Barnes","","0","0","0","1","4.49","0","10","10.0","10","5","1","9","4","1.42","8.08","3.75","4.66","0.0","12323"
"Dominic Leone","Indians","1","1","0","1","4.59","0","15","15.0","14","8","3","16","6","1.37","9.50","3.88","4.72","0.0","13763"
"Franklyn Kilome","Mets","0","0","0","1","4.56","0","5","5.0","5","3","1","5","2","1.41","8.74","4.03","4.70","0.0","sa830592"
"James Norwood","Cubs","0","0","0","1","4.58","0","10","10.0","9","5","1","11","6","1.45","9.97","5.04","4.71","0.0","16440"
"Scott Moss","Indians","0","0","0","1","4.55","0","5","5.0","5","3","1","5","2","1.38","9.40","4.07","4.86","0.0","sa738902"
"Michael Shawaryn","Red Sox","0","0","0","1","4.94","0","5","5.0","5","3","1","5","2","1.40","8.35","3.58","5.00","0.0","19495"
"Justin Shafer","Reds","0","0","0","1","4.90","0","5","5.0","5","3","1","5","2","1.47","8.83","4.42","5.02","0.0","16132"
"Tyler Zuber","Royals","0","0","0","1","4.78","0","5","5.0","5","3","1","5","2","1.41","8.22","3.88","4.91","0.0","sa915650"
"Luis Avilan","Yankees","0","0","0","1","4.76","0","5","5.0","5","3","1","5","2","1.45","8.43","4.03","5.02","0.0","2882"
"Angel Perdomo","Brewers","0","0","0","1","4.55","0","10","10.0","9","5","2","11","6","1.46","10.32","5.24","4.84","0.0","sa658084"
"Shawn Kelley","","2","2","0","0","4.81","0","35","35.0","35","19","7","34","11","1.31","8.69","2.74","4.89","0.0","7773"
"Kodi Whitley","Cardinals","0","0","0","1","4.64","0","5","5.0","5","3","1","5","2","1.41","8.28","3.84","4.79","0.0","sa3004708"
"Jeanmar Gomez","","1","1","0","0","4.63","0","20","20.0","21","10","3","16","7","1.42","7.26","3.25","4.69","0.0","9033"
"Tyler Thornburg","","0","1","0","1","5.05","0","10","10.0","10","6","2","11","5","1.44","9.68","4.41","5.12","0.0","10688"
"Jerry Blevins","","0","1","0","1","4.30","0","10","10.0","9","5","1","11","5","1.37","9.46","4.11","4.50","0.0","7841"
"Blake Taylor","Astros","0","0","0","1","4.62","0","5","5.0","5","3","1","5","3","1.51","8.37","4.89","4.96","0.0","sa737558"
"Justin Lawrence","Rockies","0","0","0","1","5.33","0","5","5.0","5","3","1","4","3","1.66","7.84","5.46","5.30","0.0","sa875567"
"Donnie Hart","Mets","0","0","0","1","4.67","0","5","5.0","5","3","1","3","2","1.47","6.20","3.47","4.88","0.0","15306"
"Eric Hanhold","","0","1","0","1","5.18","0","10","10.0","11","6","2","8","5","1.53","7.07","4.10","5.32","0.0","18332"
"Hector Santiago","","0","1","0","1","4.96","0","10","10.0","10","6","2","10","4","1.41","8.61","3.91","5.22","0.0","4026"
"Tyler Clippard","Twins","3","3","0","13","5.00","0","55","55.0","53","31","11","56","20","1.34","9.13","3.35","5.09","0.0","5640"
"Art Warren","Mariners","1","1","0","1","4.49","0","15","15.0","14","7","2","15","7","1.43","8.91","4.38","4.69","0.0","18251"
"John Schreiber","Tigers","1","2","0","3","4.76","0","30","30.0","30","16","5","29","12","1.39","8.61","3.58","4.85","0.0","20020"
"Jake Woodford","Cardinals","0","1","0","0","5.50","2","2","9.0","10","6","2","7","5","1.55","6.94","4.43","5.67","0.0","sa874753"
"Zach Thompson","White Sox","0","0","0","1","4.84","0","10","10.0","10","5","2","9","5","1.46","8.18","4.08","5.00","0.0","sa602893"
"Joe Barlow","Rangers","0","0","0","1","5.20","0","5","5.0","4","3","1","6","4","1.67","10.10","7.01","5.46","0.0","sa919113"
"Edgar Garcia","Phillies","0","0","0","1","4.69","0","10","10.0","9","5","2","11","5","1.39","10.09","4.31","4.89","0.0","19276"
"Jarlin Garcia","Giants","0","1","0","1","4.46","0","10","10.0","10","5","1","9","4","1.39","7.72","3.43","4.66","0.0","18282"
"Austin Brice","Red Sox","1","1","0","3","4.76","0","30","30.0","31","16","5","27","11","1.39","8.13","3.28","4.77","0.0","17237"
"Thomas Hatch","Blue Jays","0","1","0","1","4.92","0","10","10.0","10","5","2","9","4","1.37","8.29","3.29","5.01","0.0","sa738514"
"Junior Fernandez","Cardinals","1","1","0","3","4.35","0","30","30.0","28","15","4","30","16","1.44","9.04","4.66","4.57","0.0","18496"
"Thomas Pannone","Blue Jays","2","2","0","9","4.69","0","45","45.0","43","23","9","45","15","1.31","9.09","3.08","4.85","0.0","17281"
"Michael Rucker","Orioles","2","2","0","3","5.05","0","35","35.0","36","20","7","31","13","1.39","8.07","3.32","5.21","0.0","sa919117"
"Jorge Alcala","Twins","0","0","0","1","5.10","0","5","5.0","5","3","1","5","2","1.45","8.18","3.93","5.24","0.0","19459"
"Cody Carroll","Orioles","1","1","0","1","5.09","0","20","20.0","19","11","4","20","11","1.50","9.01","4.83","5.28","0.0","17664"
"Tayron Guerrero","White Sox","0","0","0","1","4.89","0","10","10.0","9","5","2","10","6","1.50","9.42","5.10","5.10","0.0","11691"
"Edubray Ramos","","0","0","0","1","4.82","0","10","10.0","10","5","2","9","4","1.38","8.03","3.41","5.03","0.0","16086"
"Xavier Cedeno","","1","1","0","0","4.53","0","25","25.0","26","13","3","21","12","1.50","7.65","4.28","4.75","0.0","36"
"Mike Morin","Brewers","0","1","0","1","5.04","0","10","10.0","11","6","2","8","3","1.40","7.04","2.78","5.16","0.0","13442"
"Yohan Ramirez","Mariners","1","1","0","1","4.52","0","20","20.0","17","10","3","22","13","1.51","10.08","5.75","4.84","0.0","sa922200"
"Alex Wilson","","1","1","0","1","4.98","0","25","25.0","28","14","4","19","8","1.45","6.75","3.04","5.00","0.0","9239"
"Jake Newberry","Royals","0","1","0","1","5.14","0","10","10.0","10","6","2","9","5","1.48","7.92","4.20","5.27","0.0","15136"
"Blake Cederlind","Pirates","0","1","0","1","5.02","0","10","10.0","10","6","1","9","5","1.56","8.04","4.79","5.00","0.0","sa875318"
"Chance Adams","Royals","0","1","0","1","4.96","0","10","10.0","10","6","2","9","5","1.44","8.03","4.05","5.15","0.0","18135"
"Victor Gonzalez","","0","0","0","0","5.65","0","5","5.0","5","3","1","5","3","1.57","8.89","4.73","5.44","0.0","sa880983"
"Wily Peralta","","1","2","0","0","4.91","0","30","30.0","32","16","5","26","14","1.51","7.67","4.08","4.98","0.0","7738"
"Wandy Peralta","Giants","2","2","0","6","4.11","0","40","40.0","39","18","4","35","17","1.41","7.76","3.85","4.36","0.0","14295"
"Caleb Frare","","0","0","0","1","4.88","0","10","10.0","9","5","2","11","6","1.55","10.03","5.83","5.21","0.0","14353"
"Stephen Nogosek","Mets","0","1","0","1","5.06","0","10","10.0","10","6","2","10","6","1.54","9.04","5.23","5.23","0.0","19545"
"Cory Gearrin","","2","2","0","0","4.77","0","35","35.0","36","19","5","31","15","1.44","7.91","3.81","4.80","0.0","7947"
"Yacksel Rios","Pirates","1","1","0","1","4.83","0","25","25.0","25","13","4","24","12","1.48","8.49","4.18","4.75","0.0","15007"
"Tyler Kinley","Rockies","1","2","0","1","5.26","0","30","30.0","30","18","5","30","17","1.57","9.09","5.24","5.24","0.0","18297"
"Alvaro Seijas","Cardinals","0","0","0","1","5.69","0","5","5.0","5","3","1","3","3","1.66","6.27","5.23","5.93","0.0","sa861440"
"Brett Cecil","Cardinals","1","1","0","1","4.68","0","25","25.0","26","13","4","20","10","1.43","7.23","3.68","4.87","0.0","2660"
"Brooks Kriske","Yankees","1","1","0","1","5.22","0","15","15.0","15","9","3","15","8","1.48","9.19","4.58","5.40","0.0","sa918091"
"Addison Reed","","1","2","0","0","4.96","0","30","30.0","32","17","6","25","9","1.36","7.53","2.70","4.98","0.0","10586"
"Jose Ruiz","White Sox","1","1","0","1","5.13","0","20","20.0","20","11","4","19","10","1.49","8.69","4.59","5.39","0.0","14552"
"Gerson Bautista","Mariners","1","1","0","1","4.68","0","25","25.0","23","13","4","27","13","1.44","9.73","4.80","4.89","0.0","19256"
"Jake McGee","Rockies","2","2","0","10","5.19","0","45","45.0","48","26","9","40","17","1.44","8.00","3.30","5.13","0.0","7550"
"Jesus Tinoco","Rockies","1","1","0","1","5.58","0","15","15.0","16","9","3","12","7","1.54","7.38","3.99","5.49","0.0","16300"
"Yennsy Diaz","Blue Jays","0","1","0","1","5.41","0","10","10.0","10","6","2","8","4","1.47","7.54","3.78","5.57","0.0","20218"
"Tyler Bashlor","Mets","1","1","0","1","4.97","0","15","15.0","14","8","3","15","8","1.46","9.21","4.59","5.10","0.0","15203"
"Jordan Holloway","Marlins","0","1","0","1","5.18","0","10","10.0","10","6","1","9","7","1.71","7.79","6.51","5.44","0.0","sa829245"
"AJ Ramos","","1","1","0","0","5.02","0","25","25.0","24","14","4","25","13","1.49","8.87","4.66","5.12","0.0","8350"
"Carson Fulmer","White Sox","1","1","0","2","5.09","0","25","25.0","24","14","4","26","14","1.51","9.23","4.89","5.26","0.0","18311"
"David McKay","Tigers","2","3","0","9","4.83","0","50","50.0","46","27","8","54","26","1.44","9.66","4.63","4.92","0.0","19814"
"Brad Boxberger","","1","2","0","0","4.93","0","30","30.0","29","16","5","30","16","1.49","8.98","4.71","5.06","0.0","10133"
"T.J. McFarland","Athletics","2","2","0","9","4.52","0","45","45.0","51","23","5","27","17","1.52","5.35","3.46","4.75","0.0","3237"
"Javier Guerra","Padres","0","0","0","0","5.65","0","15","15.0","16","9","3","15","8","1.57","8.89","4.73","5.44","0.0","17292"
"Randy Rosario","Royals","2","2","0","8","4.58","0","40","40.0","42","20","5","30","18","1.49","6.66","3.95","4.83","0.0","14508"
"Alec Hansen","White Sox","1","1","0","1","5.40","0","15","15.0","14","9","3","16","11","1.63","9.56","6.34","5.70","0.0","sa738344"
"Scott Blewett","Royals","1","1","0","0","5.97","3","3","18.0","21","12","4","12","8","1.58","5.68","4.09","6.07","0.0","sa828695"
"Jandel Gustave","Giants","3","3","2","15","4.30","0","65","65.0","63","31","8","60","28","1.40","8.24","3.89","4.41","0.0","14665"
"Brian Duensing","","1","1","0","0","5.04","0","20","20.0","21","11","3","15","9","1.52","6.72","3.98","5.25","-0.1","4064"
"Keynan Middleton","Angels","2","2","7","10","4.69","0","50","50.0","48","26","8","48","22","1.40","8.65","3.98","4.93","-0.1","15264"
"Greg Holland","","2","2","0","5","5.06","0","35","35.0","35","20","5","31","19","1.54","8.03","4.93","5.20","-0.1","7196"
"Stephen Woods Jr.","Royals","1","1","0","1","5.58","0","20","20.0","21","12","3","15","12","1.67","6.58","5.52","5.78","-0.1","sa737853"
"Rony Garcia","Tigers","2","2","0","5","5.33","0","40","40.0","42","24","8","34","15","1.42","7.56","3.30","5.44","-0.1","sa918036"
"Gregory Soto","Tigers","2","3","0","11","4.81","0","55","55.0","54","29","8","51","30","1.52","8.28","4.83","5.03","-0.1","19677"
"Danny Salazar","","5","7","0","0","5.54","13","43","105.0","118","65","20","74","45","1.55","6.35","3.83","5.66","-0.1","5867"
"Bryan Garcia","Tigers","3","3","0","13","4.95","0","60","60.0","60","33","10","56","29","1.47","8.47","4.32","5.03","-0.1","19457"
"Kyle Zimmer","Royals","2","3","0","11","4.89","0","50","50.0","48","27","8","47","27","1.49","8.39","4.88","5.08","-0.2","14169"
"Rafael Dolis","Blue Jays","0","0","0","0","5.65","0","60","60.0","63","38","11","59","32","1.57","8.89","4.73","5.44","-0.4","4185"
